[
  {
    "_id": "论坛实时访问统计",
    "_type": "dashboard",
    "_source": {
      "title": "论坛实时访问统计",
      "hits": 0,
      "description": "",
      "panelsJSON": "[{\"id\":\"新论坛实时PV统计（小时）\",\"type\":\"visualization\",\"size_x\":6,\"size_y\":4,\"col\":1,\"row\":1},{\"id\":\"新论坛实时PV统计（秒）\",\"type\":\"visualization\",\"size_x\":6,\"size_y\":4,\"col\":7,\"row\":5},{\"id\":\"新论坛实时访问IP量统计（小时）\",\"type\":\"visualization\",\"size_x\":6,\"size_y\":4,\"col\":1,\"row\":5},{\"id\":\"新论坛实时访问IP量统计（秒）\",\"type\":\"visualization\",\"size_x\":6,\"size_y\":4,\"col\":7,\"row\":1}]",
      "version": 1,
      "timeRestore": true,
      "timeTo": "now",
      "timeFrom": "now-2d",
      "kibanaSavedObjectMeta": {
        "searchSourceJSON": "{\"filter\":[{\"query\":{\"query_string\":{\"analyze_wildcard\":true,\"query\":\"*\"}}}]}"
      }
    }
  },
  {
    "_id": "default",
    "_type": "dashboard",
    "_source": {
      "title": "default",
      "hits": 0,
      "description": "",
      "panelsJSON": "[{\"col\":1,\"id\":\"新论坛域名访问统计\",\"row\":1,\"size_x\":4,\"size_y\":5,\"type\":\"visualization\"},{\"col\":5,\"id\":\"新论坛页面访问排行\",\"row\":1,\"size_x\":4,\"size_y\":5,\"type\":\"visualization\"},{\"col\":1,\"id\":\"论坛在线人数\",\"row\":6,\"size_x\":12,\"size_y\":5,\"type\":\"visualization\"},{\"col\":1,\"id\":\"来源国家统计\",\"row\":18,\"size_x\":3,\"size_y\":4,\"type\":\"visualization\"},{\"col\":9,\"id\":\"用户来源IP统计\",\"row\":1,\"size_x\":4,\"size_y\":5,\"type\":\"visualization\"},{\"col\":1,\"id\":\"用户来源城市排行\",\"row\":22,\"size_x\":12,\"size_y\":6,\"type\":\"visualization\"},{\"col\":4,\"id\":\"用户浏览器\",\"row\":18,\"size_x\":3,\"size_y\":4,\"type\":\"visualization\"},{\"col\":7,\"id\":\"用户系统平台统计\",\"row\":18,\"size_x\":3,\"size_y\":4,\"type\":\"visualization\"},{\"col\":10,\"id\":\"移动端用户统计\",\"row\":18,\"size_x\":3,\"size_y\":4,\"type\":\"visualization\"},{\"col\":1,\"id\":\"论坛PV-slash-UV统计\",\"row\":11,\"size_x\":12,\"size_y\":7,\"type\":\"visualization\"}]",
      "version": 1,
      "timeRestore": true,
      "timeTo": "now",
      "timeFrom": "now-12h",
      "kibanaSavedObjectMeta": {
        "searchSourceJSON": "{\"filter\":[{\"query\":{\"query_string\":{\"analyze_wildcard\":true,\"query\":\"*\"}}}]}"
      }
    }
  },
  {
    "_id": "论坛每天访问统计",
    "_type": "dashboard",
    "_source": {
      "title": "论坛每天访问统计",
      "hits": 0,
      "description": "",
      "panelsJSON": "[{\"id\":\"新论坛每日域名访问统计（IP量）\",\"type\":\"visualization\",\"size_x\":4,\"size_y\":4,\"col\":1,\"row\":1},{\"id\":\"新论坛每日域名访问统计（PV-slash-天）\",\"type\":\"visualization\",\"size_x\":4,\"size_y\":4,\"col\":1,\"row\":5},{\"id\":\"新论坛每日PV+IP统计\",\"type\":\"visualization\",\"size_x\":8,\"size_y\":8,\"col\":5,\"row\":1}]",
      "version": 1,
      "timeRestore": true,
      "timeTo": "now/w",
      "timeFrom": "now/w",
      "kibanaSavedObjectMeta": {
        "searchSourceJSON": "{\"filter\":[{\"query\":{\"query_string\":{\"query\":\"*\",\"analyze_wildcard\":true}}}]}"
      }
    }
  },
  {
    "_id": "default",
    "_type": "search",
    "_source": {
      "title": "default",
      "description": "",
      "hits": 0,
      "columns": [
        "clientip",
        "request",
        "http_host",
        "response"
      ],
      "sort": [
        "@timestamp",
        "desc"
      ],
      "version": 1,
      "kibanaSavedObjectMeta": {
        "searchSourceJSON": "{\"index\":\"logstash-*\",\"highlight\":{\"pre_tags\":[\"@kibana-highlighted-field@\"],\"post_tags\":[\"@/kibana-highlighted-field@\"],\"fields\":{\"*\":{}},\"fragment_size\":2147483647},\"filter\":[],\"query\":{\"query_string\":{\"query\":\"*\",\"analyze_wildcard\":true}}}"
      }
    }
  },
  {
    "_id": "discuz-html-request",
    "_type": "search",
    "_source": {
      "title": "discuz-html-request",
      "description": "",
      "hits": 0,
      "columns": [
        "_source"
      ],
      "sort": [
        "@timestamp",
        "desc"
      ],
      "version": 1,
      "kibanaSavedObjectMeta": {
        "searchSourceJSON": "{\"index\":\"logstash-*\",\"query\":{\"query_string\":{\"query\":\"request:\\\"[.html$]\\\"\",\"analyze_wildcard\":true}},\"highlight\":{\"pre_tags\":[\"@kibana-highlighted-field@\"],\"post_tags\":[\"@/kibana-highlighted-field@\"],\"fields\":{\"*\":{}},\"fragment_size\":2147483647},\"filter\":[]}"
      }
    }
  },
  {
    "_id": "bbs_stat_access_all",
    "_type": "search",
    "_source": {
      "title": "bbs_stat_access_all",
      "description": "",
      "hits": 0,
      "columns": [
        "_source"
      ],
      "sort": [
        "@timestamp",
        "desc"
      ],
      "version": 1,
      "kibanaSavedObjectMeta": {
        "searchSourceJSON": "{\"index\":\"bbs_stat\",\"query\":{\"query_string\":{\"query\":\"_type:access_all\",\"analyze_wildcard\":true}},\"highlight\":{\"pre_tags\":[\"@kibana-highlighted-field@\"],\"post_tags\":[\"@/kibana-highlighted-field@\"],\"fields\":{\"*\":{}},\"fragment_size\":2147483647},\"filter\":[]}"
      }
    }
  },
  {
    "_id": "HTTP_REQUEST",
    "_type": "search",
    "_source": {
      "title": "HTTP_REQUEST",
      "description": "",
      "hits": 0,
      "columns": [
        "http_host",
        "request",
        "response",
        "clientip",
        "city"
      ],
      "sort": [
        "@timestamp",
        "desc"
      ],
      "version": 1,
      "kibanaSavedObjectMeta": {
        "searchSourceJSON": "{\"index\":\"logstash-*\",\"highlight\":{\"pre_tags\":[\"@kibana-highlighted-field@\"],\"post_tags\":[\"@/kibana-highlighted-field@\"],\"fields\":{\"*\":{}},\"fragment_size\":2147483647},\"filter\":[],\"query\":{\"query_string\":{\"query\":\"*\",\"analyze_wildcard\":true}}}"
      }
    }
  },
  {
    "_id": "新论坛实时访问IP量统计（秒）",
    "_type": "visualization",
    "_source": {
      "title": "新论坛实时访问IP量统计（秒）",
      "visState": "{\"type\":\"line\",\"params\":{\"shareYAxis\":true,\"addTooltip\":true,\"addLegend\":false,\"showCircles\":true,\"smoothLines\":false,\"interpolate\":\"linear\",\"scale\":\"linear\",\"drawLinesBetweenPoints\":true,\"radiusRatio\":9,\"times\":[],\"addTimeMarker\":false,\"defaultYExtents\":false,\"setYExtents\":false,\"yAxis\":{}},\"aggs\":[{\"id\":\"1\",\"type\":\"cardinality\",\"schema\":\"metric\",\"params\":{\"field\":\"clientip.raw\"}},{\"id\":\"2\",\"type\":\"date_histogram\",\"schema\":\"segment\",\"params\":{\"field\":\"@timestamp\",\"interval\":\"s\",\"customInterval\":\"2h\",\"min_doc_count\":1,\"extended_bounds\":{}}}],\"listeners\":{}}",
      "description": "",
      "savedSearchId": "discuz-html-request",
      "version": 1,
      "kibanaSavedObjectMeta": {
        "searchSourceJSON": "{\"filter\":[]}"
      }
    }
  },
  {
    "_id": "新论坛实时访问IP量统计（小时）",
    "_type": "visualization",
    "_source": {
      "title": "新论坛实时访问IP量统计（小时）",
      "visState": "{\"type\":\"histogram\",\"params\":{\"addLegend\":false,\"addTimeMarker\":false,\"addTooltip\":true,\"defaultYExtents\":false,\"mode\":\"grouped\",\"scale\":\"linear\",\"setYExtents\":false,\"shareYAxis\":true,\"spyPerPage\":10,\"times\":[],\"yAxis\":{}},\"aggs\":[{\"id\":\"1\",\"type\":\"cardinality\",\"schema\":\"metric\",\"params\":{\"field\":\"clientip.raw\"}},{\"id\":\"2\",\"type\":\"date_histogram\",\"schema\":\"segment\",\"params\":{\"field\":\"@timestamp\",\"interval\":\"h\",\"customInterval\":\"2h\",\"min_doc_count\":1,\"extended_bounds\":{}}}],\"listeners\":{}}",
      "description": "",
      "savedSearchId": "discuz-html-request",
      "version": 1,
      "kibanaSavedObjectMeta": {
        "searchSourceJSON": "{\"filter\":[]}"
      }
    }
  },
  {
    "_id": "新论坛实时PV统计（秒）",
    "_type": "visualization",
    "_source": {
      "title": "新论坛实时PV统计（秒）",
      "visState": "{\"type\":\"line\",\"params\":{\"shareYAxis\":true,\"addTooltip\":true,\"addLegend\":false,\"showCircles\":true,\"smoothLines\":false,\"interpolate\":\"linear\",\"scale\":\"linear\",\"drawLinesBetweenPoints\":true,\"radiusRatio\":9,\"times\":[],\"addTimeMarker\":false,\"defaultYExtents\":false,\"setYExtents\":false,\"yAxis\":{}},\"aggs\":[{\"id\":\"1\",\"type\":\"count\",\"schema\":\"metric\",\"params\":{}},{\"id\":\"2\",\"type\":\"date_histogram\",\"schema\":\"segment\",\"params\":{\"field\":\"@timestamp\",\"interval\":\"s\",\"customInterval\":\"2h\",\"min_doc_count\":1,\"extended_bounds\":{}}}],\"listeners\":{}}",
      "description": "",
      "savedSearchId": "discuz-html-request",
      "version": 1,
      "kibanaSavedObjectMeta": {
        "searchSourceJSON": "{\"filter\":[]}"
      }
    }
  },
  {
    "_id": "新论坛实时PV统计（小时）",
    "_type": "visualization",
    "_source": {
      "title": "新论坛实时PV统计（小时）",
      "visState": "{\"type\":\"histogram\",\"params\":{\"addLegend\":false,\"addTimeMarker\":false,\"addTooltip\":true,\"defaultYExtents\":false,\"mode\":\"grouped\",\"scale\":\"linear\",\"setYExtents\":false,\"shareYAxis\":true,\"spyPerPage\":10,\"times\":[],\"yAxis\":{}},\"aggs\":[{\"id\":\"1\",\"type\":\"count\",\"schema\":\"metric\",\"params\":{}},{\"id\":\"2\",\"type\":\"date_histogram\",\"schema\":\"segment\",\"params\":{\"field\":\"@timestamp\",\"interval\":\"h\",\"customInterval\":\"2h\",\"min_doc_count\":1,\"extended_bounds\":{}}}],\"listeners\":{}}",
      "description": "",
      "savedSearchId": "discuz-html-request",
      "version": 1,
      "kibanaSavedObjectMeta": {
        "searchSourceJSON": "{\"filter\":[]}"
      }
    }
  },
  {
    "_id": "用户来源城市排行",
    "_type": "visualization",
    "_source": {
      "title": "用户来源城市排行",
      "visState": "{\"type\":\"histogram\",\"params\":{\"shareYAxis\":true,\"addTooltip\":true,\"addLegend\":true,\"scale\":\"linear\",\"mode\":\"stacked\",\"times\":[],\"addTimeMarker\":false,\"defaultYExtents\":false,\"setYExtents\":false,\"yAxis\":{}},\"aggs\":[{\"id\":\"1\",\"type\":\"count\",\"schema\":\"metric\",\"params\":{}},{\"id\":\"2\",\"type\":\"terms\",\"schema\":\"segment\",\"params\":{\"field\":\"city.raw\",\"size\":20,\"order\":\"desc\",\"orderBy\":\"1\"}}],\"listeners\":{}}",
      "description": "",
      "version": 1,
      "kibanaSavedObjectMeta": {
        "searchSourceJSON": "{\"index\":\"logstash-*\",\"query\":{\"query_string\":{\"query\":\"*\",\"analyze_wildcard\":true}},\"filter\":[]}"
      }
    }
  },
  {
    "_id": "用户系统平台统计",
    "_type": "visualization",
    "_source": {
      "title": "用户系统平台统计",
      "visState": "{\"type\":\"pie\",\"params\":{\"shareYAxis\":true,\"addTooltip\":true,\"addLegend\":true,\"isDonut\":false},\"aggs\":[{\"id\":\"1\",\"type\":\"count\",\"schema\":\"metric\",\"params\":{}},{\"id\":\"2\",\"type\":\"terms\",\"schema\":\"segment\",\"params\":{\"field\":\"os.raw\",\"size\":5,\"order\":\"desc\",\"orderBy\":\"1\"}}],\"listeners\":{}}",
      "description": "",
      "version": 1,
      "kibanaSavedObjectMeta": {
        "searchSourceJSON": "{\"index\":\"logstash-*\",\"query\":{\"query_string\":{\"query\":\"*\",\"analyze_wildcard\":true}},\"filter\":[]}"
      }
    }
  },
  {
    "_id": "来源国家统计",
    "_type": "visualization",
    "_source": {
      "title": "来源国家统计",
      "visState": "{\"type\":\"pie\",\"params\":{\"shareYAxis\":true,\"addTooltip\":true,\"addLegend\":true,\"isDonut\":false},\"aggs\":[{\"id\":\"1\",\"type\":\"count\",\"schema\":\"metric\",\"params\":{}},{\"id\":\"2\",\"type\":\"terms\",\"schema\":\"segment\",\"params\":{\"field\":\"country.raw\",\"size\":8,\"order\":\"desc\",\"orderBy\":\"1\"}}],\"listeners\":{}}",
      "description": "",
      "version": 1,
      "kibanaSavedObjectMeta": {
        "searchSourceJSON": "{\"index\":\"logstash-*\",\"query\":{\"query_string\":{\"query\":\"*\",\"analyze_wildcard\":true}},\"filter\":[]}"
      }
    }
  },
  {
    "_id": "用户浏览器",
    "_type": "visualization",
    "_source": {
      "title": "用户浏览器",
      "visState": "{\"type\":\"pie\",\"params\":{\"shareYAxis\":true,\"addTooltip\":true,\"addLegend\":true,\"isDonut\":false},\"aggs\":[{\"id\":\"1\",\"type\":\"count\",\"schema\":\"metric\",\"params\":{}},{\"id\":\"2\",\"type\":\"terms\",\"schema\":\"segment\",\"params\":{\"field\":\"browser.raw\",\"size\":8,\"order\":\"desc\",\"orderBy\":\"1\"}}],\"listeners\":{}}",
      "description": "",
      "version": 1,
      "kibanaSavedObjectMeta": {
        "searchSourceJSON": "{\"index\":\"logstash-*\",\"query\":{\"query_string\":{\"query\":\"*\",\"analyze_wildcard\":true}},\"filter\":[]}"
      }
    }
  },
  {
    "_id": "论坛在线人数",
    "_type": "visualization",
    "_source": {
      "title": "论坛在线人数",
      "visState": "{\"type\":\"line\",\"params\":{\"shareYAxis\":true,\"addTooltip\":true,\"addLegend\":true,\"showCircles\":true,\"smoothLines\":false,\"interpolate\":\"linear\",\"scale\":\"linear\",\"drawLinesBetweenPoints\":true,\"radiusRatio\":9,\"times\":[],\"addTimeMarker\":false,\"defaultYExtents\":false,\"setYExtents\":false,\"yAxis\":{}},\"aggs\":[{\"id\":\"1\",\"type\":\"cardinality\",\"schema\":\"metric\",\"params\":{\"field\":\"clientip.raw\"}},{\"id\":\"2\",\"type\":\"date_histogram\",\"schema\":\"segment\",\"params\":{\"field\":\"@timestamp\",\"interval\":\"custom\",\"customInterval\":\"180s\",\"min_doc_count\":1,\"extended_bounds\":{}}}],\"listeners\":{}}",
      "description": "",
      "version": 1,
      "kibanaSavedObjectMeta": {
        "searchSourceJSON": "{\"index\":\"logstash-*\",\"query\":{\"query_string\":{\"query\":\"*\",\"analyze_wildcard\":true}},\"filter\":[]}"
      }
    }
  },
  {
    "_id": "论坛PV-slash-UV统计",
    "_type": "visualization",
    "_source": {
      "title": "论坛PV/UV统计",
      "visState": "{\"type\":\"histogram\",\"params\":{\"shareYAxis\":true,\"addTooltip\":true,\"addLegend\":true,\"scale\":\"linear\",\"mode\":\"grouped\",\"times\":[],\"addTimeMarker\":false,\"defaultYExtents\":false,\"setYExtents\":false,\"yAxis\":{}},\"aggs\":[{\"id\":\"1\",\"type\":\"count\",\"schema\":\"metric\",\"params\":{}},{\"id\":\"2\",\"type\":\"cardinality\",\"schema\":\"metric\",\"params\":{\"field\":\"clientip.raw\"}},{\"id\":\"3\",\"type\":\"date_histogram\",\"schema\":\"segment\",\"params\":{\"field\":\"@timestamp\",\"interval\":\"auto\",\"customInterval\":\"2h\",\"min_doc_count\":1,\"extended_bounds\":{}}}],\"listeners\":{}}",
      "description": "",
      "version": 1,
      "kibanaSavedObjectMeta": {
        "searchSourceJSON": "{\"index\":\"logstash-*\",\"query\":{\"query_string\":{\"query\":\"*\",\"analyze_wildcard\":true}},\"filter\":[]}"
      }
    }
  },
  {
    "_id": "用户来源IP统计",
    "_type": "visualization",
    "_source": {
      "title": "用户来源IP排行",
      "visState": "{\n  \"type\": \"table\",\n  \"params\": {\n    \"perPage\": 10,\n    \"showPartialRows\": false,\n    \"showMeticsAtAllLevels\": false\n  },\n  \"aggs\": [\n    {\n      \"id\": \"1\",\n      \"type\": \"count\",\n      \"schema\": \"metric\",\n      \"params\": {}\n    },\n    {\n      \"id\": \"2\",\n      \"type\": \"terms\",\n      \"schema\": \"bucket\",\n      \"params\": {\n        \"field\": \"clientip.raw\",\n        \"size\": 200,\n        \"order\": \"desc\",\n        \"orderBy\": \"1\"\n      }\n    }\n  ],\n  \"listeners\": {}\n}",
      "description": "",
      "version": 1,
      "kibanaSavedObjectMeta": {
        "searchSourceJSON": "{\n  \"index\": \"logstash-*\",\n  \"query\": {\n    \"query_string\": {\n      \"query\": \"*\",\n      \"analyze_wildcard\": true\n    }\n  },\n  \"filter\": []\n}"
      }
    }
  },
  {
    "_id": "新论坛域名访问统计",
    "_type": "visualization",
    "_source": {
      "title": "新论坛域名访问统计",
      "visState": "{\"type\":\"table\",\"params\":{\"perPage\":10,\"showPartialRows\":false,\"showMeticsAtAllLevels\":false},\"aggs\":[{\"id\":\"1\",\"type\":\"count\",\"schema\":\"metric\",\"params\":{}},{\"id\":\"2\",\"type\":\"terms\",\"schema\":\"bucket\",\"params\":{\"field\":\"http_host.raw\",\"size\":200,\"order\":\"desc\",\"orderBy\":\"1\"}}],\"listeners\":{}}",
      "description": "",
      "version": 1,
      "kibanaSavedObjectMeta": {
        "searchSourceJSON": "{\"index\":\"logstash-*\",\"query\":{\"query_string\":{\"query\":\"*\",\"analyze_wildcard\":true}},\"filter\":[]}"
      }
    }
  },
  {
    "_id": "新论坛页面访问排行",
    "_type": "visualization",
    "_source": {
      "title": "新论坛页面访问排行",
      "visState": "{\"type\":\"table\",\"params\":{\"perPage\":10,\"showPartialRows\":false,\"showMeticsAtAllLevels\":false},\"aggs\":[{\"id\":\"1\",\"type\":\"count\",\"schema\":\"metric\",\"params\":{}},{\"id\":\"2\",\"type\":\"terms\",\"schema\":\"bucket\",\"params\":{\"field\":\"request.raw\",\"size\":100,\"order\":\"desc\",\"orderBy\":\"1\"}}],\"listeners\":{}}",
      "description": "",
      "version": 1,
      "kibanaSavedObjectMeta": {
        "searchSourceJSON": "{\"index\":\"logstash-*\",\"query\":{\"query_string\":{\"query\":\"*\",\"analyze_wildcard\":true}},\"filter\":[]}"
      }
    }
  },
  {
    "_id": "移动端用户统计",
    "_type": "visualization",
    "_source": {
      "title": "移动端用户统计",
      "visState": "{\"type\":\"pie\",\"params\":{\"shareYAxis\":true,\"addTooltip\":true,\"addLegend\":true,\"isDonut\":false},\"aggs\":[{\"id\":\"1\",\"type\":\"count\",\"schema\":\"metric\",\"params\":{}},{\"id\":\"2\",\"type\":\"terms\",\"schema\":\"segment\",\"params\":{\"field\":\"mobile_device.raw\",\"size\":3,\"order\":\"desc\",\"orderBy\":\"1\"}}],\"listeners\":{}}",
      "description": "",
      "version": 1,
      "kibanaSavedObjectMeta": {
        "searchSourceJSON": "{\"index\":\"logstash-*\",\"query\":{\"query_string\":{\"query\":\"*\",\"analyze_wildcard\":true}},\"filter\":[]}"
      }
    }
  },
  {
    "_id": "新论坛每日PV+IP统计",
    "_type": "visualization",
    "_source": {
      "title": "新论坛每日PV+IP统计",
      "visState": "{\"type\":\"histogram\",\"params\":{\"shareYAxis\":true,\"addTooltip\":true,\"addLegend\":true,\"scale\":\"linear\",\"mode\":\"grouped\",\"times\":[],\"addTimeMarker\":false,\"defaultYExtents\":false,\"setYExtents\":false,\"yAxis\":{}},\"aggs\":[{\"id\":\"1\",\"type\":\"sum\",\"schema\":\"metric\",\"params\":{\"field\":\"access_pv\"}},{\"id\":\"2\",\"type\":\"sum\",\"schema\":\"metric\",\"params\":{\"field\":\"access_ip\"}},{\"id\":\"3\",\"type\":\"date_histogram\",\"schema\":\"segment\",\"params\":{\"field\":\"@timestamp\",\"interval\":\"d\",\"customInterval\":\"2h\",\"min_doc_count\":1,\"extended_bounds\":{}}}],\"listeners\":{}}",
      "description": "",
      "savedSearchId": "bbs_stat_access_all",
      "version": 1,
      "kibanaSavedObjectMeta": {
        "searchSourceJSON": "{\"filter\":[]}"
      }
    }
  },
  {
    "_id": "新论坛每日域名访问统计（IP量）",
    "_type": "visualization",
    "_source": {
      "title": "新论坛每日域名访问统计（IP量）",
      "visState": "{\"type\":\"pie\",\"params\":{\"shareYAxis\":true,\"addTooltip\":true,\"addLegend\":true,\"isDonut\":false},\"aggs\":[{\"id\":\"1\",\"type\":\"sum\",\"schema\":\"metric\",\"params\":{\"field\":\"access_ip\"}},{\"id\":\"2\",\"type\":\"terms\",\"schema\":\"segment\",\"params\":{\"field\":\"domain_name.raw\",\"size\":20,\"order\":\"desc\",\"orderBy\":\"1\"}}],\"listeners\":{}}",
      "description": "",
      "savedSearchId": "bbs_stat_access_all",
      "version": 1,
      "kibanaSavedObjectMeta": {
        "searchSourceJSON": "{\"filter\":[]}"
      }
    }
  },
  {
    "_id": "新论坛每日域名访问统计（PV）",
    "_type": "visualization",
    "_source": {
      "title": "新论坛每日域名访问统计（PV）",
      "visState": "{\"type\":\"pie\",\"params\":{\"shareYAxis\":true,\"addTooltip\":true,\"addLegend\":true,\"isDonut\":false},\"aggs\":[{\"id\":\"1\",\"type\":\"sum\",\"schema\":\"metric\",\"params\":{\"field\":\"access_pv\"}},{\"id\":\"2\",\"type\":\"terms\",\"schema\":\"segment\",\"params\":{\"field\":\"domain_name.raw\",\"size\":15,\"order\":\"desc\",\"orderBy\":\"1\"}}],\"listeners\":{}}",
      "description": "",
      "savedSearchId": "bbs_stat_access_all",
      "version": 1,
      "kibanaSavedObjectMeta": {
        "searchSourceJSON": "{\"filter\":[]}"
      }
    }
  }
]