-- MySQL dump 10.13  Distrib 5.1.73, for redhat-linux-gnu (x86_64)
--
-- Host: 127.0.0.1    Database: bc_plus
-- ------------------------------------------------------
-- Server version	5.5.24-log

/*!40101 SET @OLD_CHARACTER_SET_CLIENT=@@CHARACTER_SET_CLIENT */;
/*!40101 SET @OLD_CHARACTER_SET_RESULTS=@@CHARACTER_SET_RESULTS */;
/*!40101 SET @OLD_COLLATION_CONNECTION=@@COLLATION_CONNECTION */;
/*!40101 SET NAMES utf8 */;
/*!40103 SET @OLD_TIME_ZONE=@@TIME_ZONE */;
/*!40103 SET TIME_ZONE='+00:00' */;
/*!40014 SET @OLD_UNIQUE_CHECKS=@@UNIQUE_CHECKS, UNIQUE_CHECKS=0 */;
/*!40014 SET @OLD_FOREIGN_KEY_CHECKS=@@FOREIGN_KEY_CHECKS, FOREIGN_KEY_CHECKS=0 */;
/*!40101 SET @OLD_SQL_MODE=@@SQL_MODE, SQL_MODE='NO_AUTO_VALUE_ON_ZERO' */;
/*!40111 SET @OLD_SQL_NOTES=@@SQL_NOTES, SQL_NOTES=0 */;

--
-- Table structure for table `admin`
--

DROP TABLE IF EXISTS `admin`;
/*!40101 SET @saved_cs_client     = @@character_set_client */;
/*!40101 SET character_set_client = utf8 */;
CREATE TABLE `admin` (
  `id` int(11) NOT NULL AUTO_INCREMENT,
  `name` varchar(50) NOT NULL,
  `pwd` varchar(50) NOT NULL,
  `execute_users` varchar(20) DEFAULT NULL,
  `last_login_time` int(11) DEFAULT NULL,
  PRIMARY KEY (`id`)
) ENGINE=MyISAM AUTO_INCREMENT=20 DEFAULT CHARSET=utf8;
/*!40101 SET character_set_client = @saved_cs_client */;

--
-- Dumping data for table `admin`
--

LOCK TABLES `admin` WRITE;
/*!40000 ALTER TABLE `admin` DISABLE KEYS */;
INSERT INTO `admin` VALUES (4,'ning','18bd9197cb1d833bc352f47535c00320','xi9',1431260411),(2,'admin','d3a16524e02537e36c93c050c7c61f7e','xim',1436164143),(6,'41719','e10adc3949ba59abbe56e057f20f883e','41718',1432699922),(7,'andrew','e10adc3949ba59abbe56e057f20f883e','SSS',NULL),(8,'forSure','e10adc3949ba59abbe56e057f20f883e','Frank',NULL),(9,'Shahky','e10adc3949ba59abbe56e057f20f883e','Rodney',NULL),(10,'sdsf123','e10adc3949ba59abbe56e057f20f883e','sdsd456',NULL),(11,'dsgfadgh5656','e10adc3949ba59abbe56e057f20f883e','errrrdo',NULL),(12,'May','e10adc3949ba59abbe56e057f20f883e','Michael',NULL),(13,'Nixon','e10adc3949ba59abbe56e057f20f883e','Mike',NULL),(14,'Rigon','e10adc3949ba59abbe56e057f20f883e','Frank',NULL),(15,'Dick','e10adc3949ba59abbe56e057f20f883e','Todo',NULL),(16,'Nilson','e10adc3949ba59abbe56e057f20f883e','Pink',NULL),(17,'Max','e10adc3949ba59abbe56e057f20f883e','Mason',NULL),(18,'Neon','e10adc3949ba59abbe56e057f20f883e','Nex',NULL),(19,'Judy','e10adc3949ba59abbe56e057f20f883e','Pitt',NULL);
/*!40000 ALTER TABLE `admin` ENABLE KEYS */;
UNLOCK TABLES;

--
-- Table structure for table `ball`
--

DROP TABLE IF EXISTS `ball`;
/*!40101 SET @saved_cs_client     = @@character_set_client */;
/*!40101 SET character_set_client = utf8 */;
CREATE TABLE `ball` (
  `id` int(11) NOT NULL AUTO_INCREMENT,
  `name` varchar(10) DEFAULT NULL,
  `score1` int(11) NOT NULL,
  `score2` int(11) NOT NULL,
  PRIMARY KEY (`id`)
) ENGINE=MyISAM AUTO_INCREMENT=20 DEFAULT CHARSET=utf8;
/*!40101 SET character_set_client = @saved_cs_client */;

--
-- Dumping data for table `ball`
--

LOCK TABLES `ball` WRITE;
/*!40000 ALTER TABLE `ball` DISABLE KEYS */;
INSERT INTO `ball` VALUES (15,'5:2',5,2),(7,'1:2',0,0),(14,'4:2',4,2),(9,'2:2',2,2),(10,'3:2',3,2),(11,'3:3',3,3),(16,'1:1',1,1),(17,'4:4',4,4),(18,'1:3',1,3),(19,'1:4',1,4);
/*!40000 ALTER TABLE `ball` ENABLE KEYS */;
UNLOCK TABLES;

--
-- Table structure for table `buy_info`
--

DROP TABLE IF EXISTS `buy_info`;
/*!40101 SET @saved_cs_client     = @@character_set_client */;
/*!40101 SET character_set_client = utf8 */;
CREATE TABLE `buy_info` (
  `id` int(11) NOT NULL AUTO_INCREMENT,
  `dish_id` int(11) NOT NULL,
  `name` varchar(50) NOT NULL,
  `type` int(11) NOT NULL,
  `options` varchar(200) NOT NULL,
  `pro` float NOT NULL,
  `money` float NOT NULL,
  `state` int(11) NOT NULL,
  `is_pay` int(11) NOT NULL DEFAULT '0',
  `insert_time` int(11) NOT NULL,
  `deal_money` float DEFAULT '0',
  `headimgurl` varchar(200) DEFAULT NULL,
  `uid` int(11) NOT NULL,
  `ball` int(11) DEFAULT NULL,
  `is_finish` int(2) DEFAULT '0',
  PRIMARY KEY (`id`)
) ENGINE=InnoDB AUTO_INCREMENT=275 DEFAULT CHARSET=utf8;
/*!40101 SET character_set_client = @saved_cs_client */;

--
-- Dumping data for table `buy_info`
--

LOCK TABLES `buy_info` WRITE;
/*!40000 ALTER TABLE `buy_info` DISABLE KEYS */;
INSERT INTO `buy_info` VALUES (7,4,'小小明',3,'10',0,111,0,1,1431966769,-111,'http://www.baidu.com/img/logo.gif',22,7,1),(10,4,'小小明',3,'10',0,113,0,1,1432050793,-113,'http://www.baidu.com/img/logo.gif',22,14,1),(11,4,'小小明',3,'11',0,115,0,1,1432050810,-115,'http://www.baidu.com/img/logo.gif',22,14,1),(12,4,'小小明',3,'11',0,111,0,1,1432050846,-111,'http://www.baidu.com/img/logo.gif',23,9,1),(13,4,'小小明',3,'11',0,44,0,1,1432050900,-44,'http://www.baidu.com/img/logo.gif',23,7,1),(14,4,'小小明',1,'10',44,100,0,1,1432052910,4500,'http://www.baidu.com/img/logo.gif',23,NULL,1),(15,11,'ning',1,'12',2,120,0,1,1432382479,0,'/images/face/',2,NULL,1),(16,11,'ning',2,'10',5,200,0,1,1432382491,0,'/images/face/',2,NULL,1),(17,11,'ning',3,'12',5,100,0,1,1432382507,-100,'/images/face/',2,11,1),(18,12,'ning',3,'12',52,100,0,1,1432383258,-100,'/images/face/none.gif',2,15,1),(19,12,'ning',1,'12',20,100,0,1,1432383266,-100,'/images/face/none.gif',2,NULL,1),(20,12,'ning',2,'10',20,20,0,1,1432383278,420,'/images/face/none.gif',2,NULL,1),(21,12,'ning',3,'12',42,100,0,1,1432383444,-100,'/images/face/none.gif',2,14,1),(22,14,'ning',1,'12',10,100,0,1,1432387035,-100,'/images/face/none.gif',2,NULL,1),(23,14,'ning',2,'12',10,100,0,1,1432387044,-100,'/images/face/none.gif',2,NULL,1),(24,14,'ning',3,'12',10,100,0,1,1432387056,-100,'/images/face/none.gif',2,11,1),(25,15,'ning',1,'12',10,100,0,1,1432395427,1100,'/images/face/none.gif',2,NULL,1),(26,15,'ning',2,'12',10,100,0,1,1432395435,-100,'/images/face/none.gif',2,NULL,1),(27,15,'ning',3,'12',10,100,0,1,1432395445,1100,'/images/face/none.gif',2,15,1),(28,17,'aa2',1,'14',1,200,0,1,1432537899,-200,'/images/face/none.gif',4,NULL,1),(29,19,'aa2',1,'14',3,200,0,1,1432538135,800,'/images/face/none.gif',4,NULL,1),(30,19,'aa2',2,'14',3,100,0,1,1432538153,400,'/images/face/none.gif',4,NULL,1),(31,19,'aa2',3,'17',13,100,0,1,1432538163,1400,'/images/face/none.gif',4,14,1),(32,18,'aa2',1,'17',1,200,0,1,1432538869,-200,'/images/face/none.gif',4,NULL,1),(33,18,'aa2',2,'17',1,200,0,1,1432538884,-200,'/images/face/none.gif',4,NULL,1),(34,18,'aa2',3,'17',12,200,0,1,1432538919,-200,'/images/face/none.gif',4,7,1),(35,20,'aa2',1,'16',1,100,0,1,1432540221,-100,'/images/face/none.gif',4,NULL,1),(36,20,'aa2',2,'16',1,100,0,1,1432540229,200,'/images/face/none.gif',4,NULL,1),(37,20,'aa2',3,'16',5,100,0,1,1432540253,-100,'/images/face/none.gif',4,7,1),(38,20,'aa3',1,'14',1,100,0,1,1432540276,200,'/images/face/none.gif',5,NULL,1),(39,20,'aa3',2,'14',1,100,0,1,1432540299,-100,'/images/face/none.gif',5,NULL,1),(40,20,'aa3',3,'14',6,100,0,1,1432540329,700,'/images/face/none.gif',5,7,1),(41,21,'aa2',1,'15',3,100,0,1,1432540874,100,'/images/face/none.gif',4,NULL,1),(42,21,'aa2',2,'14',3,100,0,1,1432540892,100,'/images/face/none.gif',4,NULL,1),(43,22,'aa2',3,'17',4,100,0,1,1432545296,-100,'/images/face/none.gif',4,7,1),(44,22,'aa3',3,'16',3,100,0,1,1432545321,-100,'/images/face/none.gif',5,7,1),(45,22,'aa3',3,'16',3,100,0,1,1432545341,-100,'/images/face/none.gif',5,7,1),(46,23,'aa3',3,'16',4,100,0,1,1432546189,500,'/images/face/none.gif',5,9,1),(47,23,'aa2',3,'15',3,100,0,1,1432546230,-100,'/images/face/none.gif',4,9,1),(48,24,'aa2',3,'16',5,100,0,1,1432547445,600,'/images/face/none.gif',4,11,1),(49,24,'aa3',3,'17',4,100,0,1,1432547478,-100,'/images/face/none.gif',5,11,1),(50,25,'ning',1,'15',0,100,0,1,1432567852,121,'/images/face/none.gif',2,NULL,1),(51,26,'ning',1,'17',0.85,100,0,1,1432568152,185,'/images/face/none.gif',2,NULL,1),(52,27,'ning',1,'17',1,100,0,1,1432575818,100,'/images/face/none.gif',2,NULL,1),(53,27,'ning',2,'16',1,200,0,1,1432575835,200,'/images/face/none.gif',2,NULL,1),(54,27,'qiang',1,'17',1,100,0,1,1432577648,100,'/images/face/',7,NULL,1),(55,29,'aa2',1,'17',0.78,100,0,1,1432621517,178,'/images/face/none.gif',4,NULL,1),(56,29,'aa2',2,'16',0.85,100,0,1,1432621526,-100,'/images/face/none.gif',4,NULL,1),(57,29,'aa3',1,'16',0.87,100,0,1,1432621625,-100,'/images/face/none.gif',5,NULL,1),(58,29,'aa3',2,'17',0.75,100,0,1,1432621646,175,'/images/face/none.gif',5,NULL,1),(59,30,'aa3',1,'15',0.87,175,0,1,1432624560,327.25,'/images/face/none.gif',5,NULL,1),(61,30,'aa2',1,'15',0.87,178,0,1,1432624602,332.86,'/images/face/none.gif',4,NULL,1),(62,30,'aa2',2,'17',0.86,88,0,1,1432624612,163.68,'/images/face/none.gif',4,NULL,1),(63,16,'aa2',3,'15',8,100,0,1,1432650353,900,'/images/face/none.gif',4,11,1),(64,16,'aa3',3,'14',9,100,0,1,1432650389,1000,'/images/face/none.gif',5,11,1),(65,16,'ning',3,'15',8,100,0,1,1432650520,900,'/images/face/none.gif',2,11,1),(66,31,'aa1',3,'17',2,100,0,1,1432654567,-100,'/images/face/none.gif',3,14,1),(67,31,'aa1',3,'17',2,100,0,1,1432654579,-100,'/images/face/none.gif',3,10,1),(68,31,'aa1',3,'17',2,300,0,1,1432654587,-300,'/images/face/none.gif',3,11,1),(69,31,'aa1',3,'16',2,100,0,1,1432654609,300,'/images/face/none.gif',3,7,1),(70,17,'aa1',3,'14',15,100,0,1,1432655124,-100,'/images/face/none.gif',3,14,1),(71,17,'aa1',3,'14',15,100,0,1,1432655133,-100,'/images/face/none.gif',3,14,1),(72,17,'aa1',3,'15',10,100,0,1,1432655144,-100,'/images/face/none.gif',3,10,1),(73,17,'aa1',3,'15',10,100,0,1,1432655158,-100,'/images/face/none.gif',3,10,1),(74,17,'aa1',3,'14',4,100,0,1,1432655209,500,'/images/face/none.gif',3,7,1),(75,32,'ning',3,'16',1,100,0,0,1432658576,0,'/images/face/none.gif',2,11,0),(76,32,'ning',3,'17',1,100,0,0,1432658585,0,'/images/face/none.gif',2,14,0),(77,32,'frankpm',2,'17',1,100,0,0,1432670288,0,'/images/face/none.gif',6,NULL,0),(78,33,'frankpm',3,'15',0.85,200,0,1,1432670580,370,'/images/face/none.gif',6,7,1),(79,33,'frankpm',2,'14',0.85,200,0,1,1432670595,370,'/images/face/none.gif',6,NULL,1),(80,32,'aa1',2,'17',1,100,0,0,1432672761,0,'/images/face/none.gif',3,NULL,0),(81,32,'aa1',3,'17',1,10,0,0,1432672795,0,'/images/face/none.gif',3,10,0),(82,32,'aa1',1,'16',1,50,0,0,1432672836,0,'/images/face/none.gif',3,NULL,0),(83,35,'frankpm',3,'17',0.5,300,0,1,1432688273,450,'/images/face/none.gif',6,19,1),(84,32,'frankpm',1,'17',1,100,0,0,1432689520,0,'/images/face/none.gif',6,NULL,0),(85,32,'frankpm',3,'17',1,50,0,0,1432689646,0,'/images/face/none.gif',6,11,0),(86,32,'frankpm',3,'16',1,50,0,0,1432689658,0,'/images/face/none.gif',6,10,0),(87,38,'aa2',1,'16',1,100,0,1,1432698209,100,'/images/face/none.gif',4,NULL,1),(88,38,'aa3',1,'17',1,100,0,1,1432698243,100,'/images/face/none.gif',5,NULL,1),(92,32,'aa3',2,'17',1,10,0,0,1432708306,0,'/images/face/none.gif',5,NULL,0),(93,32,'ning',3,'17',1,11,0,0,1432708680,0,'/images/face/none.gif',2,14,0),(94,32,'ning',3,'17',1,11,0,0,1432708687,0,'/images/face/none.gif',2,14,0),(95,32,'ning',3,'16',1,11,0,0,1432709156,0,'/images/face/none.gif',2,14,0),(98,32,'aa2',1,'17',1,100,0,0,1432710012,0,'/images/face/none.gif',4,NULL,0),(100,41,'frankpm',1,'14',0.8,200,0,1,1432725899,200,'/images/face/none.gif',6,NULL,1),(101,41,'frankpm',2,'14',0.8,200,0,1,1432725910,200,'/images/face/none.gif',6,NULL,1),(102,41,'frankpm',3,'14',0.8,200,0,1,1432725946,-200,'/images/face/none.gif',6,18,1),(103,32,'frankpm',3,'17',1,50,0,0,1432753691,0,'/images/face/none.gif',6,15,0),(104,32,'aa1',3,'16',1,10,0,0,1432786539,0,'/images/face/none.gif',3,10,0),(105,47,'aa4',1,'23',0.75,10,0,1,1432790565,17.5,'/images/face/none.gif',8,NULL,1),(106,47,'aa8',1,'22',0.85,200,0,1,1432790681,-200,'/images/face/none.gif',13,NULL,1),(107,47,'aa8',2,'23',0.76,200,0,1,1432790698,352,'/images/face/none.gif',13,NULL,1),(108,46,'aa8',2,'20',0.87,200,0,1,1432790807,200,'/images/face/none.gif',13,NULL,1),(109,46,'aa4',1,'20',1.1,10,0,1,1432790868,10,'/images/face/none.gif',8,NULL,1),(110,52,'aa3',1,'17',0.78,1,0,0,1432791041,0,'/images/face/none.gif',5,NULL,0),(111,45,'aa4',1,'27',0.75,10,0,0,1432791051,0,'/images/face/none.gif',8,NULL,0),(112,48,'aa8',3,'17',2,200,0,0,1432791182,0,'/images/face/none.gif',13,9,0),(113,47,'aa0',1,'22',0.85,100,0,1,1432791182,-100,'/images/face/none.gif',15,NULL,1),(114,51,'aa1',1,'25',0.75,30,0,0,1432791184,0,'/images/face/none.gif',3,NULL,0),(115,44,'aa8',1,'25',0.87,400,0,0,1432791225,0,'/images/face/none.gif',13,NULL,0),(116,47,'aa0',2,'22',0.75,100,0,1,1432791229,-100,'/images/face/none.gif',15,NULL,1),(117,51,'aa1',3,'25',1,50,0,0,1432791235,0,'/images/face/none.gif',3,7,0),(118,51,'aa1',2,'26',0.8,50,0,0,1432791248,0,'/images/face/none.gif',3,NULL,0),(119,45,'aa8',1,'26',1.25,200,0,0,1432791251,0,'/images/face/none.gif',13,NULL,0),(120,49,'aa8',3,'15',6,200,0,0,1432791270,0,'/images/face/none.gif',13,15,0),(121,47,'aa0',3,'23',2,100,0,1,1432791274,-100,'/images/face/none.gif',15,9,1),(122,50,'aa8',2,'24',0.75,500,0,0,1432791286,0,'/images/face/none.gif',13,NULL,0),(123,51,'aa8',3,'26',7,200,0,0,1432791300,0,'/images/face/none.gif',13,16,0),(124,46,'aa0',1,'20',1.1,100,0,1,1432791312,100,'/images/face/none.gif',15,NULL,1),(125,49,'aa8',2,'15',0.85,200,0,0,1432791315,0,'/images/face/none.gif',13,NULL,0),(126,46,'aa0',2,'20',0.87,100,0,1,1432791324,100,'/images/face/none.gif',15,NULL,1),(127,46,'aa0',3,'21',11,100,0,1,1432791353,-100,'/images/face/none.gif',15,19,1),(128,48,'aa0',1,'16',0.75,100,0,0,1432791365,0,'/images/face/none.gif',15,NULL,0),(129,47,'aa8',3,'23',9,300,0,1,1432791377,-300,'/images/face/none.gif',13,18,1),(130,48,'aa0',2,'16',0.78,100,0,0,1432791379,0,'/images/face/none.gif',15,NULL,0),(131,48,'aa0',3,'17',1,100,0,0,1432791395,0,'/images/face/none.gif',15,7,0),(132,45,'aa0',1,'27',0.75,100,0,0,1432791407,0,'/images/face/none.gif',15,NULL,0),(133,44,'aa0',2,'25',0.75,100,0,0,1432791420,0,'/images/face/none.gif',15,NULL,0),(134,44,'aa0',3,'25',10,100,0,0,1432791431,0,'/images/face/none.gif',15,16,0),(135,45,'aa4',3,'27',13,10,0,0,1432791449,0,'/images/face/none.gif',8,17,0),(136,48,'aa4',1,'16',0.75,10,0,0,1432791475,0,'/images/face/none.gif',8,NULL,0),(137,44,'aa0',1,'25',0.87,100,0,0,1432791477,0,'/images/face/none.gif',15,NULL,0),(138,44,'aa0',3,'25',4,100,0,0,1432791499,0,'/images/face/none.gif',15,7,0),(139,49,'aa0',1,'14',0.78,100,0,0,1432791515,0,'/images/face/none.gif',15,NULL,0),(140,49,'aa0',2,'14',0.75,100,0,0,1432791527,0,'/images/face/none.gif',15,NULL,0),(141,49,'aa0',3,'15',3,100,0,0,1432791543,0,'/images/face/none.gif',15,10,0),(142,50,'aa0',1,'24',0.75,100,0,0,1432791559,0,'/images/face/none.gif',15,NULL,0),(143,45,'aa0',2,'27',0.8,100,0,0,1432791572,0,'/images/face/none.gif',15,NULL,0),(144,45,'aa0',3,'27',7,100,0,0,1432791585,0,'/images/face/none.gif',15,9,0),(145,47,'aa4',3,'23',5,10,0,1,1432791623,-10,'/images/face/none.gif',8,14,1),(146,47,'aa4',3,'23',9,10,0,1,1432791633,-10,'/images/face/none.gif',8,18,1),(147,51,'aa0',1,'25',0.75,100,0,0,1432791691,0,'/images/face/none.gif',15,NULL,0),(148,51,'aa0',2,'26',0.8,100,0,0,1432791701,0,'/images/face/none.gif',15,NULL,0),(149,51,'aa0',3,'26',4,100,0,0,1432791710,0,'/images/face/none.gif',15,11,0),(150,52,'aa0',1,'17',0.78,100,0,0,1432791741,0,'/images/face/none.gif',15,NULL,0),(151,52,'aa0',2,'17',0.85,100,0,0,1432791755,0,'/images/face/none.gif',15,NULL,0),(152,52,'aa0',3,'17',9,100,0,0,1432791773,0,'/images/face/none.gif',15,18,0),(153,47,'aa0',3,'23',1,10,0,1,1432791787,-10,'/images/face/none.gif',15,7,1),(154,53,'aa0',1,'16',0.85,100,0,0,1432791787,0,'/images/face/none.gif',15,NULL,0),(155,53,'aa0',2,'15',0.85,1000,0,0,1432791803,0,'/images/face/none.gif',15,NULL,0),(156,45,'aa2',1,'27',0.75,10,0,0,1432791808,0,'/images/face/none.gif',4,NULL,0),(157,45,'aa7',1,'26',1.25,50,0,0,1432791814,0,'/images/face/none.gif',12,NULL,0),(158,47,'aa2',1,'22',0.85,10,0,1,1432791817,-10,'/images/face/none.gif',4,NULL,1),(159,53,'aa0',3,'15',7,1,0,0,1432791818,0,'/images/face/none.gif',15,16,0),(160,47,'aa2',2,'22',0.75,10,0,1,1432791878,-10,'/images/face/none.gif',4,NULL,1),(161,32,'aa0',1,'16',1,80,0,0,1432791908,0,'/images/face/none.gif',15,NULL,0),(162,32,'aa0',2,'16',1,50,0,0,1432791926,0,'/images/face/none.gif',15,NULL,0),(163,47,'aa2',3,'23',4,10,0,1,1432791935,50,'/images/face/none.gif',4,11,1),(164,47,'aa4',2,'22',0.75,10,0,1,1432791935,-10,'/images/face/none.gif',8,NULL,1),(165,47,'aa2',3,'23',6,55,0,1,1432791944,-55,'/images/face/none.gif',4,15,1),(166,47,'aa4',3,'23',1,10,0,1,1432791947,-10,'/images/face/none.gif',8,7,1),(167,32,'aa0',3,'17',1,100,0,0,1432791972,0,'/images/face/none.gif',15,7,0),(168,45,'aa7',3,'26',15,50,0,0,1432792016,0,'/images/face/none.gif',12,19,0),(169,48,'aa2',1,'16',0.75,10,0,0,1432792030,0,'/images/face/none.gif',4,NULL,0),(170,45,'aa2',2,'26',1.2,20,0,0,1432792039,0,'/images/face/none.gif',4,NULL,0),(171,44,'aa2',1,'25',0.87,10,0,0,1432792067,0,'/images/face/none.gif',4,NULL,0),(172,45,'aa2',3,'27',6,10,0,0,1432792171,0,'/images/face/none.gif',4,7,0),(173,50,'aa2',3,'24',3,10,0,0,1432792225,0,'/images/face/none.gif',4,10,0),(174,44,'aa2',2,'25',0.75,10,0,0,1432792269,0,'/images/face/none.gif',4,NULL,0),(175,46,'aa2',3,'21',4,10,0,1,1432792289,-10,'/images/face/none.gif',4,10,1),(176,48,'aa2',3,'17',1,20,0,0,1432792303,0,'/images/face/none.gif',4,7,0),(177,51,'aa2',2,'26',0.8,10,0,0,1432792324,0,'/images/face/none.gif',4,NULL,0),(178,50,'aa2',3,'24',4,10,0,0,1432792333,0,'/images/face/none.gif',4,11,0),(179,49,'aa2',2,'15',0.85,10,0,0,1432792415,0,'/images/face/none.gif',4,NULL,0),(180,45,'aa3',1,'26',1.25,100,0,0,1432792425,0,'/images/face/none.gif',5,NULL,0),(181,49,'aa2',3,'15',4,10,0,0,1432792438,0,'/images/face/none.gif',4,11,0),(182,52,'aa2',2,'17',0.85,10,0,0,1432792513,0,'/images/face/none.gif',4,NULL,0),(183,32,'aa2',3,'17',1,10,0,0,1432792535,0,'/images/face/none.gif',4,11,0),(184,45,'aa2',3,'27',10,55,0,0,1432792635,0,'/images/face/none.gif',4,14,0),(185,50,'aa2',1,'27',0.78,10,0,0,1432792715,0,'/images/face/none.gif',4,NULL,0),(186,46,'aa4',2,'20',0.87,20,0,1,1432793039,20,'/images/face/none.gif',8,NULL,1),(187,46,'aa4',3,'21',5,20,0,1,1432793053,-20,'/images/face/none.gif',8,11,1),(188,48,'aa4',2,'16',0.78,20,0,0,1432793253,0,'/images/face/none.gif',8,NULL,0),(189,48,'aa4',3,'17',3,20,0,0,1432793266,0,'/images/face/none.gif',8,10,0),(190,44,'aa4',1,'25',0.87,50,0,0,1432793448,0,'/images/face/none.gif',8,NULL,0),(191,44,'aa4',2,'25',0.75,50,0,0,1432793470,0,'/images/face/none.gif',8,NULL,0),(192,44,'aa4',3,'25',4,20,0,0,1432793481,0,'/images/face/none.gif',8,7,0),(193,44,'aa3',2,'25',0.75,100,0,0,1432793493,0,'/images/face/none.gif',5,NULL,0),(194,45,'aa4',2,'26',1.2,20,0,0,1432793587,0,'/images/face/none.gif',8,NULL,0),(195,45,'aa4',3,'27',8,10,0,0,1432793603,0,'/images/face/none.gif',8,10,0),(196,47,'aa3',1,'22',0.85,100,0,1,1432793686,-100,'/images/face/none.gif',5,NULL,1),(197,49,'aa3',1,'14',0.78,200,0,0,1432793764,0,'/images/face/none.gif',5,NULL,0),(198,49,'aa3',2,'14',0.75,100,0,0,1432793821,0,'/images/face/none.gif',5,NULL,0),(199,49,'aa4',1,'15',0.87,20,0,0,1432794281,0,'/images/face/none.gif',8,NULL,0),(200,49,'aa4',2,'14',0.75,10,0,0,1432794293,0,'/images/face/none.gif',8,NULL,0),(201,49,'aa4',3,'14',4,10,0,0,1432794306,0,'/images/face/none.gif',8,11,0),(202,50,'aa4',1,'27',0.78,10,0,0,1432794387,0,'/images/face/none.gif',8,NULL,0),(203,50,'aa4',2,'27',0.85,30,0,0,1432794402,0,'/images/face/none.gif',8,NULL,0),(204,50,'aa4',3,'24',9,20,0,0,1432794414,0,'/images/face/none.gif',8,18,0),(205,51,'aa4',1,'25',0.75,10,0,0,1432794527,0,'/images/face/none.gif',8,NULL,0),(206,51,'aa4',2,'25',0.87,10,0,0,1432794536,0,'/images/face/none.gif',8,NULL,0),(207,51,'aa4',3,'26',7,10,0,0,1432794548,0,'/images/face/none.gif',8,16,0),(208,46,'aa9',1,'21',1.25,100,0,1,1432794592,100,'/images/face/none.gif',14,NULL,1),(209,52,'aa4',1,'22',0.75,10,0,0,1432794609,0,'/images/face/none.gif',8,NULL,0),(210,47,'aa4',3,'23',7,4,0,1,1432794740,-4,'/images/face/none.gif',8,16,1),(211,52,'aa4',2,'17',0.85,10,0,0,1432794799,0,'/images/face/none.gif',8,NULL,0),(212,52,'aa4',3,'22',9,10,0,0,1432794819,0,'/images/face/none.gif',8,18,0),(213,53,'aa4',1,'16',0.85,10,0,0,1432794929,0,'/images/face/none.gif',8,NULL,0),(214,53,'aa4',2,'16',0.85,10,0,0,1432794946,0,'/images/face/none.gif',8,NULL,0),(215,53,'aa4',3,'15',9,10,0,0,1432794963,0,'/images/face/none.gif',8,18,0),(216,32,'aa4',1,'16',1,10,0,0,1432794985,0,'/images/face/none.gif',8,NULL,0),(217,32,'aa4',2,'16',1,10,0,0,1432794998,0,'/images/face/none.gif',8,NULL,0),(218,32,'aa4',3,'17',1,10,0,0,1432795011,0,'/images/face/none.gif',8,14,0),(219,46,'aa1',1,'21',1.25,10,0,1,1432795129,10,'/images/face/none.gif',3,NULL,1),(220,50,'aa1',3,'24',5,10,0,0,1432795189,0,'/images/face/none.gif',3,14,0),(221,49,'aa1',1,'14',0.78,10,0,0,1432795211,0,'/images/face/none.gif',3,NULL,0),(222,45,'aa1',1,'26',1.25,10,0,0,1432795229,0,'/images/face/none.gif',3,NULL,0),(223,47,'aa1',1,'22',0.85,10,0,1,1432795368,-10,'/images/face/none.gif',3,NULL,1),(224,48,'aa9',1,'16',0.75,20,0,0,1432795373,0,'/images/face/none.gif',14,NULL,0),(225,44,'aa9',1,'25',0.87,10,0,0,1432795379,0,'/images/face/none.gif',14,NULL,0),(226,47,'aa1',2,'22',0.75,10,0,1,1432795744,-10,'/images/face/none.gif',3,NULL,1),(227,47,'aa1',3,'23',10,12,0,1,1432795860,-12,'/images/face/none.gif',3,19,1),(228,46,'aa1',2,'20',0.87,12,0,1,1432795929,12,'/images/face/none.gif',3,NULL,1),(229,46,'aa1',3,'21',5,12,0,1,1432795936,-12,'/images/face/none.gif',3,11,1),(230,46,'aa1',3,'21',10,12,0,1,1432796011,-12,'/images/face/none.gif',3,18,1),(231,48,'aa1',1,'17',0.75,12,0,0,1432796061,0,'/images/face/none.gif',3,NULL,0),(232,48,'aa1',2,'17',0.85,12,0,0,1432796087,0,'/images/face/none.gif',3,NULL,0),(233,48,'aa1',3,'17',5,12,0,0,1432796094,0,'/images/face/none.gif',3,14,0),(234,44,'aa1',1,'25',0.87,12,0,0,1432796103,0,'/images/face/none.gif',3,NULL,0),(235,44,'aa1',2,'25',0.75,12,0,0,1432796112,0,'/images/face/none.gif',3,NULL,0),(236,44,'aa1',3,'25',12,12,0,0,1432796231,0,'/images/face/none.gif',3,18,0),(237,50,'aa1',1,'24',0.75,12,0,0,1432796266,0,'/images/face/none.gif',3,NULL,0),(238,45,'aa1',2,'27',0.8,12,0,0,1432796328,0,'/images/face/none.gif',3,NULL,0),(239,45,'aa1',3,'27',6,12,0,0,1432796357,0,'/images/face/none.gif',3,7,0),(240,45,'aa1',3,'27',13,12,0,0,1432796375,0,'/images/face/none.gif',3,17,0),(241,47,'aa1',3,'23',6,12,0,1,1432796412,-12,'/images/face/none.gif',3,15,1),(242,54,'aa9',1,'24',0.75,10,0,1,1432798061,17.5,'/images/face/none.gif',14,NULL,1),(243,54,'aa9',2,'24',0.85,10,0,1,1432798071,18.5,'/images/face/none.gif',14,NULL,1),(244,55,'ning',1,'27',1,100,0,1,1432819348,200,'/images/face/none.gif',2,NULL,1),(245,47,'ning',1,'23',0.75,1000,0,1,1432820737,1750,'/images/face/none.gif',2,NULL,1),(246,58,'frankpm',3,'20',0.85,500,0,1,1433866053,-500,'/images/face/',20030115,10,1),(247,58,'frankpm',1,'21',0.85,200,0,1,1433866069,-200,'/images/face/',20030115,NULL,1),(248,58,'frankpm',2,'21',0.85,200,0,1,1433866087,-200,'/images/face/',20030115,NULL,1),(249,58,'frankpm',3,'20',0.85,500,0,1,1433866104,-500,'/images/face/',20030115,9,1),(250,60,'frankpm',3,'22',0.5,500,0,1,1433867143,750,'/images/face/',20030115,15,1),(251,60,'frankpm',1,'22',0.5,500,0,1,1433867155,750,'/images/face/',20030115,NULL,1),(252,60,'frankpm',2,'22',0.5,500,0,1,1433867178,750,'/images/face/',20030115,NULL,1),(253,60,'admin',3,'22',0.5,100,0,1,1434465892,-100,'/images/face/none.gif',1,7,1),(254,60,'admin',3,'22',0.5,100,0,1,1434467037,-100,'/images/face/none.gif',1,10,1),(255,61,'admin',3,'23',1,100,0,1,1434508895,-100,'/images/face/none.gif',1,7,1),(256,61,'admin',3,'23',5,100,0,1,1434518138,-100,'/images/face/none.gif',1,19,1),(257,62,'admin',3,'21',5,100,0,1,1434522633,-100,'/images/face/none.gif',1,15,1),(258,63,'frankpm',3,'17',0.5,500,0,1,1434541542,750,'/images/face/2.gif',20030115,19,1),(259,63,'frankpm',1,'16',0.5,200,0,1,1434541553,-200,'/images/face/2.gif',20030115,NULL,1),(260,63,'frankpm',2,'16',0.5,300,0,1,1434541594,-300,'/images/face/2.gif',20030115,NULL,1),(261,64,'frankpm',1,'23',0.5,5000,0,1,1434544243,7500,'/images/face/2.gif',20030115,NULL,1),(262,65,'frankpm',1,'27',0.5,500,0,1,1434544842,750,'/images/face/2.gif',20030115,NULL,1),(263,65,'frankpm',2,'27',0.5,1000,0,1,1434544865,1500,'/images/face/2.gif',20030115,NULL,1),(264,65,'frankpm',3,'27',0.5,1000,0,1,1434544909,1500,'/images/face/2.gif',20030115,19,1),(265,66,'frankpm',1,'20',1.55555,200,0,0,1435236929,0,'/images/face/2.gif',20030115,NULL,0),(266,66,'frankpm',2,'20',1.55555,300,0,0,1435236940,0,'/images/face/2.gif',20030115,NULL,0),(267,66,'frankpm',3,'20',1.55555,500,0,0,1435236952,0,'/images/face/2.gif',20030115,15,0),(268,67,'frankpm',1,'25',1.55555,2000,0,1,1435237152,5111,'/images/face/2.gif',20030115,NULL,1),(269,67,'frankpm',2,'25',1.55555,2000,0,1,1435237161,5111,'/images/face/2.gif',20030115,NULL,1),(270,67,'frankpm',3,'25',1.55555,2000,0,1,1435237176,5111,'/images/face/2.gif',20030115,15,1),(271,68,'frankpm',1,'25',1.55,350,0,1,1435237701,892,'/images/face/2.gif',20030115,NULL,1),(272,68,'frankpm',3,'25',1.55,350,0,1,1435237716,892,'/images/face/2.gif',20030115,15,1),(273,68,'admin',3,'25',1.55,200,0,0,1435559925,0,'/images/face/none.gif',1,18,0),(274,68,'admin',3,'25',1.55,150,0,0,1435560569,0,'/images/face/none.gif',1,7,0);
/*!40000 ALTER TABLE `buy_info` ENABLE KEYS */;
UNLOCK TABLES;

--
-- Table structure for table `config`
--

DROP TABLE IF EXISTS `config`;
/*!40101 SET @saved_cs_client     = @@character_set_client */;
/*!40101 SET character_set_client = utf8 */;
CREATE TABLE `config` (
  `forecast` varchar(200) DEFAULT NULL,
  `analysis` varchar(200) DEFAULT NULL,
  `notice` varchar(200) DEFAULT NULL,
  `link` varchar(200) DEFAULT NULL
) ENGINE=MyISAM DEFAULT CHARSET=utf8;
/*!40101 SET character_set_client = @saved_cs_client */;

--
-- Dumping data for table `config`
--

LOCK TABLES `config` WRITE;
/*!40000 ALTER TABLE `config` DISABLE KEYS */;
INSERT INTO `config` VALUES ('http://saishi.zgzcw.com/soccer/league/36/2014-2015/pkcx','http://news.zgzcw.com/','下周开始添加日本J联赛','http://www.wk.com1');
/*!40000 ALTER TABLE `config` ENABLE KEYS */;
UNLOCK TABLES;

--
-- Table structure for table `content`
--

DROP TABLE IF EXISTS `content`;
/*!40101 SET @saved_cs_client     = @@character_set_client */;
/*!40101 SET character_set_client = utf8 */;
CREATE TABLE `content` (
  `id` int(11) NOT NULL AUTO_INCREMENT,
  `title` varchar(200) DEFAULT NULL,
  `url` varchar(200) DEFAULT NULL,
  PRIMARY KEY (`id`)
) ENGINE=MyISAM AUTO_INCREMENT=25 DEFAULT CHARSET=utf8;
/*!40101 SET character_set_client = @saved_cs_client */;

--
-- Dumping data for table `content`
--

LOCK TABLES `content` WRITE;
/*!40000 ALTER TABLE `content` DISABLE KEYS */;
INSERT INTO `content` VALUES (14,'分析123','www.online.sh.cn'),(15,'分析234','www.sina.com.cn'),(16,'123分析','www.yahoo.com.cn'),(17,'123分析23','www.163.com'),(18,'分析678','www.123cha.com'),(19,'分析456','www.sohu.com'),(20,'978分析','www.baidu.com'),(21,'0987_分析','www.google.com'),(22,'sdsd分析','www.google.ca'),(23,'分析sdsdsww','www.baidu.com'),(24,'YUsh分析','www.yahoo.com');
/*!40000 ALTER TABLE `content` ENABLE KEYS */;
UNLOCK TABLES;

--
-- Table structure for table `dish`
--

DROP TABLE IF EXISTS `dish`;
/*!40101 SET @saved_cs_client     = @@character_set_client */;
/*!40101 SET character_set_client = utf8 */;
CREATE TABLE `dish` (
  `id` int(11) NOT NULL AUTO_INCREMENT,
  `name` varchar(200) NOT NULL,
  `buy_start_time` int(11) NOT NULL,
  `buy_end_time` int(11) NOT NULL,
  `game_start_time` int(11) NOT NULL,
  `min_money` float NOT NULL,
  `max_money` float NOT NULL,
  `team_a` int(11) NOT NULL,
  `big_num` int(11) NOT NULL,
  `comity_a` int(100) NOT NULL,
  `ball_a` text NOT NULL,
  `ball_b` text NOT NULL,
  `url` varchar(500) NOT NULL,
  `team_b` int(11) NOT NULL,
  `big_pro` float NOT NULL,
  `small_num` int(11) NOT NULL,
  `small_pro` float NOT NULL,
  `comity_a_pro` float NOT NULL,
  `comity_b` int(11) NOT NULL,
  `comity_b_pro` float NOT NULL,
  `league` int(11) NOT NULL,
  `is_pay` int(11) NOT NULL DEFAULT '0',
  `insert_time` datetime NOT NULL,
  `total` float DEFAULT '0',
  `team_a_score` int(11) NOT NULL,
  `team_b_score` int(11) NOT NULL,
  `comity_win` int(11) NOT NULL COMMENT '0 1 2 0为合 1为A 2为B',
  `big_small_win` int(11) NOT NULL COMMENT '0,1,2 0=合,1=BIG,2=small',
  `ball_a_score` int(11) NOT NULL COMMENT '波胆的ID',
  `ball_b_score` int(11) NOT NULL COMMENT '波胆的ID',
  `users` varchar(100) DEFAULT NULL,
  `is_finish` int(2) DEFAULT '0' COMMENT '是否完成派奖0为未完成1为已完成',
  PRIMARY KEY (`id`)
) ENGINE=MyISAM AUTO_INCREMENT=70 DEFAULT CHARSET=utf8;
/*!40101 SET character_set_client = @saved_cs_client */;

--
-- Dumping data for table `dish`
--

LOCK TABLES `dish` WRITE;
/*!40000 ALTER TABLE `dish` DISABLE KEYS */;
INSERT INTO `dish` VALUES (1,'20150529[中超联赛]绿城VS河南建业xx',1430928000,1431791999,1432828800,100,2000,10,12,22,'a:5:{i:0;a:2:{s:4:\"ball\";s:2:\"15\";s:3:\"val\";s:1:\"2\";}i:1;a:2:{s:4:\"ball\";s:2:\"14\";s:3:\"val\";s:1:\"2\";}i:2;a:2:{s:4:\"ball\";s:2:\"11\";s:3:\"val\";s:1:\"2\";}i:3;a:2:{s:4:\"ball\";s:2:\"10\";s:3:\"val\";s:1:\"2\";}i:4;a:2:{s:4:\"ball\";s:1:\"7\";s:3:\"val\";s:3:\"666\";}}','a:3:{i:0;a:2:{s:4:\"ball\";s:2:\"15\";s:3:\"val\";s:1:\"2\";}i:1;a:2:{s:4:\"ball\";s:2:\"14\";s:3:\"val\";s:1:\"2\";}i:2;a:2:{s:4:\"ball\";s:1:\"7\";s:3:\"val\";s:3:\"777\";}}','fsfdasfa',10,2,2,22,22,2,2,2,1,'2015-05-18 00:33:13',0,0,0,0,0,0,0,'admin',1),(2,'20150529[中超联赛]绿城VS河南建业xx',1430928000,1431791999,1432828800,100,2000,10,12,22,'a:5:{i:0;a:2:{s:4:\"ball\";s:2:\"15\";s:3:\"val\";s:1:\"2\";}i:1;a:2:{s:4:\"ball\";s:2:\"14\";s:3:\"val\";s:1:\"2\";}i:2;a:2:{s:4:\"ball\";s:2:\"11\";s:3:\"val\";s:1:\"2\";}i:3;a:2:{s:4:\"ball\";s:2:\"10\";s:3:\"val\";s:1:\"2\";}i:4;a:2:{s:4:\"ball\";s:1:\"7\";s:3:\"val\";s:3:\"666\";}}','a:3:{i:0;a:2:{s:4:\"ball\";s:2:\"15\";s:3:\"val\";s:1:\"2\";}i:1;a:2:{s:4:\"ball\";s:2:\"14\";s:3:\"val\";s:1:\"2\";}i:2;a:2:{s:4:\"ball\";s:1:\"7\";s:3:\"val\";s:3:\"777\";}}','fsfdasfa',10,2,2,22,22,2,2,2,1,'2015-05-18 00:33:13',0,0,0,0,0,0,0,'admin',1),(4,'20150530[中超联赛]河南建业xxVS大连万达',1430755200,1431273599,1432915200,11,200,10,1,1,'a:6:{i:0;a:2:{s:4:\"ball\";s:2:\"15\";s:3:\"val\";s:1:\"1\";}i:1;a:2:{s:4:\"ball\";s:2:\"14\";s:3:\"val\";s:1:\"2\";}i:2;a:2:{s:4:\"ball\";s:2:\"11\";s:3:\"val\";s:1:\"3\";}i:3;a:2:{s:4:\"ball\";s:2:\"10\";s:3:\"val\";s:1:\"4\";}i:4;a:2:{s:4:\"ball\";s:1:\"9\";s:3:\"val\";s:1:\"5\";}i:5;a:2:{s:4:\"ball\";s:1:\"7\";s:3:\"val\";s:1:\"6\";}}','a:6:{i:0;a:2:{s:4:\"ball\";s:2:\"15\";s:3:\"val\";s:1:\"1\";}i:1;a:2:{s:4:\"ball\";s:2:\"14\";s:3:\"val\";s:2:\"11\";}i:2;a:2:{s:4:\"ball\";s:2:\"11\";s:3:\"val\";s:2:\"11\";}i:3;a:2:{s:4:\"ball\";s:2:\"10\";s:3:\"val\";s:1:\"1\";}i:4;a:2:{s:4:\"ball\";s:1:\"9\";s:3:\"val\";s:2:\"11\";}i:5;a:2:{s:4:\"ball\";s:1:\"7\";s:3:\"val\";s:1:\"1\";}}','http://www.qq.com',11,22,1,33,44,1,44,2,1,'2015-05-18 01:33:37',0,3,2,1,1,10,10,NULL,1),(47,'20150528[德甲联赛]多特蒙德VS拜仁慕尼黑',1432821050,1432821110,1432822200,1,1500,23,4,3,'a:10:{i:0;a:2:{s:4:\"ball\";s:2:\"19\";s:3:\"val\";s:2:\"10\";}i:1;a:2:{s:4:\"ball\";s:2:\"18\";s:3:\"val\";s:1:\"9\";}i:2;a:2:{s:4:\"ball\";s:2:\"17\";s:3:\"val\";s:1:\"8\";}i:3;a:2:{s:4:\"ball\";s:2:\"16\";s:3:\"val\";s:1:\"7\";}i:4;a:2:{s:4:\"ball\";s:2:\"15\";s:3:\"val\";s:1:\"6\";}i:5;a:2:{s:4:\"ball\";s:2:\"14\";s:3:\"val\";s:1:\"5\";}i:6;a:2:{s:4:\"ball\";s:2:\"11\";s:3:\"val\";s:1:\"4\";}i:7;a:2:{s:4:\"ball\";s:2:\"10\";s:3:\"val\";s:1:\"3\";}i:8;a:2:{s:4:\"ball\";s:1:\"9\";s:3:\"val\";s:1:\"2\";}i:9;a:2:{s:4:\"ball\";s:1:\"7\";s:3:\"val\";s:1:\"1\";}}','a:10:{i:0;a:2:{s:4:\"ball\";s:2:\"19\";s:3:\"val\";s:2:\"10\";}i:1;a:2:{s:4:\"ball\";s:2:\"18\";s:3:\"val\";s:1:\"9\";}i:2;a:2:{s:4:\"ball\";s:2:\"17\";s:3:\"val\";s:1:\"8\";}i:3;a:2:{s:4:\"ball\";s:2:\"16\";s:3:\"val\";s:1:\"7\";}i:4;a:2:{s:4:\"ball\";s:2:\"15\";s:3:\"val\";s:1:\"6\";}i:5;a:2:{s:4:\"ball\";s:2:\"14\";s:3:\"val\";s:1:\"5\";}i:6;a:2:{s:4:\"ball\";s:2:\"11\";s:3:\"val\";s:1:\"4\";}i:7;a:2:{s:4:\"ball\";s:2:\"10\";s:3:\"val\";s:1:\"3\";}i:8;a:2:{s:4:\"ball\";s:1:\"9\";s:3:\"val\";s:1:\"2\";}i:9;a:2:{s:4:\"ball\";s:1:\"7\";s:3:\"val\";s:1:\"1\";}}','http://jo2.host8.info/thread-htm-fid-373.html',22,0.76,4,0.75,0.75,-3,0.75,10,1,'2015-05-28 12:21:32',0,2,1,1,1,11,18,'admin',1),(8,'20150606[中超联赛]大连万达VS河南建业xx',1430064000,1431878399,1433599200,101,201,11,1,1,'a:6:{i:0;a:2:{s:4:\"ball\";s:2:\"15\";s:3:\"val\";s:1:\"1\";}i:1;a:2:{s:4:\"ball\";s:2:\"14\";s:3:\"val\";s:1:\"1\";}i:2;a:2:{s:4:\"ball\";s:2:\"11\";s:3:\"val\";s:1:\"1\";}i:3;a:2:{s:4:\"ball\";s:2:\"10\";s:3:\"val\";s:1:\"1\";}i:4;a:2:{s:4:\"ball\";s:1:\"9\";s:3:\"val\";s:1:\"1\";}i:5;a:2:{s:4:\"ball\";s:1:\"7\";s:3:\"val\";s:1:\"1\";}}','a:6:{i:0;a:2:{s:4:\"ball\";s:2:\"15\";s:3:\"val\";s:1:\"1\";}i:1;a:2:{s:4:\"ball\";s:2:\"14\";s:3:\"val\";s:1:\"1\";}i:2;a:2:{s:4:\"ball\";s:2:\"11\";s:3:\"val\";s:1:\"1\";}i:3;a:2:{s:4:\"ball\";s:2:\"10\";s:3:\"val\";s:2:\"11\";}i:4;a:2:{s:4:\"ball\";s:1:\"9\";s:3:\"val\";s:1:\"1\";}i:5;a:2:{s:4:\"ball\";s:1:\"7\";s:3:\"val\";s:1:\"1\";}}','fdafassss',10,1,1,1,11,1,11,2,1,'2015-05-18 02:03:47',0,0,0,0,0,0,0,'admin',1),(46,'20150528[中超联赛]北京国安VS 上海申花',1432789200,1432821600,1432822200,10,1000,21,3,-3,'a:10:{i:0;a:2:{s:4:\"ball\";s:2:\"19\";s:3:\"val\";s:2:\"11\";}i:1;a:2:{s:4:\"ball\";s:2:\"18\";s:3:\"val\";s:2:\"10\";}i:2;a:2:{s:4:\"ball\";s:2:\"17\";s:3:\"val\";s:1:\"9\";}i:3;a:2:{s:4:\"ball\";s:2:\"16\";s:3:\"val\";s:1:\"8\";}i:4;a:2:{s:4:\"ball\";s:2:\"15\";s:3:\"val\";s:1:\"7\";}i:5;a:2:{s:4:\"ball\";s:2:\"14\";s:3:\"val\";s:1:\"6\";}i:6;a:2:{s:4:\"ball\";s:2:\"11\";s:3:\"val\";s:1:\"5\";}i:7;a:2:{s:4:\"ball\";s:2:\"10\";s:3:\"val\";s:1:\"4\";}i:8;a:2:{s:4:\"ball\";s:1:\"9\";s:3:\"val\";s:1:\"3\";}i:9;a:2:{s:4:\"ball\";s:1:\"7\";s:3:\"val\";s:1:\"2\";}}','a:10:{i:0;a:2:{s:4:\"ball\";s:2:\"19\";s:3:\"val\";s:2:\"10\";}i:1;a:2:{s:4:\"ball\";s:2:\"18\";s:3:\"val\";s:1:\"9\";}i:2;a:2:{s:4:\"ball\";s:2:\"17\";s:3:\"val\";s:1:\"8\";}i:3;a:2:{s:4:\"ball\";s:2:\"16\";s:3:\"val\";s:1:\"7\";}i:4;a:2:{s:4:\"ball\";s:2:\"15\";s:3:\"val\";s:1:\"6\";}i:5;a:2:{s:4:\"ball\";s:2:\"14\";s:3:\"val\";s:1:\"5\";}i:6;a:2:{s:4:\"ball\";s:2:\"11\";s:3:\"val\";s:1:\"4\";}i:7;a:2:{s:4:\"ball\";s:2:\"10\";s:3:\"val\";s:1:\"3\";}i:8;a:2:{s:4:\"ball\";s:1:\"9\";s:3:\"val\";s:1:\"2\";}i:9;a:2:{s:4:\"ball\";s:1:\"7\";s:3:\"val\";s:1:\"1\";}}','http://jo2.host8.info/thread-htm-fid-373.html',20,0.85,3,0.87,1.25,3,1.1,8,1,'2015-05-28 12:19:47',0,2,2,0,0,9,9,'admin',1),(11,'20150529[中超联赛]河南建业VS绿城',1430928000,1432382759,1432828800,100,200,10,2,2,'a:6:{i:0;a:2:{s:4:\"ball\";s:2:\"15\";s:3:\"val\";s:1:\"1\";}i:1;a:2:{s:4:\"ball\";s:2:\"14\";s:3:\"val\";s:1:\"2\";}i:2;a:2:{s:4:\"ball\";s:2:\"11\";s:3:\"val\";s:1:\"2\";}i:3;a:2:{s:4:\"ball\";s:2:\"10\";s:3:\"val\";s:1:\"2\";}i:4;a:2:{s:4:\"ball\";s:1:\"9\";s:3:\"val\";s:1:\"2\";}i:5;a:2:{s:4:\"ball\";s:1:\"7\";s:3:\"val\";s:1:\"2\";}}','a:6:{i:0;a:2:{s:4:\"ball\";s:2:\"15\";s:3:\"val\";s:1:\"5\";}i:1;a:2:{s:4:\"ball\";s:2:\"14\";s:3:\"val\";s:1:\"5\";}i:2;a:2:{s:4:\"ball\";s:2:\"11\";s:3:\"val\";s:1:\"5\";}i:3;a:2:{s:4:\"ball\";s:2:\"10\";s:3:\"val\";s:1:\"5\";}i:4;a:2:{s:4:\"ball\";s:1:\"9\";s:3:\"val\";s:1:\"5\";}i:5;a:2:{s:4:\"ball\";s:1:\"7\";s:3:\"val\";s:1:\"5\";}}','',12,5,2,2,1,5,2,2,1,'0000-00-00 00:00:00',0,3,3,0,0,11,11,'admin',1),(12,'20150528[中超联赛]绿城VS河南建业',1431532800,1432383479,1432742400,10,500,12,1,1,'a:6:{i:0;a:2:{s:4:\"ball\";s:2:\"15\";s:3:\"val\";s:2:\"52\";}i:1;a:2:{s:4:\"ball\";s:2:\"14\";s:3:\"val\";s:2:\"42\";}i:2;a:2:{s:4:\"ball\";s:2:\"11\";s:3:\"val\";s:2:\"33\";}i:3;a:2:{s:4:\"ball\";s:2:\"10\";s:3:\"val\";s:2:\"32\";}i:4;a:2:{s:4:\"ball\";s:1:\"9\";s:3:\"val\";s:2:\"22\";}i:5;a:2:{s:4:\"ball\";s:1:\"7\";s:3:\"val\";s:2:\"12\";}}','a:6:{i:0;a:2:{s:4:\"ball\";s:2:\"15\";s:3:\"val\";s:2:\"52\";}i:1;a:2:{s:4:\"ball\";s:2:\"14\";s:3:\"val\";s:2:\"42\";}i:2;a:2:{s:4:\"ball\";s:2:\"11\";s:3:\"val\";s:2:\"33\";}i:3;a:2:{s:4:\"ball\";s:2:\"10\";s:3:\"val\";s:2:\"32\";}i:4;a:2:{s:4:\"ball\";s:1:\"9\";s:3:\"val\";s:2:\"22\";}i:5;a:2:{s:4:\"ball\";s:1:\"7\";s:3:\"val\";s:2:\"12\";}}','',10,20,10,20,20,1,20,2,1,'0000-00-00 00:00:00',0,0,0,2,2,10,10,'admin',1),(13,'20150530[中超联赛]绿城VS河南建业',1430841600,1432385999,1432915200,10,20,12,1,1,'a:6:{i:0;a:2:{s:4:\"ball\";s:2:\"15\";s:3:\"val\";s:1:\"1\";}i:1;a:2:{s:4:\"ball\";s:2:\"14\";s:3:\"val\";s:2:\"11\";}i:2;a:2:{s:4:\"ball\";s:2:\"11\";s:3:\"val\";s:1:\"1\";}i:3;a:2:{s:4:\"ball\";s:2:\"10\";s:3:\"val\";s:1:\"1\";}i:4;a:2:{s:4:\"ball\";s:1:\"9\";s:3:\"val\";s:1:\"1\";}i:5;a:2:{s:4:\"ball\";s:1:\"7\";s:3:\"val\";s:1:\"1\";}}','a:6:{i:0;a:2:{s:4:\"ball\";s:2:\"15\";s:3:\"val\";s:1:\"1\";}i:1;a:2:{s:4:\"ball\";s:2:\"14\";s:3:\"val\";s:2:\"11\";}i:2;a:2:{s:4:\"ball\";s:2:\"11\";s:3:\"val\";s:1:\"1\";}i:3;a:2:{s:4:\"ball\";s:2:\"10\";s:3:\"val\";s:1:\"1\";}i:4;a:2:{s:4:\"ball\";s:1:\"9\";s:3:\"val\";s:1:\"1\";}i:5;a:2:{s:4:\"ball\";s:1:\"7\";s:3:\"val\";s:2:\"11\";}}','1',10,1,1,1,1,1,1,2,1,'0000-00-00 00:00:00',0,2,2,1,1,15,15,'admin',1),(14,'20150529[中超联赛]河南建业VS绿城',1430323200,1432387259,1432828800,20,200,10,10,10,'a:6:{i:0;a:2:{s:4:\"ball\";s:2:\"15\";s:3:\"val\";s:2:\"10\";}i:1;a:2:{s:4:\"ball\";s:2:\"14\";s:3:\"val\";s:2:\"10\";}i:2;a:2:{s:4:\"ball\";s:2:\"11\";s:3:\"val\";s:2:\"10\";}i:3;a:2:{s:4:\"ball\";s:2:\"10\";s:3:\"val\";s:2:\"10\";}i:4;a:2:{s:4:\"ball\";s:1:\"9\";s:3:\"val\";s:2:\"10\";}i:5;a:2:{s:4:\"ball\";s:1:\"7\";s:3:\"val\";s:2:\"10\";}}','a:6:{i:0;a:2:{s:4:\"ball\";s:2:\"15\";s:3:\"val\";s:2:\"10\";}i:1;a:2:{s:4:\"ball\";s:2:\"14\";s:3:\"val\";s:2:\"10\";}i:2;a:2:{s:4:\"ball\";s:2:\"11\";s:3:\"val\";s:2:\"10\";}i:3;a:2:{s:4:\"ball\";s:2:\"10\";s:3:\"val\";s:2:\"10\";}i:4;a:2:{s:4:\"ball\";s:1:\"9\";s:3:\"val\";s:2:\"10\";}i:5;a:2:{s:4:\"ball\";s:1:\"7\";s:3:\"val\";s:2:\"10\";}}','http://www.jubaobi.com',12,10,10,10,10,10,10,2,1,'0000-00-00 00:00:00',0,20,20,1,1,15,15,'admin',1),(15,'20150530[中超联赛]绿城VS河南建业',1430928000,1432395539,1432915200,10,2000,12,10,10,'a:6:{i:0;a:2:{s:4:\"ball\";s:2:\"15\";s:3:\"val\";s:2:\"10\";}i:1;a:2:{s:4:\"ball\";s:2:\"14\";s:3:\"val\";s:2:\"10\";}i:2;a:2:{s:4:\"ball\";s:2:\"11\";s:3:\"val\";s:2:\"10\";}i:3;a:2:{s:4:\"ball\";s:2:\"10\";s:3:\"val\";s:2:\"10\";}i:4;a:2:{s:4:\"ball\";s:1:\"9\";s:3:\"val\";s:2:\"10\";}i:5;a:2:{s:4:\"ball\";s:1:\"7\";s:3:\"val\";s:2:\"10\";}}','a:6:{i:0;a:2:{s:4:\"ball\";s:2:\"15\";s:3:\"val\";s:2:\"10\";}i:1;a:2:{s:4:\"ball\";s:2:\"14\";s:3:\"val\";s:2:\"10\";}i:2;a:2:{s:4:\"ball\";s:2:\"11\";s:3:\"val\";s:2:\"10\";}i:3;a:2:{s:4:\"ball\";s:2:\"10\";s:3:\"val\";s:2:\"10\";}i:4;a:2:{s:4:\"ball\";s:1:\"9\";s:3:\"val\";s:2:\"10\";}i:5;a:2:{s:4:\"ball\";s:1:\"7\";s:3:\"val\";s:2:\"10\";}}','http://www.qq.com',10,10,10,10,10,10,10,2,1,'0000-00-00 00:00:00',0,3,2,1,2,15,15,'admin',1),(16,'20150527[西甲联赛]巴萨罗那VS皇家马德里',1432533600,1432645200,1432656000,10,1000,15,4,-2,'a:6:{i:0;a:2:{s:4:\"ball\";s:2:\"15\";s:3:\"val\";s:2:\"15\";}i:1;a:2:{s:4:\"ball\";s:2:\"14\";s:3:\"val\";s:2:\"12\";}i:2;a:2:{s:4:\"ball\";s:2:\"11\";s:3:\"val\";s:1:\"8\";}i:3;a:2:{s:4:\"ball\";s:2:\"10\";s:3:\"val\";s:1:\"6\";}i:4;a:2:{s:4:\"ball\";s:1:\"9\";s:3:\"val\";s:1:\"3\";}i:5;a:2:{s:4:\"ball\";s:1:\"7\";s:3:\"val\";s:3:\"2.5\";}}','a:6:{i:0;a:2:{s:4:\"ball\";s:2:\"15\";s:3:\"val\";s:2:\"16\";}i:1;a:2:{s:4:\"ball\";s:2:\"14\";s:3:\"val\";s:2:\"11\";}i:2;a:2:{s:4:\"ball\";s:2:\"11\";s:3:\"val\";s:1:\"9\";}i:3;a:2:{s:4:\"ball\";s:2:\"10\";s:3:\"val\";s:1:\"7\";}i:4;a:2:{s:4:\"ball\";s:1:\"9\";s:3:\"val\";s:1:\"4\";}i:5;a:2:{s:4:\"ball\";s:1:\"7\";s:3:\"val\";s:3:\"2.6\";}}','http://jo2.host8.info/read-htm-tid-4877103.html',14,1,4,1,1,2,1,6,1,'0000-00-00 00:00:00',0,3,3,0,0,11,11,'admin',1),(17,'20150527[欧冠联赛]皇家马德里VS巴萨罗那',1432537500,1432396799,1432656000,10,2000,14,3,-3,'a:6:{i:0;a:2:{s:4:\"ball\";s:2:\"15\";s:3:\"val\";s:2:\"17\";}i:1;a:2:{s:4:\"ball\";s:2:\"14\";s:3:\"val\";s:2:\"15\";}i:2;a:2:{s:4:\"ball\";s:2:\"11\";s:3:\"val\";s:2:\"13\";}i:3;a:2:{s:4:\"ball\";s:2:\"10\";s:3:\"val\";s:2:\"11\";}i:4;a:2:{s:4:\"ball\";s:1:\"9\";s:3:\"val\";s:1:\"8\";}i:5;a:2:{s:4:\"ball\";s:1:\"7\";s:3:\"val\";s:1:\"4\";}}','a:6:{i:0;a:2:{s:4:\"ball\";s:2:\"15\";s:3:\"val\";s:2:\"19\";}i:1;a:2:{s:4:\"ball\";s:2:\"14\";s:3:\"val\";s:2:\"18\";}i:2;a:2:{s:4:\"ball\";s:2:\"11\";s:3:\"val\";s:2:\"14\";}i:3;a:2:{s:4:\"ball\";s:2:\"10\";s:3:\"val\";s:2:\"10\";}i:4;a:2:{s:4:\"ball\";s:1:\"9\";s:3:\"val\";s:1:\"9\";}i:5;a:2:{s:4:\"ball\";s:1:\"7\";s:3:\"val\";s:1:\"5\";}}','http://jo2.host8.info/read-htm-tid-4877103.html',15,1,3,1,1,3,1,7,1,'0000-00-00 00:00:00',0,1,2,2,2,7,0,'admin',1),(18,'20150525[英超联赛]曼联VS切尔西',1432483200,1432539600,1432483200,20,2000,17,3,-2,'a:6:{i:0;a:2:{s:4:\"ball\";s:2:\"15\";s:3:\"val\";s:2:\"17\";}i:1;a:2:{s:4:\"ball\";s:2:\"14\";s:3:\"val\";s:2:\"16\";}i:2;a:2:{s:4:\"ball\";s:2:\"11\";s:3:\"val\";s:2:\"15\";}i:3;a:2:{s:4:\"ball\";s:2:\"10\";s:3:\"val\";s:2:\"14\";}i:4;a:2:{s:4:\"ball\";s:1:\"9\";s:3:\"val\";s:2:\"13\";}i:5;a:2:{s:4:\"ball\";s:1:\"7\";s:3:\"val\";s:2:\"12\";}}','a:6:{i:0;a:2:{s:4:\"ball\";s:2:\"15\";s:3:\"val\";s:2:\"16\";}i:1;a:2:{s:4:\"ball\";s:2:\"14\";s:3:\"val\";s:2:\"15\";}i:2;a:2:{s:4:\"ball\";s:2:\"11\";s:3:\"val\";s:2:\"14\";}i:3;a:2:{s:4:\"ball\";s:2:\"10\";s:3:\"val\";s:2:\"13\";}i:4;a:2:{s:4:\"ball\";s:1:\"9\";s:3:\"val\";s:2:\"12\";}i:5;a:2:{s:4:\"ball\";s:1:\"7\";s:3:\"val\";s:2:\"11\";}}','http://jo2.host8.info/read-htm-tid-4877103.html',16,1,3,1,1,2,1,9,1,'0000-00-00 00:00:00',0,2,1,2,2,9,7,'admin',1),(19,'20150525[欧冠联赛]曼联VS皇家马德里',1432483200,1432538400,1432483200,100,2000,17,2,-2,'a:6:{i:0;a:2:{s:4:\"ball\";s:2:\"15\";s:3:\"val\";s:2:\"14\";}i:1;a:2:{s:4:\"ball\";s:2:\"14\";s:3:\"val\";s:2:\"13\";}i:2;a:2:{s:4:\"ball\";s:2:\"11\";s:3:\"val\";s:2:\"12\";}i:3;a:2:{s:4:\"ball\";s:2:\"10\";s:3:\"val\";s:2:\"11\";}i:4;a:2:{s:4:\"ball\";s:1:\"9\";s:3:\"val\";s:2:\"10\";}i:5;a:2:{s:4:\"ball\";s:1:\"7\";s:3:\"val\";s:1:\"9\";}}','a:6:{i:0;a:2:{s:4:\"ball\";s:2:\"15\";s:3:\"val\";s:2:\"13\";}i:1;a:2:{s:4:\"ball\";s:2:\"14\";s:3:\"val\";s:2:\"12\";}i:2;a:2:{s:4:\"ball\";s:2:\"11\";s:3:\"val\";s:2:\"11\";}i:3;a:2:{s:4:\"ball\";s:2:\"10\";s:3:\"val\";s:2:\"10\";}i:4;a:2:{s:4:\"ball\";s:1:\"9\";s:3:\"val\";s:1:\"9\";}i:5;a:2:{s:4:\"ball\";s:1:\"7\";s:3:\"val\";s:1:\"8\";}}','http://jo2.host8.info/read-htm-tid-4877103.html',14,2,2,3,2,2,3,7,1,'0000-00-00 00:00:00',0,4,2,2,2,14,14,'admin',1),(20,'20150525[欧冠联赛]皇家马德里VS切尔西',1432483200,1432540500,1432483200,10,1000,14,3,-2,'a:6:{i:0;a:2:{s:4:\"ball\";s:2:\"15\";s:3:\"val\";s:2:\"11\";}i:1;a:2:{s:4:\"ball\";s:2:\"14\";s:3:\"val\";s:2:\"10\";}i:2;a:2:{s:4:\"ball\";s:2:\"11\";s:3:\"val\";s:1:\"9\";}i:3;a:2:{s:4:\"ball\";s:2:\"10\";s:3:\"val\";s:1:\"8\";}i:4;a:2:{s:4:\"ball\";s:1:\"9\";s:3:\"val\";s:1:\"7\";}i:5;a:2:{s:4:\"ball\";s:1:\"7\";s:3:\"val\";s:1:\"6\";}}','a:6:{i:0;a:2:{s:4:\"ball\";s:2:\"15\";s:3:\"val\";s:2:\"10\";}i:1;a:2:{s:4:\"ball\";s:2:\"14\";s:3:\"val\";s:1:\"9\";}i:2;a:2:{s:4:\"ball\";s:2:\"11\";s:3:\"val\";s:1:\"8\";}i:3;a:2:{s:4:\"ball\";s:2:\"10\";s:3:\"val\";s:1:\"7\";}i:4;a:2:{s:4:\"ball\";s:1:\"9\";s:3:\"val\";s:1:\"6\";}i:5;a:2:{s:4:\"ball\";s:1:\"7\";s:3:\"val\";s:1:\"5\";}}','http://jo2.host8.info/read-htm-tid-4877103.html',16,1,3,1,1,2,1,7,1,'0000-00-00 00:00:00',0,1,2,1,2,7,0,'admin',1),(21,'20150525[西甲联赛]巴萨罗那VS皇家马德里',1432483200,1432541100,1432483200,10,100,15,3,3,'a:6:{i:0;a:2:{s:4:\"ball\";s:2:\"15\";s:3:\"val\";s:1:\"3\";}i:1;a:2:{s:4:\"ball\";s:2:\"14\";s:3:\"val\";s:1:\"3\";}i:2;a:2:{s:4:\"ball\";s:2:\"11\";s:3:\"val\";s:1:\"3\";}i:3;a:2:{s:4:\"ball\";s:2:\"10\";s:3:\"val\";s:1:\"3\";}i:4;a:2:{s:4:\"ball\";s:1:\"9\";s:3:\"val\";s:1:\"3\";}i:5;a:2:{s:4:\"ball\";s:1:\"7\";s:3:\"val\";s:1:\"3\";}}','a:6:{i:0;a:2:{s:4:\"ball\";s:2:\"15\";s:3:\"val\";s:1:\"4\";}i:1;a:2:{s:4:\"ball\";s:2:\"14\";s:3:\"val\";s:1:\"4\";}i:2;a:2:{s:4:\"ball\";s:2:\"11\";s:3:\"val\";s:1:\"4\";}i:3;a:2:{s:4:\"ball\";s:2:\"10\";s:3:\"val\";s:1:\"4\";}i:4;a:2:{s:4:\"ball\";s:1:\"9\";s:3:\"val\";s:1:\"4\";}i:5;a:2:{s:4:\"ball\";s:1:\"7\";s:3:\"val\";s:1:\"4\";}}','http://jo2.host8.info/read-htm-tid-4877103.html',14,3,3,3,3,-3,3,6,1,'0000-00-00 00:00:00',0,0,0,0,0,0,0,'admin',1),(22,'20150525[英超联赛]曼联VS切尔西',1432483200,1432545600,1432483200,10,1000,17,3,3,'a:6:{i:0;a:2:{s:4:\"ball\";s:2:\"15\";s:3:\"val\";s:1:\"9\";}i:1;a:2:{s:4:\"ball\";s:2:\"14\";s:3:\"val\";s:1:\"8\";}i:2;a:2:{s:4:\"ball\";s:2:\"11\";s:3:\"val\";s:1:\"7\";}i:3;a:2:{s:4:\"ball\";s:2:\"10\";s:3:\"val\";s:1:\"6\";}i:4;a:2:{s:4:\"ball\";s:1:\"9\";s:3:\"val\";s:1:\"5\";}i:5;a:2:{s:4:\"ball\";s:1:\"7\";s:3:\"val\";s:1:\"4\";}}','a:6:{i:0;a:2:{s:4:\"ball\";s:2:\"15\";s:3:\"val\";s:1:\"8\";}i:1;a:2:{s:4:\"ball\";s:2:\"14\";s:3:\"val\";s:1:\"7\";}i:2;a:2:{s:4:\"ball\";s:2:\"11\";s:3:\"val\";s:1:\"6\";}i:3;a:2:{s:4:\"ball\";s:2:\"10\";s:3:\"val\";s:1:\"5\";}i:4;a:2:{s:4:\"ball\";s:1:\"9\";s:3:\"val\";s:1:\"4\";}i:5;a:2:{s:4:\"ball\";s:1:\"7\";s:3:\"val\";s:1:\"3\";}}','http://jo2.host8.info/read-htm-tid-4877103.html',16,3,3,3,3,3,3,9,1,'0000-00-00 00:00:00',0,2,1,0,0,0,7,'admin',1),(23,'20150525[欧冠联赛]切尔西VS巴萨罗那',1432483200,1432546260,1432483200,10,1000,16,1,2,'a:6:{i:0;a:2:{s:4:\"ball\";s:2:\"15\";s:3:\"val\";s:1:\"8\";}i:1;a:2:{s:4:\"ball\";s:2:\"14\";s:3:\"val\";s:1:\"7\";}i:2;a:2:{s:4:\"ball\";s:2:\"11\";s:3:\"val\";s:1:\"6\";}i:3;a:2:{s:4:\"ball\";s:2:\"10\";s:3:\"val\";s:1:\"5\";}i:4;a:2:{s:4:\"ball\";s:1:\"9\";s:3:\"val\";s:1:\"4\";}i:5;a:2:{s:4:\"ball\";s:1:\"7\";s:3:\"val\";s:1:\"3\";}}','a:6:{i:0;a:2:{s:4:\"ball\";s:2:\"15\";s:3:\"val\";s:1:\"7\";}i:1;a:2:{s:4:\"ball\";s:2:\"14\";s:3:\"val\";s:1:\"6\";}i:2;a:2:{s:4:\"ball\";s:2:\"11\";s:3:\"val\";s:1:\"5\";}i:3;a:2:{s:4:\"ball\";s:2:\"10\";s:3:\"val\";s:1:\"4\";}i:4;a:2:{s:4:\"ball\";s:1:\"9\";s:3:\"val\";s:1:\"3\";}i:5;a:2:{s:4:\"ball\";s:1:\"7\";s:3:\"val\";s:1:\"2\";}}','http://jo2.host8.info/read-htm-tid-4877103.html',15,1,1,1,2,2,2,7,1,'0000-00-00 00:00:00',0,2,2,0,0,9,9,'admin',1),(24,'20150525[英超联赛]切尔西VS曼联',1432483200,1432547700,1432483200,10,100,16,1,1,'a:6:{i:0;a:2:{s:4:\"ball\";s:2:\"15\";s:3:\"val\";s:1:\"7\";}i:1;a:2:{s:4:\"ball\";s:2:\"14\";s:3:\"val\";s:1:\"6\";}i:2;a:2:{s:4:\"ball\";s:2:\"11\";s:3:\"val\";s:1:\"5\";}i:3;a:2:{s:4:\"ball\";s:2:\"10\";s:3:\"val\";s:1:\"4\";}i:4;a:2:{s:4:\"ball\";s:1:\"9\";s:3:\"val\";s:1:\"3\";}i:5;a:2:{s:4:\"ball\";s:1:\"7\";s:3:\"val\";s:1:\"2\";}}','a:6:{i:0;a:2:{s:4:\"ball\";s:2:\"15\";s:3:\"val\";s:1:\"6\";}i:1;a:2:{s:4:\"ball\";s:2:\"14\";s:3:\"val\";s:1:\"5\";}i:2;a:2:{s:4:\"ball\";s:2:\"11\";s:3:\"val\";s:1:\"4\";}i:3;a:2:{s:4:\"ball\";s:2:\"10\";s:3:\"val\";s:1:\"3\";}i:4;a:2:{s:4:\"ball\";s:1:\"9\";s:3:\"val\";s:1:\"2\";}i:5;a:2:{s:4:\"ball\";s:1:\"7\";s:3:\"val\";s:1:\"1\";}}','http://jo2.host8.info/read-htm-tid-4877103.html',17,1,1,1,1,1,1,9,1,'0000-00-00 00:00:00',0,0,0,0,0,11,11,'admin',1),(25,'20150528[欧冠联赛]巴萨罗那VS皇家马德里',1430928000,1432223999,1432742400,100,120,15,1,1,'a:6:{i:0;a:2:{s:4:\"ball\";s:2:\"15\";s:3:\"val\";s:4:\"0.52\";}i:1;a:2:{s:4:\"ball\";s:2:\"14\";s:3:\"val\";s:4:\"0.53\";}i:2;a:2:{s:4:\"ball\";s:2:\"11\";s:3:\"val\";s:4:\"0.51\";}i:3;a:2:{s:4:\"ball\";s:2:\"10\";s:3:\"val\";s:4:\"0.55\";}i:4;a:2:{s:4:\"ball\";s:1:\"9\";s:3:\"val\";s:4:\"0.56\";}i:5;a:2:{s:4:\"ball\";s:1:\"7\";s:3:\"val\";s:4:\"0.54\";}}','a:6:{i:0;a:2:{s:4:\"ball\";s:2:\"15\";s:3:\"val\";s:4:\"0.54\";}i:1;a:2:{s:4:\"ball\";s:2:\"14\";s:3:\"val\";s:4:\"0.17\";}i:2;a:2:{s:4:\"ball\";s:2:\"11\";s:3:\"val\";s:4:\"0.85\";}i:3;a:2:{s:4:\"ball\";s:2:\"10\";s:3:\"val\";s:4:\"0.95\";}i:4;a:2:{s:4:\"ball\";s:1:\"9\";s:3:\"val\";s:4:\"0.99\";}i:5;a:2:{s:4:\"ball\";s:1:\"7\";s:3:\"val\";s:4:\"0.51\";}}','http://www.qq.com',14,0.52,1,0.53,0.21,2,0.21,7,1,'0000-00-00 00:00:00',0,2,100,1,1,14,14,'admin',1),(26,'20150606[英超联赛]切尔西VS曼联',1430236800,1432310399,1433520000,10,200,16,1,1,'a:6:{i:0;a:2:{s:4:\"ball\";s:2:\"15\";s:3:\"val\";s:4:\"0.85\";}i:1;a:2:{s:4:\"ball\";s:2:\"14\";s:3:\"val\";s:4:\"0.85\";}i:2;a:2:{s:4:\"ball\";s:2:\"11\";s:3:\"val\";s:4:\"0.85\";}i:3;a:2:{s:4:\"ball\";s:2:\"10\";s:3:\"val\";s:4:\"0.85\";}i:4;a:2:{s:4:\"ball\";s:1:\"9\";s:3:\"val\";s:4:\"0.85\";}i:5;a:2:{s:4:\"ball\";s:1:\"7\";s:3:\"val\";s:4:\"0.85\";}}','a:6:{i:0;a:2:{s:4:\"ball\";s:2:\"15\";s:3:\"val\";s:4:\"0.85\";}i:1;a:2:{s:4:\"ball\";s:2:\"14\";s:3:\"val\";s:4:\"0.85\";}i:2;a:2:{s:4:\"ball\";s:2:\"11\";s:3:\"val\";s:4:\"0.85\";}i:3;a:2:{s:4:\"ball\";s:2:\"10\";s:3:\"val\";s:4:\"0.85\";}i:4;a:2:{s:4:\"ball\";s:1:\"9\";s:3:\"val\";s:4:\"0.85\";}i:5;a:2:{s:4:\"ball\";s:1:\"7\";s:3:\"val\";s:4:\"0.85\";}}','http://www.qq.com',17,0.85,2,0.85,0.85,1,0.85,9,1,'0000-00-00 00:00:00',0,1,2,2,2,14,14,'admin',1),(27,'20150530[英超联赛]曼联VS切尔西',1430150400,1432648799,1432915200,100,200,17,1,1,'a:6:{i:0;a:2:{s:4:\"ball\";s:2:\"15\";s:3:\"val\";s:1:\"1\";}i:1;a:2:{s:4:\"ball\";s:2:\"14\";s:3:\"val\";s:1:\"1\";}i:2;a:2:{s:4:\"ball\";s:2:\"11\";s:3:\"val\";s:1:\"1\";}i:3;a:2:{s:4:\"ball\";s:2:\"10\";s:3:\"val\";s:1:\"1\";}i:4;a:2:{s:4:\"ball\";s:1:\"9\";s:3:\"val\";s:1:\"1\";}i:5;a:2:{s:4:\"ball\";s:1:\"7\";s:3:\"val\";s:2:\"11\";}}','a:6:{i:0;a:2:{s:4:\"ball\";s:2:\"15\";s:3:\"val\";s:1:\"1\";}i:1;a:2:{s:4:\"ball\";s:2:\"14\";s:3:\"val\";s:1:\"1\";}i:2;a:2:{s:4:\"ball\";s:2:\"11\";s:3:\"val\";s:1:\"1\";}i:3;a:2:{s:4:\"ball\";s:2:\"10\";s:3:\"val\";s:1:\"1\";}i:4;a:2:{s:4:\"ball\";s:1:\"9\";s:3:\"val\";s:1:\"1\";}i:5;a:2:{s:4:\"ball\";s:1:\"7\";s:3:\"val\";s:1:\"1\";}}','dsaf',16,1,1,1,1,1,1,9,1,'0000-00-00 00:00:00',0,3,3,0,0,11,11,'admin',1),(28,'20150515[欧冠联赛]曼联VS皇家马德里',1430928000,1432575335,1431619200,11,222,17,1,1,'a:6:{i:0;a:2:{s:4:\"ball\";s:2:\"15\";s:3:\"val\";s:2:\"11\";}i:1;a:2:{s:4:\"ball\";s:2:\"14\";s:3:\"val\";s:1:\"1\";}i:2;a:2:{s:4:\"ball\";s:2:\"11\";s:3:\"val\";s:1:\"1\";}i:3;a:2:{s:4:\"ball\";s:2:\"10\";s:3:\"val\";s:1:\"1\";}i:4;a:2:{s:4:\"ball\";s:1:\"9\";s:3:\"val\";s:1:\"1\";}i:5;a:2:{s:4:\"ball\";s:1:\"7\";s:3:\"val\";s:1:\"1\";}}','a:6:{i:0;a:2:{s:4:\"ball\";s:2:\"15\";s:3:\"val\";s:1:\"1\";}i:1;a:2:{s:4:\"ball\";s:2:\"14\";s:3:\"val\";s:1:\"1\";}i:2;a:2:{s:4:\"ball\";s:2:\"11\";s:3:\"val\";s:2:\"11\";}i:3;a:2:{s:4:\"ball\";s:2:\"10\";s:3:\"val\";s:1:\"1\";}i:4;a:2:{s:4:\"ball\";s:1:\"9\";s:3:\"val\";s:1:\"1\";}i:5;a:2:{s:4:\"ball\";s:1:\"7\";s:3:\"val\";s:1:\"1\";}}','',14,10,1,1,1,1,1,7,1,'0000-00-00 00:00:00',0,0,0,0,0,0,0,'admin',1),(29,'20150526[英超联赛]曼联VS切尔西',1432569600,1432621800,1432622400,10,1000,17,2,-2,'a:6:{i:0;a:2:{s:4:\"ball\";s:2:\"15\";s:3:\"val\";s:4:\"14.8\";}i:1;a:2:{s:4:\"ball\";s:2:\"14\";s:3:\"val\";s:4:\"13.6\";}i:2;a:2:{s:4:\"ball\";s:2:\"11\";s:3:\"val\";s:4:\"11.5\";}i:3;a:2:{s:4:\"ball\";s:2:\"10\";s:3:\"val\";s:4:\"10.2\";}i:4;a:2:{s:4:\"ball\";s:1:\"9\";s:3:\"val\";s:3:\"9.8\";}i:5;a:2:{s:4:\"ball\";s:1:\"7\";s:3:\"val\";s:3:\"7.6\";}}','a:6:{i:0;a:2:{s:4:\"ball\";s:2:\"15\";s:3:\"val\";s:4:\"15.7\";}i:1;a:2:{s:4:\"ball\";s:2:\"14\";s:3:\"val\";s:4:\"14.4\";}i:2;a:2:{s:4:\"ball\";s:2:\"11\";s:3:\"val\";s:4:\"12.9\";}i:3;a:2:{s:4:\"ball\";s:2:\"10\";s:3:\"val\";s:4:\"11.1\";}i:4;a:2:{s:4:\"ball\";s:1:\"9\";s:3:\"val\";s:4:\"10.5\";}i:5;a:2:{s:4:\"ball\";s:1:\"7\";s:3:\"val\";s:3:\"9.6\";}}','http://jo2.host8.info/read-htm-tid-4877103.html',16,0.75,2,0.85,0.78,2,0.87,9,1,'0000-00-00 00:00:00',0,1,2,1,1,0,0,'admin',1),(30,'20150526[欧冠联赛]巴萨罗那VS曼联',1432569600,1432624859,1432625400,1,10000,15,3,-2,'a:6:{i:0;a:2:{s:4:\"ball\";s:2:\"15\";s:3:\"val\";s:2:\"15\";}i:1;a:2:{s:4:\"ball\";s:2:\"14\";s:3:\"val\";s:2:\"17\";}i:2;a:2:{s:4:\"ball\";s:2:\"11\";s:3:\"val\";s:2:\"14\";}i:3;a:2:{s:4:\"ball\";s:2:\"10\";s:3:\"val\";s:2:\"11\";}i:4;a:2:{s:4:\"ball\";s:1:\"9\";s:3:\"val\";s:1:\"3\";}i:5;a:2:{s:4:\"ball\";s:1:\"7\";s:3:\"val\";s:1:\"9\";}}','a:6:{i:0;a:2:{s:4:\"ball\";s:2:\"15\";s:3:\"val\";s:2:\"16\";}i:1;a:2:{s:4:\"ball\";s:2:\"14\";s:3:\"val\";s:2:\"15\";}i:2;a:2:{s:4:\"ball\";s:2:\"11\";s:3:\"val\";s:2:\"19\";}i:3;a:2:{s:4:\"ball\";s:2:\"10\";s:3:\"val\";s:2:\"13\";}i:4;a:2:{s:4:\"ball\";s:1:\"9\";s:3:\"val\";s:2:\"10\";}i:5;a:2:{s:4:\"ball\";s:1:\"7\";s:3:\"val\";s:1:\"4\";}}','http://www.163.com/special/0077450P/login_frame.html',17,0.78,3,0.86,0.87,2,0.76,7,1,'0000-00-00 00:00:00',0,1,3,1,2,0,0,'admin',1),(31,'20150606[欧冠联赛]曼联VS切尔西',1430150400,1430927999,1433520000,10,2000,17,2,2,'a:6:{i:0;a:2:{s:4:\"ball\";s:2:\"15\";s:3:\"val\";s:1:\"2\";}i:1;a:2:{s:4:\"ball\";s:2:\"14\";s:3:\"val\";s:1:\"2\";}i:2;a:2:{s:4:\"ball\";s:2:\"11\";s:3:\"val\";s:1:\"2\";}i:3;a:2:{s:4:\"ball\";s:2:\"10\";s:3:\"val\";s:1:\"2\";}i:4;a:2:{s:4:\"ball\";s:1:\"9\";s:3:\"val\";s:1:\"2\";}i:5;a:2:{s:4:\"ball\";s:1:\"7\";s:3:\"val\";s:1:\"2\";}}','a:6:{i:0;a:2:{s:4:\"ball\";s:2:\"15\";s:3:\"val\";s:1:\"2\";}i:1;a:2:{s:4:\"ball\";s:2:\"14\";s:3:\"val\";s:1:\"2\";}i:2;a:2:{s:4:\"ball\";s:2:\"11\";s:3:\"val\";s:1:\"2\";}i:3;a:2:{s:4:\"ball\";s:2:\"10\";s:3:\"val\";s:1:\"2\";}i:4;a:2:{s:4:\"ball\";s:1:\"9\";s:3:\"val\";s:1:\"2\";}i:5;a:2:{s:4:\"ball\";s:1:\"7\";s:3:\"val\";s:1:\"2\";}}','fsfsfads',16,2,2,2,2,2,2,7,1,'0000-00-00 00:00:00',0,1,2,2,2,0,7,'admin',1),(32,'20150529[英超联赛]曼联VS切尔西',1430755200,1433001599,1432828800,10,100,17,1,1,'a:6:{i:0;a:2:{s:4:\"ball\";s:2:\"15\";s:3:\"val\";s:1:\"1\";}i:1;a:2:{s:4:\"ball\";s:2:\"14\";s:3:\"val\";s:1:\"1\";}i:2;a:2:{s:4:\"ball\";s:2:\"11\";s:3:\"val\";s:1:\"1\";}i:3;a:2:{s:4:\"ball\";s:2:\"10\";s:3:\"val\";s:1:\"1\";}i:4;a:2:{s:4:\"ball\";s:1:\"9\";s:3:\"val\";s:1:\"1\";}i:5;a:2:{s:4:\"ball\";s:1:\"7\";s:3:\"val\";s:1:\"1\";}}','a:6:{i:0;a:2:{s:4:\"ball\";s:2:\"15\";s:3:\"val\";s:1:\"1\";}i:1;a:2:{s:4:\"ball\";s:2:\"14\";s:3:\"val\";s:1:\"1\";}i:2;a:2:{s:4:\"ball\";s:2:\"11\";s:3:\"val\";s:1:\"1\";}i:3;a:2:{s:4:\"ball\";s:2:\"10\";s:3:\"val\";s:1:\"1\";}i:4;a:2:{s:4:\"ball\";s:1:\"9\";s:3:\"val\";s:1:\"1\";}i:5;a:2:{s:4:\"ball\";s:1:\"7\";s:3:\"val\";s:1:\"1\";}}','dsafasfas',16,1,1,1,1,1,1,9,0,'0000-00-00 00:00:00',0,0,0,0,0,0,0,NULL,0),(33,'20150527[西甲联赛]巴萨罗那VS皇家马德里',1432656000,1432656055,1432656000,200,300,15,3,1,'a:6:{i:0;a:2:{s:4:\"ball\";s:2:\"15\";s:3:\"val\";s:4:\"0.85\";}i:1;a:2:{s:4:\"ball\";s:2:\"14\";s:3:\"val\";s:4:\"0.85\";}i:2;a:2:{s:4:\"ball\";s:2:\"11\";s:3:\"val\";s:4:\"0.85\";}i:3;a:2:{s:4:\"ball\";s:2:\"10\";s:3:\"val\";s:4:\"0.85\";}i:4;a:2:{s:4:\"ball\";s:1:\"9\";s:3:\"val\";s:4:\"0.85\";}i:5;a:2:{s:4:\"ball\";s:1:\"7\";s:3:\"val\";s:4:\"0.85\";}}','a:6:{i:0;a:2:{s:4:\"ball\";s:2:\"15\";s:3:\"val\";s:4:\"0.85\";}i:1;a:2:{s:4:\"ball\";s:2:\"14\";s:3:\"val\";s:4:\"0.85\";}i:2;a:2:{s:4:\"ball\";s:2:\"11\";s:3:\"val\";s:4:\"0.85\";}i:3;a:2:{s:4:\"ball\";s:2:\"10\";s:3:\"val\";s:4:\"0.85\";}i:4;a:2:{s:4:\"ball\";s:1:\"9\";s:3:\"val\";s:4:\"0.85\";}i:5;a:2:{s:4:\"ball\";s:1:\"7\";s:3:\"val\";s:4:\"0.85\";}}','',14,0.85,2,0.85,0.5,0,0.5,6,1,'0000-00-00 00:00:00',0,1,2,1,2,7,0,'admin',1),(34,'20150527[欧冠联赛]曼联VS皇家马德里',1432730700,1432731600,1432731000,100,300,17,3,1,'a:10:{i:0;a:2:{s:4:\"ball\";s:2:\"19\";s:3:\"val\";s:3:\"0.8\";}i:1;a:2:{s:4:\"ball\";s:2:\"18\";s:3:\"val\";s:3:\"0.8\";}i:2;a:2:{s:4:\"ball\";s:2:\"17\";s:3:\"val\";s:3:\"0.8\";}i:3;a:2:{s:4:\"ball\";s:2:\"16\";s:3:\"val\";s:3:\"0.8\";}i:4;a:2:{s:4:\"ball\";s:2:\"15\";s:3:\"val\";s:3:\"0.8\";}i:5;a:2:{s:4:\"ball\";s:2:\"14\";s:3:\"val\";s:3:\"0.8\";}i:6;a:2:{s:4:\"ball\";s:2:\"11\";s:3:\"val\";s:3:\"0.8\";}i:7;a:2:{s:4:\"ball\";s:2:\"10\";s:3:\"val\";s:3:\"0.8\";}i:8;a:2:{s:4:\"ball\";s:1:\"9\";s:3:\"val\";s:3:\"0.8\";}i:9;a:2:{s:4:\"ball\";s:1:\"7\";s:3:\"val\";s:3:\"0.8\";}}','a:10:{i:0;a:2:{s:4:\"ball\";s:2:\"19\";s:3:\"val\";s:3:\"0.8\";}i:1;a:2:{s:4:\"ball\";s:2:\"18\";s:3:\"val\";s:3:\"0.8\";}i:2;a:2:{s:4:\"ball\";s:2:\"17\";s:3:\"val\";s:3:\"0.8\";}i:3;a:2:{s:4:\"ball\";s:2:\"16\";s:3:\"val\";s:3:\"0.8\";}i:4;a:2:{s:4:\"ball\";s:2:\"15\";s:3:\"val\";s:3:\"0.8\";}i:5;a:2:{s:4:\"ball\";s:2:\"14\";s:3:\"val\";s:3:\"0.8\";}i:6;a:2:{s:4:\"ball\";s:2:\"11\";s:3:\"val\";s:3:\"0.8\";}i:7;a:2:{s:4:\"ball\";s:2:\"10\";s:3:\"val\";s:3:\"0.8\";}i:8;a:2:{s:4:\"ball\";s:1:\"9\";s:3:\"val\";s:3:\"0.8\";}i:9;a:2:{s:4:\"ball\";s:1:\"7\";s:3:\"val\";s:3:\"0.8\";}}','',14,0.8,3,0.8,0.8,-1,0.8,7,1,'0000-00-00 00:00:00',0,1,2,2,2,14,0,'admin',1),(35,'20150527[欧冠联赛]曼联VS皇家马德里',1432687800,1432688400,1432688400,100,500,17,3,1,'a:10:{i:0;a:2:{s:4:\"ball\";s:2:\"19\";s:3:\"val\";s:3:\"0.5\";}i:1;a:2:{s:4:\"ball\";s:2:\"18\";s:3:\"val\";s:3:\"0.5\";}i:2;a:2:{s:4:\"ball\";s:2:\"17\";s:3:\"val\";s:3:\"0.5\";}i:3;a:2:{s:4:\"ball\";s:2:\"16\";s:3:\"val\";s:3:\"0.5\";}i:4;a:2:{s:4:\"ball\";s:2:\"15\";s:3:\"val\";s:3:\"0.5\";}i:5;a:2:{s:4:\"ball\";s:2:\"14\";s:3:\"val\";s:3:\"0.5\";}i:6;a:2:{s:4:\"ball\";s:2:\"11\";s:3:\"val\";s:3:\"0.5\";}i:7;a:2:{s:4:\"ball\";s:2:\"10\";s:3:\"val\";s:3:\"0.5\";}i:8;a:2:{s:4:\"ball\";s:1:\"9\";s:3:\"val\";s:3:\"0.5\";}i:9;a:2:{s:4:\"ball\";s:1:\"7\";s:3:\"val\";s:3:\"0.5\";}}','a:10:{i:0;a:2:{s:4:\"ball\";s:2:\"19\";s:3:\"val\";s:3:\"0.5\";}i:1;a:2:{s:4:\"ball\";s:2:\"18\";s:3:\"val\";s:3:\"0.5\";}i:2;a:2:{s:4:\"ball\";s:2:\"17\";s:3:\"val\";s:3:\"0.5\";}i:3;a:2:{s:4:\"ball\";s:2:\"16\";s:3:\"val\";s:3:\"0.5\";}i:4;a:2:{s:4:\"ball\";s:2:\"15\";s:3:\"val\";s:3:\"0.5\";}i:5;a:2:{s:4:\"ball\";s:2:\"14\";s:3:\"val\";s:3:\"0.5\";}i:6;a:2:{s:4:\"ball\";s:2:\"11\";s:3:\"val\";s:3:\"0.5\";}i:7;a:2:{s:4:\"ball\";s:2:\"10\";s:3:\"val\";s:3:\"0.5\";}i:8;a:2:{s:4:\"ball\";s:1:\"9\";s:3:\"val\";s:3:\"0.5\";}i:9;a:2:{s:4:\"ball\";s:1:\"7\";s:3:\"val\";s:3:\"0.5\";}}','',14,0.5,3,0.5,0.5,-1,0.5,7,1,'0000-00-00 00:00:00',0,1,4,1,1,19,0,'admin',1),(36,'20150527[英超联赛]曼联VS切尔西',1432689600,1432689660,1432690200,100,300,17,3,1,'a:10:{i:0;a:2:{s:4:\"ball\";s:2:\"19\";s:3:\"val\";s:3:\"0.5\";}i:1;a:2:{s:4:\"ball\";s:2:\"18\";s:3:\"val\";s:3:\"0.5\";}i:2;a:2:{s:4:\"ball\";s:2:\"17\";s:3:\"val\";s:3:\"0.5\";}i:3;a:2:{s:4:\"ball\";s:2:\"16\";s:3:\"val\";s:3:\"0.5\";}i:4;a:2:{s:4:\"ball\";s:2:\"15\";s:3:\"val\";s:3:\"0.5\";}i:5;a:2:{s:4:\"ball\";s:2:\"14\";s:3:\"val\";s:3:\"0.5\";}i:6;a:2:{s:4:\"ball\";s:2:\"11\";s:3:\"val\";s:3:\"0.5\";}i:7;a:2:{s:4:\"ball\";s:2:\"10\";s:3:\"val\";s:3:\"0.5\";}i:8;a:2:{s:4:\"ball\";s:1:\"9\";s:3:\"val\";s:3:\"0.5\";}i:9;a:2:{s:4:\"ball\";s:1:\"7\";s:3:\"val\";s:3:\"0.5\";}}','a:10:{i:0;a:2:{s:4:\"ball\";s:2:\"19\";s:3:\"val\";s:3:\"0.5\";}i:1;a:2:{s:4:\"ball\";s:2:\"18\";s:3:\"val\";s:3:\"0.5\";}i:2;a:2:{s:4:\"ball\";s:2:\"17\";s:3:\"val\";s:3:\"0.5\";}i:3;a:2:{s:4:\"ball\";s:2:\"16\";s:3:\"val\";s:3:\"0.5\";}i:4;a:2:{s:4:\"ball\";s:2:\"15\";s:3:\"val\";s:3:\"0.5\";}i:5;a:2:{s:4:\"ball\";s:2:\"14\";s:3:\"val\";s:3:\"0.5\";}i:6;a:2:{s:4:\"ball\";s:2:\"11\";s:3:\"val\";s:3:\"0.5\";}i:7;a:2:{s:4:\"ball\";s:2:\"10\";s:3:\"val\";s:3:\"0.5\";}i:8;a:2:{s:4:\"ball\";s:1:\"9\";s:3:\"val\";s:3:\"0.5\";}i:9;a:2:{s:4:\"ball\";s:1:\"7\";s:3:\"val\";s:3:\"0.5\";}}','',16,0.5,3,0.5,0.5,-1,0.5,9,1,'0000-00-00 00:00:00',0,0,0,0,0,0,0,'admin',1),(37,'20150527[欧冠联赛]皇家马德里VS切尔西',1432656000,1432708979,1432656000,10,1000,14,1,1,'a:10:{i:0;a:2:{s:4:\"ball\";s:2:\"19\";s:3:\"val\";s:2:\"14\";}i:1;a:2:{s:4:\"ball\";s:2:\"18\";s:3:\"val\";s:2:\"11\";}i:2;a:2:{s:4:\"ball\";s:2:\"17\";s:3:\"val\";s:2:\"10\";}i:3;a:2:{s:4:\"ball\";s:2:\"16\";s:3:\"val\";s:1:\"9\";}i:4;a:2:{s:4:\"ball\";s:2:\"15\";s:3:\"val\";s:1:\"8\";}i:5;a:2:{s:4:\"ball\";s:2:\"14\";s:3:\"val\";s:1:\"7\";}i:6;a:2:{s:4:\"ball\";s:2:\"11\";s:3:\"val\";s:1:\"6\";}i:7;a:2:{s:4:\"ball\";s:2:\"10\";s:3:\"val\";s:1:\"5\";}i:8;a:2:{s:4:\"ball\";s:1:\"9\";s:3:\"val\";s:1:\"4\";}i:9;a:2:{s:4:\"ball\";s:1:\"7\";s:3:\"val\";s:1:\"3\";}}','a:10:{i:0;a:2:{s:4:\"ball\";s:2:\"19\";s:3:\"val\";s:2:\"13\";}i:1;a:2:{s:4:\"ball\";s:2:\"18\";s:3:\"val\";s:2:\"12\";}i:2;a:2:{s:4:\"ball\";s:2:\"17\";s:3:\"val\";s:2:\"11\";}i:3;a:2:{s:4:\"ball\";s:2:\"16\";s:3:\"val\";s:2:\"10\";}i:4;a:2:{s:4:\"ball\";s:2:\"15\";s:3:\"val\";s:1:\"9\";}i:5;a:2:{s:4:\"ball\";s:2:\"14\";s:3:\"val\";s:1:\"8\";}i:6;a:2:{s:4:\"ball\";s:2:\"11\";s:3:\"val\";s:1:\"7\";}i:7;a:2:{s:4:\"ball\";s:2:\"10\";s:3:\"val\";s:1:\"6\";}i:8;a:2:{s:4:\"ball\";s:1:\"9\";s:3:\"val\";s:1:\"5\";}i:9;a:2:{s:4:\"ball\";s:1:\"7\";s:3:\"val\";s:1:\"4\";}}','http://jo2.host8.info/read-htm-tid-4877103.html',16,1,1,1,1,1,1,7,1,'0000-00-00 00:00:00',0,0,0,0,0,0,0,'admin',1),(38,'20150527[英超联赛]切尔西VS曼联',1432656000,1432698300,1432656000,1,11111,16,1,1,'a:10:{i:0;a:2:{s:4:\"ball\";s:2:\"19\";s:3:\"val\";s:1:\"1\";}i:1;a:2:{s:4:\"ball\";s:2:\"18\";s:3:\"val\";s:1:\"1\";}i:2;a:2:{s:4:\"ball\";s:2:\"17\";s:3:\"val\";s:1:\"1\";}i:3;a:2:{s:4:\"ball\";s:2:\"16\";s:3:\"val\";s:1:\"1\";}i:4;a:2:{s:4:\"ball\";s:2:\"15\";s:3:\"val\";s:1:\"1\";}i:5;a:2:{s:4:\"ball\";s:2:\"14\";s:3:\"val\";s:1:\"1\";}i:6;a:2:{s:4:\"ball\";s:2:\"11\";s:3:\"val\";s:1:\"1\";}i:7;a:2:{s:4:\"ball\";s:2:\"10\";s:3:\"val\";s:1:\"1\";}i:8;a:2:{s:4:\"ball\";s:1:\"9\";s:3:\"val\";s:1:\"1\";}i:9;a:2:{s:4:\"ball\";s:1:\"7\";s:3:\"val\";s:1:\"1\";}}','a:10:{i:0;a:2:{s:4:\"ball\";s:2:\"19\";s:3:\"val\";s:1:\"1\";}i:1;a:2:{s:4:\"ball\";s:2:\"18\";s:3:\"val\";s:1:\"1\";}i:2;a:2:{s:4:\"ball\";s:2:\"17\";s:3:\"val\";s:1:\"1\";}i:3;a:2:{s:4:\"ball\";s:2:\"16\";s:3:\"val\";s:1:\"1\";}i:4;a:2:{s:4:\"ball\";s:2:\"15\";s:3:\"val\";s:1:\"1\";}i:5;a:2:{s:4:\"ball\";s:2:\"14\";s:3:\"val\";s:1:\"1\";}i:6;a:2:{s:4:\"ball\";s:2:\"11\";s:3:\"val\";s:1:\"1\";}i:7;a:2:{s:4:\"ball\";s:2:\"10\";s:3:\"val\";s:1:\"1\";}i:8;a:2:{s:4:\"ball\";s:1:\"9\";s:3:\"val\";s:1:\"1\";}i:9;a:2:{s:4:\"ball\";s:1:\"7\";s:3:\"val\";s:1:\"1\";}}','http://jo2.host8.info/read-htm-tid-4877103.html',17,1,1,1,1,1,1,9,1,'0000-00-00 00:00:00',0,0,0,0,0,10,10,'admin',1),(39,'20150505[英超联赛]曼联VS切尔西',1430150400,1430841599,1430755200,100,200,17,0,0,'a:1:{i:0;a:2:{s:4:\"ball\";s:1:\"9\";s:3:\"val\";s:3:\"ddd\";}}','a:1:{i:0;a:2:{s:4:\"ball\";s:2:\"19\";s:3:\"val\";s:3:\"ddd\";}}','',16,0,0,0,0,0,0,9,1,'0000-00-00 00:00:00',0,0,0,0,0,0,0,'admin',1),(41,'20150527[西甲联赛]皇家马德里VS巴萨罗那',1432725600,1432726200,1432726200,100,500,14,3,1,'a:10:{i:0;a:2:{s:4:\"ball\";s:2:\"19\";s:3:\"val\";s:3:\"0.8\";}i:1;a:2:{s:4:\"ball\";s:2:\"18\";s:3:\"val\";s:3:\"0.8\";}i:2;a:2:{s:4:\"ball\";s:2:\"17\";s:3:\"val\";s:3:\"0.8\";}i:3;a:2:{s:4:\"ball\";s:2:\"16\";s:3:\"val\";s:3:\"0.8\";}i:4;a:2:{s:4:\"ball\";s:2:\"15\";s:3:\"val\";s:3:\"0.8\";}i:5;a:2:{s:4:\"ball\";s:2:\"14\";s:3:\"val\";s:3:\"0.8\";}i:6;a:2:{s:4:\"ball\";s:2:\"11\";s:3:\"val\";s:3:\"0.8\";}i:7;a:2:{s:4:\"ball\";s:2:\"10\";s:3:\"val\";s:3:\"0.8\";}i:8;a:2:{s:4:\"ball\";s:1:\"9\";s:3:\"val\";s:3:\"0.8\";}i:9;a:2:{s:4:\"ball\";s:1:\"7\";s:3:\"val\";s:3:\"0.8\";}}','a:10:{i:0;a:2:{s:4:\"ball\";s:2:\"19\";s:3:\"val\";s:3:\"0.8\";}i:1;a:2:{s:4:\"ball\";s:2:\"18\";s:3:\"val\";s:3:\"0.8\";}i:2;a:2:{s:4:\"ball\";s:2:\"17\";s:3:\"val\";s:3:\"0.8\";}i:3;a:2:{s:4:\"ball\";s:2:\"16\";s:3:\"val\";s:3:\"0.8\";}i:4;a:2:{s:4:\"ball\";s:2:\"15\";s:3:\"val\";s:3:\"0.8\";}i:5;a:2:{s:4:\"ball\";s:2:\"14\";s:3:\"val\";s:3:\"0.8\";}i:6;a:2:{s:4:\"ball\";s:2:\"11\";s:3:\"val\";s:3:\"0.8\";}i:7;a:2:{s:4:\"ball\";s:2:\"10\";s:3:\"val\";s:3:\"0.8\";}i:8;a:2:{s:4:\"ball\";s:1:\"9\";s:3:\"val\";s:3:\"0.8\";}i:9;a:2:{s:4:\"ball\";s:1:\"7\";s:3:\"val\";s:3:\"0.8\";}}','',15,0.8,3,0.8,0.8,-1,0.8,6,1,'0000-00-00 00:00:00',0,1,2,0,0,16,16,'admin',1),(42,'20150527[中超联赛] 上海申花VS北京国安',1432726800,1432727400,1432727400,100,200,20,3,2,'a:10:{i:0;a:2:{s:4:\"ball\";s:2:\"19\";s:3:\"val\";s:3:\"0.5\";}i:1;a:2:{s:4:\"ball\";s:2:\"18\";s:3:\"val\";s:3:\"0.5\";}i:2;a:2:{s:4:\"ball\";s:2:\"17\";s:3:\"val\";s:3:\"0.5\";}i:3;a:2:{s:4:\"ball\";s:2:\"16\";s:3:\"val\";s:3:\"0.5\";}i:4;a:2:{s:4:\"ball\";s:2:\"15\";s:3:\"val\";s:3:\"0.5\";}i:5;a:2:{s:4:\"ball\";s:2:\"14\";s:3:\"val\";s:3:\"0.5\";}i:6;a:2:{s:4:\"ball\";s:2:\"11\";s:3:\"val\";s:3:\"0.5\";}i:7;a:2:{s:4:\"ball\";s:2:\"10\";s:3:\"val\";s:3:\"0.5\";}i:8;a:2:{s:4:\"ball\";s:1:\"9\";s:3:\"val\";s:3:\"0.5\";}i:9;a:2:{s:4:\"ball\";s:1:\"7\";s:3:\"val\";s:3:\"0.5\";}}','a:10:{i:0;a:2:{s:4:\"ball\";s:2:\"19\";s:3:\"val\";s:3:\"0.5\";}i:1;a:2:{s:4:\"ball\";s:2:\"18\";s:3:\"val\";s:3:\"0.5\";}i:2;a:2:{s:4:\"ball\";s:2:\"17\";s:3:\"val\";s:3:\"0.5\";}i:3;a:2:{s:4:\"ball\";s:2:\"16\";s:3:\"val\";s:3:\"0.5\";}i:4;a:2:{s:4:\"ball\";s:2:\"15\";s:3:\"val\";s:3:\"0.5\";}i:5;a:2:{s:4:\"ball\";s:2:\"14\";s:3:\"val\";s:3:\"0.5\";}i:6;a:2:{s:4:\"ball\";s:2:\"11\";s:3:\"val\";s:3:\"0.5\";}i:7;a:2:{s:4:\"ball\";s:2:\"10\";s:3:\"val\";s:3:\"0.5\";}i:8;a:2:{s:4:\"ball\";s:1:\"9\";s:3:\"val\";s:3:\"0.5\";}i:9;a:2:{s:4:\"ball\";s:1:\"7\";s:3:\"val\";s:3:\"0.5\";}}','',21,0.5,2,0.5,0.5,-2,0.5,8,1,'0000-00-00 00:00:00',0,1,2,2,1,14,14,'admin',1),(48,'20150528[英超联赛]曼联VS切尔西',1432789200,1432821600,1432822200,1,1111,17,3,-3,'a:10:{i:0;a:2:{s:4:\"ball\";s:2:\"19\";s:3:\"val\";s:2:\"10\";}i:1;a:2:{s:4:\"ball\";s:2:\"18\";s:3:\"val\";s:1:\"9\";}i:2;a:2:{s:4:\"ball\";s:2:\"17\";s:3:\"val\";s:1:\"8\";}i:3;a:2:{s:4:\"ball\";s:2:\"16\";s:3:\"val\";s:1:\"7\";}i:4;a:2:{s:4:\"ball\";s:2:\"15\";s:3:\"val\";s:1:\"6\";}i:5;a:2:{s:4:\"ball\";s:2:\"14\";s:3:\"val\";s:1:\"5\";}i:6;a:2:{s:4:\"ball\";s:2:\"11\";s:3:\"val\";s:1:\"4\";}i:7;a:2:{s:4:\"ball\";s:2:\"10\";s:3:\"val\";s:1:\"3\";}i:8;a:2:{s:4:\"ball\";s:1:\"9\";s:3:\"val\";s:1:\"2\";}i:9;a:2:{s:4:\"ball\";s:1:\"7\";s:3:\"val\";s:1:\"1\";}}','a:10:{i:0;a:2:{s:4:\"ball\";s:2:\"19\";s:3:\"val\";s:2:\"10\";}i:1;a:2:{s:4:\"ball\";s:2:\"18\";s:3:\"val\";s:1:\"9\";}i:2;a:2:{s:4:\"ball\";s:2:\"17\";s:3:\"val\";s:1:\"8\";}i:3;a:2:{s:4:\"ball\";s:2:\"16\";s:3:\"val\";s:1:\"7\";}i:4;a:2:{s:4:\"ball\";s:2:\"15\";s:3:\"val\";s:1:\"6\";}i:5;a:2:{s:4:\"ball\";s:2:\"14\";s:3:\"val\";s:1:\"5\";}i:6;a:2:{s:4:\"ball\";s:2:\"11\";s:3:\"val\";s:1:\"4\";}i:7;a:2:{s:4:\"ball\";s:2:\"10\";s:3:\"val\";s:1:\"3\";}i:8;a:2:{s:4:\"ball\";s:1:\"9\";s:3:\"val\";s:1:\"2\";}i:9;a:2:{s:4:\"ball\";s:1:\"7\";s:3:\"val\";s:1:\"1\";}}','http://jo2.host8.info/thread-htm-fid-373.html',16,0.85,3,0.78,0.75,3,0.75,9,0,'2015-05-28 12:23:28',0,0,0,0,0,0,0,NULL,0),(44,'20150528[J联赛联赛]横滨水手VS横滨水手',1432789200,1432821600,1432822200,10,1000,25,3,-2,'a:10:{i:0;a:2:{s:4:\"ball\";s:2:\"19\";s:3:\"val\";s:2:\"13\";}i:1;a:2:{s:4:\"ball\";s:2:\"18\";s:3:\"val\";s:2:\"12\";}i:2;a:2:{s:4:\"ball\";s:2:\"17\";s:3:\"val\";s:2:\"11\";}i:3;a:2:{s:4:\"ball\";s:2:\"16\";s:3:\"val\";s:2:\"10\";}i:4;a:2:{s:4:\"ball\";s:2:\"15\";s:3:\"val\";s:1:\"9\";}i:5;a:2:{s:4:\"ball\";s:2:\"14\";s:3:\"val\";s:1:\"8\";}i:6;a:2:{s:4:\"ball\";s:2:\"11\";s:3:\"val\";s:1:\"7\";}i:7;a:2:{s:4:\"ball\";s:2:\"10\";s:3:\"val\";s:1:\"6\";}i:8;a:2:{s:4:\"ball\";s:1:\"9\";s:3:\"val\";s:1:\"5\";}i:9;a:2:{s:4:\"ball\";s:1:\"7\";s:3:\"val\";s:1:\"4\";}}','a:10:{i:0;a:2:{s:4:\"ball\";s:2:\"19\";s:3:\"val\";s:2:\"13\";}i:1;a:2:{s:4:\"ball\";s:2:\"18\";s:3:\"val\";s:2:\"12\";}i:2;a:2:{s:4:\"ball\";s:2:\"17\";s:3:\"val\";s:2:\"11\";}i:3;a:2:{s:4:\"ball\";s:2:\"16\";s:3:\"val\";s:2:\"10\";}i:4;a:2:{s:4:\"ball\";s:2:\"15\";s:3:\"val\";s:1:\"9\";}i:5;a:2:{s:4:\"ball\";s:2:\"14\";s:3:\"val\";s:1:\"8\";}i:6;a:2:{s:4:\"ball\";s:2:\"11\";s:3:\"val\";s:1:\"7\";}i:7;a:2:{s:4:\"ball\";s:2:\"10\";s:3:\"val\";s:1:\"6\";}i:8;a:2:{s:4:\"ball\";s:1:\"9\";s:3:\"val\";s:1:\"5\";}i:9;a:2:{s:4:\"ball\";s:1:\"7\";s:3:\"val\";s:1:\"4\";}}','http://jo2.host8.info/thread-htm-fid-373.html',25,0.75,3,0.78,0.87,2,0.78,12,0,'2015-05-28 12:12:04',0,0,0,0,0,0,0,NULL,0),(45,'20150528[K联赛联赛]首尔FCVS水原三星',1432789200,1432821600,1432822200,10,1000,27,3,-2,'a:10:{i:0;a:2:{s:4:\"ball\";s:2:\"19\";s:3:\"val\";s:2:\"15\";}i:1;a:2:{s:4:\"ball\";s:2:\"18\";s:3:\"val\";s:2:\"14\";}i:2;a:2:{s:4:\"ball\";s:2:\"17\";s:3:\"val\";s:2:\"13\";}i:3;a:2:{s:4:\"ball\";s:2:\"16\";s:3:\"val\";s:2:\"12\";}i:4;a:2:{s:4:\"ball\";s:2:\"15\";s:3:\"val\";s:2:\"11\";}i:5;a:2:{s:4:\"ball\";s:2:\"14\";s:3:\"val\";s:2:\"10\";}i:6;a:2:{s:4:\"ball\";s:2:\"11\";s:3:\"val\";s:1:\"9\";}i:7;a:2:{s:4:\"ball\";s:2:\"10\";s:3:\"val\";s:1:\"8\";}i:8;a:2:{s:4:\"ball\";s:1:\"9\";s:3:\"val\";s:1:\"7\";}i:9;a:2:{s:4:\"ball\";s:1:\"7\";s:3:\"val\";s:1:\"6\";}}','a:10:{i:0;a:2:{s:4:\"ball\";s:2:\"19\";s:3:\"val\";s:2:\"15\";}i:1;a:2:{s:4:\"ball\";s:2:\"18\";s:3:\"val\";s:2:\"14\";}i:2;a:2:{s:4:\"ball\";s:2:\"17\";s:3:\"val\";s:2:\"13\";}i:3;a:2:{s:4:\"ball\";s:2:\"16\";s:3:\"val\";s:2:\"12\";}i:4;a:2:{s:4:\"ball\";s:2:\"15\";s:3:\"val\";s:2:\"11\";}i:5;a:2:{s:4:\"ball\";s:2:\"14\";s:3:\"val\";s:2:\"10\";}i:6;a:2:{s:4:\"ball\";s:2:\"11\";s:3:\"val\";s:1:\"9\";}i:7;a:2:{s:4:\"ball\";s:2:\"10\";s:3:\"val\";s:1:\"8\";}i:8;a:2:{s:4:\"ball\";s:1:\"9\";s:3:\"val\";s:1:\"7\";}i:9;a:2:{s:4:\"ball\";s:1:\"7\";s:3:\"val\";s:1:\"6\";}}','http://jo2.host8.info/thread-htm-fid-373.html',26,0.8,3,1.2,0.75,2,1.25,13,0,'2015-05-28 12:15:21',0,0,0,0,0,0,0,NULL,0),(49,'20150528[西甲联赛]巴萨罗那VS皇家马德里',1432789200,1432821600,1432822200,10,1000,15,2,-4,'a:10:{i:0;a:2:{s:4:\"ball\";s:2:\"19\";s:3:\"val\";s:2:\"10\";}i:1;a:2:{s:4:\"ball\";s:2:\"18\";s:3:\"val\";s:1:\"9\";}i:2;a:2:{s:4:\"ball\";s:2:\"17\";s:3:\"val\";s:1:\"8\";}i:3;a:2:{s:4:\"ball\";s:2:\"16\";s:3:\"val\";s:1:\"7\";}i:4;a:2:{s:4:\"ball\";s:2:\"15\";s:3:\"val\";s:1:\"6\";}i:5;a:2:{s:4:\"ball\";s:2:\"14\";s:3:\"val\";s:1:\"5\";}i:6;a:2:{s:4:\"ball\";s:2:\"11\";s:3:\"val\";s:1:\"4\";}i:7;a:2:{s:4:\"ball\";s:2:\"10\";s:3:\"val\";s:1:\"3\";}i:8;a:2:{s:4:\"ball\";s:1:\"9\";s:3:\"val\";s:1:\"2\";}i:9;a:2:{s:4:\"ball\";s:1:\"7\";s:3:\"val\";s:1:\"1\";}}','a:10:{i:0;a:2:{s:4:\"ball\";s:2:\"19\";s:3:\"val\";s:2:\"10\";}i:1;a:2:{s:4:\"ball\";s:2:\"18\";s:3:\"val\";s:1:\"9\";}i:2;a:2:{s:4:\"ball\";s:2:\"17\";s:3:\"val\";s:1:\"8\";}i:3;a:2:{s:4:\"ball\";s:2:\"16\";s:3:\"val\";s:1:\"7\";}i:4;a:2:{s:4:\"ball\";s:2:\"15\";s:3:\"val\";s:1:\"6\";}i:5;a:2:{s:4:\"ball\";s:2:\"14\";s:3:\"val\";s:1:\"5\";}i:6;a:2:{s:4:\"ball\";s:2:\"11\";s:3:\"val\";s:1:\"4\";}i:7;a:2:{s:4:\"ball\";s:2:\"10\";s:3:\"val\";s:1:\"3\";}i:8;a:2:{s:4:\"ball\";s:1:\"9\";s:3:\"val\";s:1:\"2\";}i:9;a:2:{s:4:\"ball\";s:1:\"7\";s:3:\"val\";s:1:\"1\";}}','http://jo2.host8.info/thread-htm-fid-373.html',14,0.85,2,0.75,0.87,4,0.78,6,0,'2015-05-28 12:26:15',0,0,0,0,0,0,0,NULL,0),(50,'20150528[亚冠联赛]柏太阳神VS首尔FC',1432789200,1432821600,1432822200,10,1000,24,3,-2,'a:10:{i:0;a:2:{s:4:\"ball\";s:2:\"19\";s:3:\"val\";s:2:\"10\";}i:1;a:2:{s:4:\"ball\";s:2:\"18\";s:3:\"val\";s:1:\"9\";}i:2;a:2:{s:4:\"ball\";s:2:\"17\";s:3:\"val\";s:1:\"8\";}i:3;a:2:{s:4:\"ball\";s:2:\"16\";s:3:\"val\";s:1:\"7\";}i:4;a:2:{s:4:\"ball\";s:2:\"15\";s:3:\"val\";s:1:\"6\";}i:5;a:2:{s:4:\"ball\";s:2:\"14\";s:3:\"val\";s:1:\"5\";}i:6;a:2:{s:4:\"ball\";s:2:\"11\";s:3:\"val\";s:1:\"4\";}i:7;a:2:{s:4:\"ball\";s:2:\"10\";s:3:\"val\";s:1:\"3\";}i:8;a:2:{s:4:\"ball\";s:1:\"9\";s:3:\"val\";s:1:\"2\";}i:9;a:2:{s:4:\"ball\";s:1:\"7\";s:3:\"val\";s:1:\"1\";}}','a:10:{i:0;a:2:{s:4:\"ball\";s:2:\"19\";s:3:\"val\";s:2:\"10\";}i:1;a:2:{s:4:\"ball\";s:2:\"18\";s:3:\"val\";s:1:\"9\";}i:2;a:2:{s:4:\"ball\";s:2:\"17\";s:3:\"val\";s:1:\"8\";}i:3;a:2:{s:4:\"ball\";s:2:\"16\";s:3:\"val\";s:1:\"7\";}i:4;a:2:{s:4:\"ball\";s:2:\"15\";s:3:\"val\";s:1:\"6\";}i:5;a:2:{s:4:\"ball\";s:2:\"14\";s:3:\"val\";s:1:\"5\";}i:6;a:2:{s:4:\"ball\";s:2:\"11\";s:3:\"val\";s:1:\"4\";}i:7;a:2:{s:4:\"ball\";s:2:\"10\";s:3:\"val\";s:1:\"3\";}i:8;a:2:{s:4:\"ball\";s:1:\"9\";s:3:\"val\";s:1:\"2\";}i:9;a:2:{s:4:\"ball\";s:1:\"7\";s:3:\"val\";s:1:\"1\";}}','http://jo2.host8.info/thread-htm-fid-373.html',27,0.75,3,0.85,0.75,2,0.78,11,0,'2015-05-28 12:27:45',0,0,0,0,0,0,0,NULL,0),(51,'20150528[亚冠联赛]水原三星VS横滨水手',1432789200,1432821600,1432822200,1,1000,26,2,-3,'a:10:{i:0;a:2:{s:4:\"ball\";s:2:\"19\";s:3:\"val\";s:2:\"10\";}i:1;a:2:{s:4:\"ball\";s:2:\"18\";s:3:\"val\";s:1:\"9\";}i:2;a:2:{s:4:\"ball\";s:2:\"17\";s:3:\"val\";s:1:\"8\";}i:3;a:2:{s:4:\"ball\";s:2:\"16\";s:3:\"val\";s:1:\"7\";}i:4;a:2:{s:4:\"ball\";s:2:\"15\";s:3:\"val\";s:1:\"6\";}i:5;a:2:{s:4:\"ball\";s:2:\"14\";s:3:\"val\";s:1:\"5\";}i:6;a:2:{s:4:\"ball\";s:2:\"11\";s:3:\"val\";s:1:\"4\";}i:7;a:2:{s:4:\"ball\";s:2:\"10\";s:3:\"val\";s:1:\"3\";}i:8;a:2:{s:4:\"ball\";s:1:\"9\";s:3:\"val\";s:1:\"2\";}i:9;a:2:{s:4:\"ball\";s:1:\"7\";s:3:\"val\";s:1:\"1\";}}','a:10:{i:0;a:2:{s:4:\"ball\";s:2:\"19\";s:3:\"val\";s:2:\"10\";}i:1;a:2:{s:4:\"ball\";s:2:\"18\";s:3:\"val\";s:1:\"9\";}i:2;a:2:{s:4:\"ball\";s:2:\"17\";s:3:\"val\";s:1:\"8\";}i:3;a:2:{s:4:\"ball\";s:2:\"16\";s:3:\"val\";s:1:\"7\";}i:4;a:2:{s:4:\"ball\";s:2:\"15\";s:3:\"val\";s:1:\"6\";}i:5;a:2:{s:4:\"ball\";s:2:\"14\";s:3:\"val\";s:1:\"5\";}i:6;a:2:{s:4:\"ball\";s:2:\"11\";s:3:\"val\";s:1:\"4\";}i:7;a:2:{s:4:\"ball\";s:2:\"10\";s:3:\"val\";s:1:\"3\";}i:8;a:2:{s:4:\"ball\";s:1:\"9\";s:3:\"val\";s:1:\"2\";}i:9;a:2:{s:4:\"ball\";s:1:\"7\";s:3:\"val\";s:1:\"1\";}}','http://jo2.host8.info/thread-htm-fid-373.html',25,0.8,2,0.87,0.87,3,0.75,11,0,'2015-05-28 12:29:10',0,0,0,0,0,0,0,NULL,0),(52,'20150528[欧冠联赛]拜仁慕尼黑VS曼联',1432789200,1432821600,1432822200,1,1000,22,3,-2,'a:10:{i:0;a:2:{s:4:\"ball\";s:2:\"19\";s:3:\"val\";s:2:\"10\";}i:1;a:2:{s:4:\"ball\";s:2:\"18\";s:3:\"val\";s:1:\"9\";}i:2;a:2:{s:4:\"ball\";s:2:\"17\";s:3:\"val\";s:1:\"8\";}i:3;a:2:{s:4:\"ball\";s:2:\"16\";s:3:\"val\";s:1:\"7\";}i:4;a:2:{s:4:\"ball\";s:2:\"15\";s:3:\"val\";s:1:\"6\";}i:5;a:2:{s:4:\"ball\";s:2:\"14\";s:3:\"val\";s:1:\"5\";}i:6;a:2:{s:4:\"ball\";s:2:\"11\";s:3:\"val\";s:1:\"4\";}i:7;a:2:{s:4:\"ball\";s:2:\"10\";s:3:\"val\";s:1:\"3\";}i:8;a:2:{s:4:\"ball\";s:1:\"9\";s:3:\"val\";s:1:\"2\";}i:9;a:2:{s:4:\"ball\";s:1:\"7\";s:3:\"val\";s:1:\"1\";}}','a:10:{i:0;a:2:{s:4:\"ball\";s:2:\"19\";s:3:\"val\";s:2:\"10\";}i:1;a:2:{s:4:\"ball\";s:2:\"18\";s:3:\"val\";s:1:\"9\";}i:2;a:2:{s:4:\"ball\";s:2:\"17\";s:3:\"val\";s:1:\"8\";}i:3;a:2:{s:4:\"ball\";s:2:\"16\";s:3:\"val\";s:1:\"7\";}i:4;a:2:{s:4:\"ball\";s:2:\"15\";s:3:\"val\";s:1:\"6\";}i:5;a:2:{s:4:\"ball\";s:2:\"14\";s:3:\"val\";s:1:\"5\";}i:6;a:2:{s:4:\"ball\";s:2:\"11\";s:3:\"val\";s:1:\"4\";}i:7;a:2:{s:4:\"ball\";s:2:\"10\";s:3:\"val\";s:1:\"3\";}i:8;a:2:{s:4:\"ball\";s:1:\"9\";s:3:\"val\";s:1:\"2\";}i:9;a:2:{s:4:\"ball\";s:1:\"7\";s:3:\"val\";s:1:\"1\";}}','http://jo2.host8.info/thread-htm-fid-373.html',17,0.75,3,0.85,0.75,2,0.78,7,0,'2015-05-28 12:30:36',0,0,0,0,0,0,0,NULL,0),(53,'20150528[欧冠联赛]巴萨罗那VS切尔西',1432789200,1432821600,1432822200,1,1000,15,4,-2,'a:10:{i:0;a:2:{s:4:\"ball\";s:2:\"19\";s:3:\"val\";s:2:\"10\";}i:1;a:2:{s:4:\"ball\";s:2:\"18\";s:3:\"val\";s:1:\"9\";}i:2;a:2:{s:4:\"ball\";s:2:\"17\";s:3:\"val\";s:1:\"8\";}i:3;a:2:{s:4:\"ball\";s:2:\"16\";s:3:\"val\";s:1:\"7\";}i:4;a:2:{s:4:\"ball\";s:2:\"15\";s:3:\"val\";s:1:\"6\";}i:5;a:2:{s:4:\"ball\";s:2:\"14\";s:3:\"val\";s:1:\"5\";}i:6;a:2:{s:4:\"ball\";s:2:\"11\";s:3:\"val\";s:1:\"4\";}i:7;a:2:{s:4:\"ball\";s:2:\"10\";s:3:\"val\";s:1:\"3\";}i:8;a:2:{s:4:\"ball\";s:1:\"9\";s:3:\"val\";s:1:\"2\";}i:9;a:2:{s:4:\"ball\";s:1:\"7\";s:3:\"val\";s:1:\"1\";}}','a:10:{i:0;a:2:{s:4:\"ball\";s:2:\"19\";s:3:\"val\";s:2:\"10\";}i:1;a:2:{s:4:\"ball\";s:2:\"18\";s:3:\"val\";s:1:\"9\";}i:2;a:2:{s:4:\"ball\";s:2:\"17\";s:3:\"val\";s:1:\"8\";}i:3;a:2:{s:4:\"ball\";s:2:\"16\";s:3:\"val\";s:1:\"7\";}i:4;a:2:{s:4:\"ball\";s:2:\"15\";s:3:\"val\";s:1:\"6\";}i:5;a:2:{s:4:\"ball\";s:2:\"14\";s:3:\"val\";s:1:\"5\";}i:6;a:2:{s:4:\"ball\";s:2:\"11\";s:3:\"val\";s:1:\"4\";}i:7;a:2:{s:4:\"ball\";s:2:\"10\";s:3:\"val\";s:1:\"3\";}i:8;a:2:{s:4:\"ball\";s:1:\"9\";s:3:\"val\";s:1:\"2\";}i:9;a:2:{s:4:\"ball\";s:1:\"7\";s:3:\"val\";s:1:\"1\";}}','http://jo2.host8.info/thread-htm-fid-373.html',16,0.85,4,0.85,0.87,2,0.85,7,0,'2015-05-28 12:31:49',0,0,0,0,0,0,0,NULL,0),(54,'20150528[日本J联赛]柏太阳神VS横滨水手',1432798020,1432798200,1432798800,1,1000,24,1,-2,'a:10:{i:0;a:2:{s:4:\"ball\";s:2:\"19\";s:3:\"val\";s:2:\"11\";}i:1;a:2:{s:4:\"ball\";s:2:\"18\";s:3:\"val\";s:2:\"10\";}i:2;a:2:{s:4:\"ball\";s:2:\"17\";s:3:\"val\";s:1:\"9\";}i:3;a:2:{s:4:\"ball\";s:2:\"16\";s:3:\"val\";s:1:\"8\";}i:4;a:2:{s:4:\"ball\";s:2:\"15\";s:3:\"val\";s:1:\"7\";}i:5;a:2:{s:4:\"ball\";s:2:\"14\";s:3:\"val\";s:1:\"6\";}i:6;a:2:{s:4:\"ball\";s:2:\"11\";s:3:\"val\";s:1:\"5\";}i:7;a:2:{s:4:\"ball\";s:2:\"10\";s:3:\"val\";s:1:\"4\";}i:8;a:2:{s:4:\"ball\";s:1:\"9\";s:3:\"val\";s:1:\"3\";}i:9;a:2:{s:4:\"ball\";s:1:\"7\";s:3:\"val\";s:1:\"2\";}}','a:10:{i:0;a:2:{s:4:\"ball\";s:2:\"19\";s:3:\"val\";s:2:\"11\";}i:1;a:2:{s:4:\"ball\";s:2:\"18\";s:3:\"val\";s:2:\"10\";}i:2;a:2:{s:4:\"ball\";s:2:\"17\";s:3:\"val\";s:1:\"9\";}i:3;a:2:{s:4:\"ball\";s:2:\"16\";s:3:\"val\";s:1:\"8\";}i:4;a:2:{s:4:\"ball\";s:2:\"15\";s:3:\"val\";s:1:\"7\";}i:5;a:2:{s:4:\"ball\";s:2:\"14\";s:3:\"val\";s:1:\"6\";}i:6;a:2:{s:4:\"ball\";s:2:\"11\";s:3:\"val\";s:1:\"5\";}i:7;a:2:{s:4:\"ball\";s:2:\"10\";s:3:\"val\";s:1:\"4\";}i:8;a:2:{s:4:\"ball\";s:1:\"9\";s:3:\"val\";s:1:\"3\";}i:9;a:2:{s:4:\"ball\";s:1:\"7\";s:3:\"val\";s:1:\"2\";}}','http://jo2.host8.info/thread-htm-fid-373.html',25,0.85,1,0.75,0.75,2,0.78,12,1,'2015-05-28 15:25:46',0,1,2,1,1,18,14,'admin',1),(55,'20150606[韩国K联赛]首尔FCVS水原三星',1432819260,1432819375,1433520000,10,200,27,1,1,'a:10:{i:0;a:2:{s:4:\"ball\";s:2:\"19\";s:3:\"val\";s:2:\"11\";}i:1;a:2:{s:4:\"ball\";s:2:\"18\";s:3:\"val\";s:1:\"1\";}i:2;a:2:{s:4:\"ball\";s:2:\"17\";s:3:\"val\";s:1:\"1\";}i:3;a:2:{s:4:\"ball\";s:2:\"16\";s:3:\"val\";s:1:\"1\";}i:4;a:2:{s:4:\"ball\";s:2:\"15\";s:3:\"val\";s:1:\"1\";}i:5;a:2:{s:4:\"ball\";s:2:\"14\";s:3:\"val\";s:2:\"11\";}i:6;a:2:{s:4:\"ball\";s:2:\"11\";s:3:\"val\";s:1:\"1\";}i:7;a:2:{s:4:\"ball\";s:2:\"10\";s:3:\"val\";s:1:\"1\";}i:8;a:2:{s:4:\"ball\";s:1:\"9\";s:3:\"val\";s:2:\"11\";}i:9;a:2:{s:4:\"ball\";s:1:\"7\";s:3:\"val\";s:2:\"11\";}}','a:10:{i:0;a:2:{s:4:\"ball\";s:2:\"19\";s:3:\"val\";s:1:\"1\";}i:1;a:2:{s:4:\"ball\";s:2:\"18\";s:3:\"val\";s:1:\"1\";}i:2;a:2:{s:4:\"ball\";s:2:\"17\";s:3:\"val\";s:1:\"1\";}i:3;a:2:{s:4:\"ball\";s:2:\"16\";s:3:\"val\";s:1:\"1\";}i:4;a:2:{s:4:\"ball\";s:2:\"15\";s:3:\"val\";s:1:\"4\";}i:5;a:2:{s:4:\"ball\";s:2:\"14\";s:3:\"val\";s:1:\"1\";}i:6;a:2:{s:4:\"ball\";s:2:\"11\";s:3:\"val\";s:2:\"11\";}i:7;a:2:{s:4:\"ball\";s:2:\"10\";s:3:\"val\";s:1:\"1\";}i:8;a:2:{s:4:\"ball\";s:1:\"9\";s:3:\"val\";s:1:\"1\";}i:9;a:2:{s:4:\"ball\";s:1:\"7\";s:3:\"val\";s:1:\"1\";}}','http://www.qq.com',26,1,1,1,1,1,1,13,1,'2015-05-28 21:13:22',0,2,1,1,1,19,19,'admin',1),(56,'20150609[英超联赛]曼联VS切尔西',1433863200,1433863500,1433863800,100,500,17,3,-1,'a:10:{i:0;a:2:{s:4:\"ball\";s:2:\"19\";s:3:\"val\";s:3:\"0.5\";}i:1;a:2:{s:4:\"ball\";s:2:\"18\";s:3:\"val\";s:3:\"0.5\";}i:2;a:2:{s:4:\"ball\";s:2:\"17\";s:3:\"val\";s:3:\"0.5\";}i:3;a:2:{s:4:\"ball\";s:2:\"16\";s:3:\"val\";s:3:\"0.5\";}i:4;a:2:{s:4:\"ball\";s:2:\"15\";s:3:\"val\";s:3:\"0.5\";}i:5;a:2:{s:4:\"ball\";s:2:\"14\";s:3:\"val\";s:3:\"0.5\";}i:6;a:2:{s:4:\"ball\";s:2:\"11\";s:3:\"val\";s:3:\"0.5\";}i:7;a:2:{s:4:\"ball\";s:2:\"10\";s:3:\"val\";s:3:\"0.5\";}i:8;a:2:{s:4:\"ball\";s:1:\"9\";s:3:\"val\";s:3:\"0.5\";}i:9;a:2:{s:4:\"ball\";s:1:\"7\";s:3:\"val\";s:3:\"0.5\";}}','a:10:{i:0;a:2:{s:4:\"ball\";s:2:\"19\";s:3:\"val\";s:3:\"0.5\";}i:1;a:2:{s:4:\"ball\";s:2:\"18\";s:3:\"val\";s:3:\"0.5\";}i:2;a:2:{s:4:\"ball\";s:2:\"17\";s:3:\"val\";s:3:\"0.5\";}i:3;a:2:{s:4:\"ball\";s:2:\"16\";s:3:\"val\";s:3:\"0.5\";}i:4;a:2:{s:4:\"ball\";s:2:\"15\";s:3:\"val\";s:3:\"0.5\";}i:5;a:2:{s:4:\"ball\";s:2:\"14\";s:3:\"val\";s:3:\"0.5\";}i:6;a:2:{s:4:\"ball\";s:2:\"11\";s:3:\"val\";s:3:\"0.5\";}i:7;a:2:{s:4:\"ball\";s:2:\"10\";s:3:\"val\";s:3:\"0.5\";}i:8;a:2:{s:4:\"ball\";s:1:\"9\";s:3:\"val\";s:3:\"0.5\";}i:9;a:2:{s:4:\"ball\";s:1:\"7\";s:3:\"val\";s:3:\"0.5\";}}','www.sina.com.cn',16,0.5,1,0.5,0.5,1,0.5,9,1,'2015-06-09 23:17:36',0,1,1,0,0,16,16,'admin',1),(57,'20150609[中超联赛] 上海申花VS北京国安',1433864100,1433864400,1433864700,100,1000,20,4,-1,'a:10:{i:0;a:2:{s:4:\"ball\";s:2:\"19\";s:3:\"val\";s:3:\"0.5\";}i:1;a:2:{s:4:\"ball\";s:2:\"18\";s:3:\"val\";s:3:\"0.5\";}i:2;a:2:{s:4:\"ball\";s:2:\"17\";s:3:\"val\";s:3:\"0.5\";}i:3;a:2:{s:4:\"ball\";s:2:\"16\";s:3:\"val\";s:3:\"0.5\";}i:4;a:2:{s:4:\"ball\";s:2:\"15\";s:3:\"val\";s:3:\"0.5\";}i:5;a:2:{s:4:\"ball\";s:2:\"14\";s:3:\"val\";s:3:\"0.5\";}i:6;a:2:{s:4:\"ball\";s:2:\"11\";s:3:\"val\";s:3:\"0.5\";}i:7;a:2:{s:4:\"ball\";s:2:\"10\";s:3:\"val\";s:3:\"0.5\";}i:8;a:2:{s:4:\"ball\";s:1:\"9\";s:3:\"val\";s:3:\"0.5\";}i:9;a:2:{s:4:\"ball\";s:1:\"7\";s:3:\"val\";s:3:\"0.5\";}}','a:10:{i:0;a:2:{s:4:\"ball\";s:2:\"19\";s:3:\"val\";s:3:\"0.5\";}i:1;a:2:{s:4:\"ball\";s:2:\"18\";s:3:\"val\";s:3:\"0.5\";}i:2;a:2:{s:4:\"ball\";s:2:\"17\";s:3:\"val\";s:3:\"0.5\";}i:3;a:2:{s:4:\"ball\";s:2:\"16\";s:3:\"val\";s:3:\"0.5\";}i:4;a:2:{s:4:\"ball\";s:2:\"15\";s:3:\"val\";s:3:\"0.5\";}i:5;a:2:{s:4:\"ball\";s:2:\"14\";s:3:\"val\";s:3:\"0.5\";}i:6;a:2:{s:4:\"ball\";s:2:\"11\";s:3:\"val\";s:3:\"0.5\";}i:7;a:2:{s:4:\"ball\";s:2:\"10\";s:3:\"val\";s:3:\"0.5\";}i:8;a:2:{s:4:\"ball\";s:1:\"9\";s:3:\"val\";s:3:\"0.5\";}i:9;a:2:{s:4:\"ball\";s:1:\"7\";s:3:\"val\";s:3:\"0.5\";}}','',21,0.5,2,0.5,0.5,1,0.5,8,1,'2015-06-09 23:30:20',0,1,1,0,0,16,16,'admin',1),(58,'20150610[中超联赛] 上海申花VS北京国安',1433865900,1433866200,1433866500,100,500,20,4,-1,'a:10:{i:0;a:2:{s:4:\"ball\";s:2:\"19\";s:3:\"val\";s:4:\"0.85\";}i:1;a:2:{s:4:\"ball\";s:2:\"18\";s:3:\"val\";s:4:\"0.85\";}i:2;a:2:{s:4:\"ball\";s:2:\"17\";s:3:\"val\";s:4:\"0.85\";}i:3;a:2:{s:4:\"ball\";s:2:\"16\";s:3:\"val\";s:4:\"0.85\";}i:4;a:2:{s:4:\"ball\";s:2:\"15\";s:3:\"val\";s:4:\"0.85\";}i:5;a:2:{s:4:\"ball\";s:2:\"14\";s:3:\"val\";s:4:\"0.85\";}i:6;a:2:{s:4:\"ball\";s:2:\"11\";s:3:\"val\";s:4:\"0.85\";}i:7;a:2:{s:4:\"ball\";s:2:\"10\";s:3:\"val\";s:4:\"0.85\";}i:8;a:2:{s:4:\"ball\";s:1:\"9\";s:3:\"val\";s:4:\"0.85\";}i:9;a:2:{s:4:\"ball\";s:1:\"7\";s:3:\"val\";s:4:\"0.85\";}}','a:10:{i:0;a:2:{s:4:\"ball\";s:2:\"19\";s:3:\"val\";s:4:\"0.85\";}i:1;a:2:{s:4:\"ball\";s:2:\"18\";s:3:\"val\";s:4:\"0.85\";}i:2;a:2:{s:4:\"ball\";s:2:\"17\";s:3:\"val\";s:4:\"0.85\";}i:3;a:2:{s:4:\"ball\";s:2:\"16\";s:3:\"val\";s:4:\"0.85\";}i:4;a:2:{s:4:\"ball\";s:2:\"15\";s:3:\"val\";s:4:\"0.85\";}i:5;a:2:{s:4:\"ball\";s:2:\"14\";s:3:\"val\";s:4:\"0.85\";}i:6;a:2:{s:4:\"ball\";s:2:\"11\";s:3:\"val\";s:4:\"0.85\";}i:7;a:2:{s:4:\"ball\";s:2:\"10\";s:3:\"val\";s:4:\"0.85\";}i:8;a:2:{s:4:\"ball\";s:1:\"9\";s:3:\"val\";s:4:\"0.85\";}i:9;a:2:{s:4:\"ball\";s:1:\"7\";s:3:\"val\";s:4:\"0.85\";}}','',21,0.85,2,0.85,0.85,1,0.85,8,1,'2015-06-10 00:03:24',0,4,2,1,1,14,0,'admin',1),(59,'20150610[中超联赛]北京国安VS 上海申花',1433865900,1433866210,1433866800,300,1000,21,4,-1,'a:9:{i:0;a:2:{s:4:\"ball\";s:2:\"19\";s:3:\"val\";s:4:\"0.85\";}i:1;a:2:{s:4:\"ball\";s:2:\"18\";s:3:\"val\";s:4:\"0.85\";}i:2;a:2:{s:4:\"ball\";s:2:\"17\";s:3:\"val\";s:4:\"0.85\";}i:3;a:2:{s:4:\"ball\";s:2:\"16\";s:3:\"val\";s:4:\"0.85\";}i:4;a:2:{s:4:\"ball\";s:2:\"15\";s:3:\"val\";s:4:\"0.85\";}i:5;a:2:{s:4:\"ball\";s:2:\"14\";s:3:\"val\";s:4:\"0.85\";}i:6;a:2:{s:4:\"ball\";s:2:\"10\";s:3:\"val\";s:4:\"0.85\";}i:7;a:2:{s:4:\"ball\";s:1:\"9\";s:3:\"val\";s:4:\"0.85\";}i:8;a:2:{s:4:\"ball\";s:1:\"7\";s:3:\"val\";s:4:\"0.85\";}}','a:10:{i:0;a:2:{s:4:\"ball\";s:2:\"19\";s:3:\"val\";s:4:\"0.85\";}i:1;a:2:{s:4:\"ball\";s:2:\"18\";s:3:\"val\";s:4:\"0.85\";}i:2;a:2:{s:4:\"ball\";s:2:\"17\";s:3:\"val\";s:4:\"0.85\";}i:3;a:2:{s:4:\"ball\";s:2:\"16\";s:3:\"val\";s:4:\"0.85\";}i:4;a:2:{s:4:\"ball\";s:2:\"15\";s:3:\"val\";s:4:\"0.85\";}i:5;a:2:{s:4:\"ball\";s:2:\"14\";s:3:\"val\";s:4:\"0.85\";}i:6;a:2:{s:4:\"ball\";s:2:\"11\";s:3:\"val\";s:4:\"0.85\";}i:7;a:2:{s:4:\"ball\";s:2:\"10\";s:3:\"val\";s:4:\"0.85\";}i:8;a:2:{s:4:\"ball\";s:1:\"9\";s:3:\"val\";s:4:\"0.85\";}i:9;a:2:{s:4:\"ball\";s:1:\"7\";s:3:\"val\";s:4:\"0.85\";}}','',20,0.85,1,0.85,0.85,1,0.85,8,1,'2015-06-10 00:04:52',0,1,1,0,0,16,16,'admin',1),(60,'20150610[德甲联赛]拜仁慕尼黑VS多特蒙德',1434466831,1434467331,1434467831,100,500,22,4,1,'a:10:{i:0;a:2:{s:4:\"ball\";s:2:\"19\";s:3:\"val\";s:3:\"0.5\";}i:1;a:2:{s:4:\"ball\";s:2:\"18\";s:3:\"val\";s:3:\"0.5\";}i:2;a:2:{s:4:\"ball\";s:2:\"17\";s:3:\"val\";s:3:\"0.5\";}i:3;a:2:{s:4:\"ball\";s:2:\"16\";s:3:\"val\";s:3:\"0.5\";}i:4;a:2:{s:4:\"ball\";s:2:\"15\";s:3:\"val\";s:3:\"0.5\";}i:5;a:2:{s:4:\"ball\";s:2:\"14\";s:3:\"val\";s:3:\"0.5\";}i:6;a:2:{s:4:\"ball\";s:2:\"11\";s:3:\"val\";s:3:\"0.5\";}i:7;a:2:{s:4:\"ball\";s:2:\"10\";s:3:\"val\";s:3:\"0.5\";}i:8;a:2:{s:4:\"ball\";s:1:\"9\";s:3:\"val\";s:3:\"0.5\";}i:9;a:2:{s:4:\"ball\";s:1:\"7\";s:3:\"val\";s:3:\"0.5\";}}','a:10:{i:0;a:2:{s:4:\"ball\";s:2:\"19\";s:3:\"val\";s:3:\"0.5\";}i:1;a:2:{s:4:\"ball\";s:2:\"18\";s:3:\"val\";s:3:\"0.5\";}i:2;a:2:{s:4:\"ball\";s:2:\"17\";s:3:\"val\";s:3:\"0.5\";}i:3;a:2:{s:4:\"ball\";s:2:\"16\";s:3:\"val\";s:3:\"0.5\";}i:4;a:2:{s:4:\"ball\";s:2:\"15\";s:3:\"val\";s:3:\"0.5\";}i:5;a:2:{s:4:\"ball\";s:2:\"14\";s:3:\"val\";s:3:\"0.5\";}i:6;a:2:{s:4:\"ball\";s:2:\"11\";s:3:\"val\";s:3:\"0.5\";}i:7;a:2:{s:4:\"ball\";s:2:\"10\";s:3:\"val\";s:3:\"0.5\";}i:8;a:2:{s:4:\"ball\";s:1:\"9\";s:3:\"val\";s:3:\"0.5\";}i:9;a:2:{s:4:\"ball\";s:1:\"7\";s:3:\"val\";s:3:\"0.5\";}}','',23,0.5,2,0.5,0.5,2,0.5,10,1,'2015-06-10 00:24:39',0,5,2,1,1,15,0,'admin',1),(61,'20150618[德甲联赛]多特蒙德VS拜仁慕尼黑',1434470400,1434521117,1434521617,100,1000,23,1,2,'a:10:{i:0;a:2:{s:4:\"ball\";s:2:\"19\";s:3:\"val\";s:1:\"5\";}i:1;a:2:{s:4:\"ball\";s:2:\"18\";s:3:\"val\";s:1:\"4\";}i:2;a:2:{s:4:\"ball\";s:2:\"17\";s:3:\"val\";s:1:\"3\";}i:3;a:2:{s:4:\"ball\";s:2:\"16\";s:3:\"val\";s:1:\"1\";}i:4;a:2:{s:4:\"ball\";s:2:\"15\";s:3:\"val\";s:1:\"5\";}i:5;a:2:{s:4:\"ball\";s:2:\"14\";s:3:\"val\";s:1:\"4\";}i:6;a:2:{s:4:\"ball\";s:2:\"11\";s:3:\"val\";s:1:\"3\";}i:7;a:2:{s:4:\"ball\";s:2:\"10\";s:3:\"val\";s:1:\"2\";}i:8;a:2:{s:4:\"ball\";s:1:\"9\";s:3:\"val\";s:1:\"1\";}i:9;a:2:{s:4:\"ball\";s:1:\"7\";s:3:\"val\";s:1:\"1\";}}','a:10:{i:0;a:2:{s:4:\"ball\";s:2:\"19\";s:3:\"val\";s:1:\"5\";}i:1;a:2:{s:4:\"ball\";s:2:\"18\";s:3:\"val\";s:1:\"4\";}i:2;a:2:{s:4:\"ball\";s:2:\"17\";s:3:\"val\";s:1:\"3\";}i:3;a:2:{s:4:\"ball\";s:2:\"16\";s:3:\"val\";s:1:\"1\";}i:4;a:2:{s:4:\"ball\";s:2:\"15\";s:3:\"val\";s:1:\"5\";}i:5;a:2:{s:4:\"ball\";s:2:\"14\";s:3:\"val\";s:1:\"4\";}i:6;a:2:{s:4:\"ball\";s:2:\"11\";s:3:\"val\";s:1:\"3\";}i:7;a:2:{s:4:\"ball\";s:2:\"10\";s:3:\"val\";s:1:\"2\";}i:8;a:2:{s:4:\"ball\";s:1:\"9\";s:3:\"val\";s:1:\"1\";}i:9;a:2:{s:4:\"ball\";s:1:\"7\";s:3:\"val\";s:1:\"1\";}}','',22,0.5,2,0.5,0.5,1,0.5,10,1,'2015-06-16 23:53:57',0,3,1,1,1,14,18,'admin',1),(62,'20150617[中超联赛]北京国安VS 上海申花',1434522600,1434522840,1434522900,100,1000,21,1,1,'a:10:{i:0;a:2:{s:4:\"ball\";s:2:\"19\";s:3:\"val\";s:1:\"1\";}i:1;a:2:{s:4:\"ball\";s:2:\"18\";s:3:\"val\";s:1:\"2\";}i:2;a:2:{s:4:\"ball\";s:2:\"17\";s:3:\"val\";s:1:\"3\";}i:3;a:2:{s:4:\"ball\";s:2:\"16\";s:3:\"val\";s:1:\"4\";}i:4;a:2:{s:4:\"ball\";s:2:\"15\";s:3:\"val\";s:1:\"5\";}i:5;a:2:{s:4:\"ball\";s:2:\"14\";s:3:\"val\";s:1:\"4\";}i:6;a:2:{s:4:\"ball\";s:2:\"11\";s:3:\"val\";s:1:\"3\";}i:7;a:2:{s:4:\"ball\";s:2:\"10\";s:3:\"val\";s:1:\"2\";}i:8;a:2:{s:4:\"ball\";s:1:\"9\";s:3:\"val\";s:1:\"1\";}i:9;a:2:{s:4:\"ball\";s:1:\"7\";s:3:\"val\";s:1:\"1\";}}','a:10:{i:0;a:2:{s:4:\"ball\";s:2:\"19\";s:3:\"val\";s:1:\"1\";}i:1;a:2:{s:4:\"ball\";s:2:\"18\";s:3:\"val\";s:1:\"2\";}i:2;a:2:{s:4:\"ball\";s:2:\"17\";s:3:\"val\";s:1:\"3\";}i:3;a:2:{s:4:\"ball\";s:2:\"16\";s:3:\"val\";s:1:\"4\";}i:4;a:2:{s:4:\"ball\";s:2:\"15\";s:3:\"val\";s:1:\"5\";}i:5;a:2:{s:4:\"ball\";s:2:\"14\";s:3:\"val\";s:1:\"4\";}i:6;a:2:{s:4:\"ball\";s:2:\"11\";s:3:\"val\";s:1:\"3\";}i:7;a:2:{s:4:\"ball\";s:2:\"10\";s:3:\"val\";s:1:\"2\";}i:8;a:2:{s:4:\"ball\";s:1:\"9\";s:3:\"val\";s:1:\"1\";}i:9;a:2:{s:4:\"ball\";s:1:\"7\";s:3:\"val\";s:1:\"1\";}}','',20,2,3,4,2,3,2,8,1,'2015-06-17 14:19:57',0,3,1,1,2,18,14,'admin',1),(63,'20150617[英超联赛]曼联VS切尔西',1434541500,1434541800,1434542100,100,500,17,4,1,'a:10:{i:0;a:2:{s:4:\"ball\";s:2:\"19\";s:3:\"val\";s:3:\"0.5\";}i:1;a:2:{s:4:\"ball\";s:2:\"18\";s:3:\"val\";s:3:\"0.5\";}i:2;a:2:{s:4:\"ball\";s:2:\"17\";s:3:\"val\";s:3:\"0.5\";}i:3;a:2:{s:4:\"ball\";s:2:\"16\";s:3:\"val\";s:3:\"0.5\";}i:4;a:2:{s:4:\"ball\";s:2:\"15\";s:3:\"val\";s:3:\"0.5\";}i:5;a:2:{s:4:\"ball\";s:2:\"14\";s:3:\"val\";s:3:\"0.5\";}i:6;a:2:{s:4:\"ball\";s:2:\"11\";s:3:\"val\";s:3:\"0.5\";}i:7;a:2:{s:4:\"ball\";s:2:\"10\";s:3:\"val\";s:3:\"0.5\";}i:8;a:2:{s:4:\"ball\";s:1:\"9\";s:3:\"val\";s:3:\"0.5\";}i:9;a:2:{s:4:\"ball\";s:1:\"7\";s:3:\"val\";s:3:\"0.5\";}}','a:10:{i:0;a:2:{s:4:\"ball\";s:2:\"19\";s:3:\"val\";s:3:\"0.5\";}i:1;a:2:{s:4:\"ball\";s:2:\"18\";s:3:\"val\";s:3:\"0.5\";}i:2;a:2:{s:4:\"ball\";s:2:\"17\";s:3:\"val\";s:3:\"0.5\";}i:3;a:2:{s:4:\"ball\";s:2:\"16\";s:3:\"val\";s:3:\"0.5\";}i:4;a:2:{s:4:\"ball\";s:2:\"15\";s:3:\"val\";s:3:\"0.5\";}i:5;a:2:{s:4:\"ball\";s:2:\"14\";s:3:\"val\";s:3:\"0.5\";}i:6;a:2:{s:4:\"ball\";s:2:\"11\";s:3:\"val\";s:3:\"0.5\";}i:7;a:2:{s:4:\"ball\";s:2:\"10\";s:3:\"val\";s:3:\"0.5\";}i:8;a:2:{s:4:\"ball\";s:1:\"9\";s:3:\"val\";s:3:\"0.5\";}i:9;a:2:{s:4:\"ball\";s:1:\"7\";s:3:\"val\";s:3:\"0.5\";}}','',16,0.5,2,0.5,0.5,-1,0.5,9,1,'2015-06-17 19:44:41',0,1,4,1,1,19,0,'admin',1),(64,'20150617[德甲联赛]多特蒙德VS拜仁慕尼黑',1434544200,1434544260,1434544320,1000,5000,23,3,2,'a:10:{i:0;a:2:{s:4:\"ball\";s:2:\"19\";s:3:\"val\";s:3:\"0.5\";}i:1;a:2:{s:4:\"ball\";s:2:\"18\";s:3:\"val\";s:3:\"0.5\";}i:2;a:2:{s:4:\"ball\";s:2:\"17\";s:3:\"val\";s:3:\"0.5\";}i:3;a:2:{s:4:\"ball\";s:2:\"16\";s:3:\"val\";s:3:\"0.5\";}i:4;a:2:{s:4:\"ball\";s:2:\"15\";s:3:\"val\";s:3:\"0.5\";}i:5;a:2:{s:4:\"ball\";s:2:\"14\";s:3:\"val\";s:3:\"0.5\";}i:6;a:2:{s:4:\"ball\";s:2:\"11\";s:3:\"val\";s:3:\"0.5\";}i:7;a:2:{s:4:\"ball\";s:2:\"10\";s:3:\"val\";s:3:\"0.5\";}i:8;a:2:{s:4:\"ball\";s:1:\"9\";s:3:\"val\";s:3:\"0.5\";}i:9;a:2:{s:4:\"ball\";s:1:\"7\";s:3:\"val\";s:3:\"0.5\";}}','a:10:{i:0;a:2:{s:4:\"ball\";s:2:\"19\";s:3:\"val\";s:3:\"0.5\";}i:1;a:2:{s:4:\"ball\";s:2:\"18\";s:3:\"val\";s:3:\"0.5\";}i:2;a:2:{s:4:\"ball\";s:2:\"17\";s:3:\"val\";s:3:\"0.5\";}i:3;a:2:{s:4:\"ball\";s:2:\"16\";s:3:\"val\";s:3:\"0.5\";}i:4;a:2:{s:4:\"ball\";s:2:\"15\";s:3:\"val\";s:3:\"0.5\";}i:5;a:2:{s:4:\"ball\";s:2:\"14\";s:3:\"val\";s:3:\"0.5\";}i:6;a:2:{s:4:\"ball\";s:2:\"11\";s:3:\"val\";s:3:\"0.5\";}i:7;a:2:{s:4:\"ball\";s:2:\"10\";s:3:\"val\";s:3:\"0.5\";}i:8;a:2:{s:4:\"ball\";s:1:\"9\";s:3:\"val\";s:3:\"0.5\";}i:9;a:2:{s:4:\"ball\";s:1:\"7\";s:3:\"val\";s:3:\"0.5\";}}','',22,0.5,1,0.5,0.5,1,0.5,10,1,'2015-06-17 20:26:36',0,1,4,1,1,19,0,'admin',1),(65,'20150617[亚冠联赛]首尔FCVS北京国安',1434544800,1434555660,1434544920,500,1000,27,4,1,'a:10:{i:0;a:2:{s:4:\"ball\";s:2:\"19\";s:3:\"val\";s:3:\"0.5\";}i:1;a:2:{s:4:\"ball\";s:2:\"18\";s:3:\"val\";s:3:\"0.5\";}i:2;a:2:{s:4:\"ball\";s:2:\"17\";s:3:\"val\";s:3:\"0.5\";}i:3;a:2:{s:4:\"ball\";s:2:\"16\";s:3:\"val\";s:3:\"0.5\";}i:4;a:2:{s:4:\"ball\";s:2:\"15\";s:3:\"val\";s:3:\"0.5\";}i:5;a:2:{s:4:\"ball\";s:2:\"14\";s:3:\"val\";s:3:\"0.5\";}i:6;a:2:{s:4:\"ball\";s:2:\"11\";s:3:\"val\";s:3:\"0.5\";}i:7;a:2:{s:4:\"ball\";s:2:\"10\";s:3:\"val\";s:3:\"0.5\";}i:8;a:2:{s:4:\"ball\";s:1:\"9\";s:3:\"val\";s:3:\"0.5\";}i:9;a:2:{s:4:\"ball\";s:1:\"7\";s:3:\"val\";s:3:\"0.5\";}}','a:10:{i:0;a:2:{s:4:\"ball\";s:2:\"19\";s:3:\"val\";s:3:\"0.5\";}i:1;a:2:{s:4:\"ball\";s:2:\"18\";s:3:\"val\";s:3:\"0.5\";}i:2;a:2:{s:4:\"ball\";s:2:\"17\";s:3:\"val\";s:3:\"0.5\";}i:3;a:2:{s:4:\"ball\";s:2:\"16\";s:3:\"val\";s:3:\"0.5\";}i:4;a:2:{s:4:\"ball\";s:2:\"15\";s:3:\"val\";s:3:\"0.5\";}i:5;a:2:{s:4:\"ball\";s:2:\"14\";s:3:\"val\";s:3:\"0.5\";}i:6;a:2:{s:4:\"ball\";s:2:\"11\";s:3:\"val\";s:3:\"0.5\";}i:7;a:2:{s:4:\"ball\";s:2:\"10\";s:3:\"val\";s:3:\"0.5\";}i:8;a:2:{s:4:\"ball\";s:1:\"9\";s:3:\"val\";s:3:\"0.5\";}i:9;a:2:{s:4:\"ball\";s:1:\"7\";s:3:\"val\";s:3:\"0.5\";}}','',21,0.5,1,0.5,0.5,2,0.5,11,1,'2015-06-17 20:35:59',0,1,4,1,1,19,0,'admin',1),(66,'20150625[中超联赛] 上海申花VS北京国安',1435236900,1435244340,1435244700,100,500,20,4,1,'a:10:{i:0;a:2:{s:4:\"ball\";s:2:\"19\";s:3:\"val\";s:7:\"1.55555\";}i:1;a:2:{s:4:\"ball\";s:2:\"18\";s:3:\"val\";s:7:\"1.55555\";}i:2;a:2:{s:4:\"ball\";s:2:\"17\";s:3:\"val\";s:7:\"1.55555\";}i:3;a:2:{s:4:\"ball\";s:2:\"16\";s:3:\"val\";s:7:\"1.55555\";}i:4;a:2:{s:4:\"ball\";s:2:\"15\";s:3:\"val\";s:7:\"1.55555\";}i:5;a:2:{s:4:\"ball\";s:2:\"14\";s:3:\"val\";s:7:\"1.55555\";}i:6;a:2:{s:4:\"ball\";s:2:\"11\";s:3:\"val\";s:7:\"1.55555\";}i:7;a:2:{s:4:\"ball\";s:2:\"10\";s:3:\"val\";s:7:\"1.55555\";}i:8;a:2:{s:4:\"ball\";s:1:\"9\";s:3:\"val\";s:7:\"1.55555\";}i:9;a:2:{s:4:\"ball\";s:1:\"7\";s:3:\"val\";s:7:\"1.55555\";}}','a:10:{i:0;a:2:{s:4:\"ball\";s:2:\"19\";s:3:\"val\";s:7:\"1.55555\";}i:1;a:2:{s:4:\"ball\";s:2:\"18\";s:3:\"val\";s:7:\"1.55555\";}i:2;a:2:{s:4:\"ball\";s:2:\"17\";s:3:\"val\";s:7:\"1.55555\";}i:3;a:2:{s:4:\"ball\";s:2:\"16\";s:3:\"val\";s:7:\"1.55555\";}i:4;a:2:{s:4:\"ball\";s:2:\"15\";s:3:\"val\";s:7:\"1.55555\";}i:5;a:2:{s:4:\"ball\";s:2:\"14\";s:3:\"val\";s:7:\"1.55555\";}i:6;a:2:{s:4:\"ball\";s:2:\"11\";s:3:\"val\";s:7:\"1.55555\";}i:7;a:2:{s:4:\"ball\";s:2:\"10\";s:3:\"val\";s:7:\"1.55555\";}i:8;a:2:{s:4:\"ball\";s:1:\"9\";s:3:\"val\";s:7:\"1.55555\";}i:9;a:2:{s:4:\"ball\";s:1:\"7\";s:3:\"val\";s:7:\"1.55555\";}}','',21,1.55555,1,1.55555,1.55555,1,1.55555,8,0,'2015-06-25 20:51:49',0,0,0,0,0,0,0,NULL,0),(67,'20150625[日本J联赛]横滨水手VS柏太阳神',1435237140,1435237200,1435237500,500,2000,25,5,1,'a:10:{i:0;a:2:{s:4:\"ball\";s:2:\"19\";s:3:\"val\";s:7:\"1.55555\";}i:1;a:2:{s:4:\"ball\";s:2:\"18\";s:3:\"val\";s:7:\"1.55555\";}i:2;a:2:{s:4:\"ball\";s:2:\"17\";s:3:\"val\";s:7:\"1.55555\";}i:3;a:2:{s:4:\"ball\";s:2:\"16\";s:3:\"val\";s:7:\"1.55555\";}i:4;a:2:{s:4:\"ball\";s:2:\"15\";s:3:\"val\";s:7:\"1.55555\";}i:5;a:2:{s:4:\"ball\";s:2:\"14\";s:3:\"val\";s:7:\"1.55555\";}i:6;a:2:{s:4:\"ball\";s:2:\"11\";s:3:\"val\";s:7:\"1.55555\";}i:7;a:2:{s:4:\"ball\";s:2:\"10\";s:3:\"val\";s:7:\"1.55555\";}i:8;a:2:{s:4:\"ball\";s:1:\"9\";s:3:\"val\";s:7:\"1.55555\";}i:9;a:2:{s:4:\"ball\";s:1:\"7\";s:3:\"val\";s:7:\"1.55555\";}}','a:10:{i:0;a:2:{s:4:\"ball\";s:2:\"19\";s:3:\"val\";s:7:\"1.55555\";}i:1;a:2:{s:4:\"ball\";s:2:\"18\";s:3:\"val\";s:7:\"1.55555\";}i:2;a:2:{s:4:\"ball\";s:2:\"17\";s:3:\"val\";s:7:\"1.55555\";}i:3;a:2:{s:4:\"ball\";s:2:\"16\";s:3:\"val\";s:7:\"1.55555\";}i:4;a:2:{s:4:\"ball\";s:2:\"15\";s:3:\"val\";s:7:\"1.55555\";}i:5;a:2:{s:4:\"ball\";s:2:\"14\";s:3:\"val\";s:7:\"1.55555\";}i:6;a:2:{s:4:\"ball\";s:2:\"11\";s:3:\"val\";s:7:\"1.55555\";}i:7;a:2:{s:4:\"ball\";s:2:\"10\";s:3:\"val\";s:7:\"1.55555\";}i:8;a:2:{s:4:\"ball\";s:1:\"9\";s:3:\"val\";s:7:\"1.55555\";}i:9;a:2:{s:4:\"ball\";s:1:\"7\";s:3:\"val\";s:7:\"1.55555\";}}','',24,1.55555,1,1.55555,1.55555,2,1.55555,12,1,'2015-06-25 20:58:22',0,5,2,1,1,15,0,'admin',1),(68,'20150625[亚冠联赛]横滨水手VS首尔FC',1435560433,1435560933,1435561433,100,350,25,5,1,'a:10:{i:0;a:2:{s:4:\"ball\";s:2:\"19\";s:3:\"val\";s:4:\"1.55\";}i:1;a:2:{s:4:\"ball\";s:2:\"18\";s:3:\"val\";s:4:\"1.55\";}i:2;a:2:{s:4:\"ball\";s:2:\"17\";s:3:\"val\";s:4:\"1.55\";}i:3;a:2:{s:4:\"ball\";s:2:\"16\";s:3:\"val\";s:4:\"1.55\";}i:4;a:2:{s:4:\"ball\";s:2:\"15\";s:3:\"val\";s:4:\"1.55\";}i:5;a:2:{s:4:\"ball\";s:2:\"14\";s:3:\"val\";s:4:\"1.55\";}i:6;a:2:{s:4:\"ball\";s:2:\"11\";s:3:\"val\";s:4:\"1.55\";}i:7;a:2:{s:4:\"ball\";s:2:\"10\";s:3:\"val\";s:4:\"1.55\";}i:8;a:2:{s:4:\"ball\";s:1:\"9\";s:3:\"val\";s:4:\"1.55\";}i:9;a:2:{s:4:\"ball\";s:1:\"7\";s:3:\"val\";s:4:\"1.55\";}}','a:10:{i:0;a:2:{s:4:\"ball\";s:2:\"19\";s:3:\"val\";s:4:\"1.55\";}i:1;a:2:{s:4:\"ball\";s:2:\"18\";s:3:\"val\";s:4:\"1.55\";}i:2;a:2:{s:4:\"ball\";s:2:\"17\";s:3:\"val\";s:4:\"1.55\";}i:3;a:2:{s:4:\"ball\";s:2:\"16\";s:3:\"val\";s:4:\"1.55\";}i:4;a:2:{s:4:\"ball\";s:2:\"15\";s:3:\"val\";s:4:\"1.55\";}i:5;a:2:{s:4:\"ball\";s:2:\"14\";s:3:\"val\";s:4:\"1.55\";}i:6;a:2:{s:4:\"ball\";s:2:\"11\";s:3:\"val\";s:4:\"1.55\";}i:7;a:2:{s:4:\"ball\";s:2:\"10\";s:3:\"val\";s:4:\"1.55\";}i:8;a:2:{s:4:\"ball\";s:1:\"9\";s:3:\"val\";s:4:\"1.55\";}i:9;a:2:{s:4:\"ball\";s:1:\"7\";s:3:\"val\";s:4:\"1.55\";}}','',27,1.55,1,1.55,1.55,2,1.55,11,0,'2015-06-25 21:07:29',0,5,2,1,1,15,0,'admin',0),(69,'20150708[欧洲杯联赛]测试2VS测试上传1',1436165400,1436284799,1436284800,100,500,29,1,50,'a:10:{i:0;a:2:{s:4:\"ball\";s:2:\"19\";s:3:\"val\";s:1:\"1\";}i:1;a:2:{s:4:\"ball\";s:2:\"18\";s:3:\"val\";s:1:\"2\";}i:2;a:2:{s:4:\"ball\";s:2:\"17\";s:3:\"val\";s:1:\"3\";}i:3;a:2:{s:4:\"ball\";s:2:\"16\";s:3:\"val\";s:1:\"4\";}i:4;a:2:{s:4:\"ball\";s:2:\"15\";s:3:\"val\";s:1:\"5\";}i:5;a:2:{s:4:\"ball\";s:2:\"14\";s:3:\"val\";s:1:\"4\";}i:6;a:2:{s:4:\"ball\";s:2:\"11\";s:3:\"val\";s:1:\"5\";}i:7;a:2:{s:4:\"ball\";s:2:\"10\";s:3:\"val\";s:1:\"3\";}i:8;a:2:{s:4:\"ball\";s:1:\"9\";s:3:\"val\";s:1:\"2\";}i:9;a:2:{s:4:\"ball\";s:1:\"7\";s:3:\"val\";s:1:\"1\";}}','a:10:{i:0;a:2:{s:4:\"ball\";s:2:\"19\";s:3:\"val\";s:1:\"5\";}i:1;a:2:{s:4:\"ball\";s:2:\"18\";s:3:\"val\";s:1:\"2\";}i:2;a:2:{s:4:\"ball\";s:2:\"17\";s:3:\"val\";s:1:\"1\";}i:3;a:2:{s:4:\"ball\";s:2:\"16\";s:3:\"val\";s:1:\"1\";}i:4;a:2:{s:4:\"ball\";s:2:\"15\";s:3:\"val\";s:1:\"4\";}i:5;a:2:{s:4:\"ball\";s:2:\"14\";s:3:\"val\";s:1:\"1\";}i:6;a:2:{s:4:\"ball\";s:2:\"11\";s:3:\"val\";s:1:\"4\";}i:7;a:2:{s:4:\"ball\";s:2:\"10\";s:3:\"val\";s:1:\"2\";}i:8;a:2:{s:4:\"ball\";s:1:\"9\";s:3:\"val\";s:1:\"3\";}i:9;a:2:{s:4:\"ball\";s:1:\"7\";s:3:\"val\";s:1:\"3\";}}','',28,2,2,1,2,150,2,17,0,'2015-07-06 14:30:40',0,0,0,0,0,0,0,NULL,0);
/*!40000 ALTER TABLE `dish` ENABLE KEYS */;
UNLOCK TABLES;

--
-- Table structure for table `league`
--

DROP TABLE IF EXISTS `league`;
/*!40101 SET @saved_cs_client     = @@character_set_client */;
/*!40101 SET character_set_client = utf8 */;
CREATE TABLE `league` (
  `id` int(11) NOT NULL AUTO_INCREMENT,
  `name` varchar(15) NOT NULL,
  PRIMARY KEY (`id`)
) ENGINE=MyISAM AUTO_INCREMENT=18 DEFAULT CHARSET=utf8;
/*!40101 SET character_set_client = @saved_cs_client */;

--
-- Dumping data for table `league`
--

LOCK TABLES `league` WRITE;
/*!40000 ALTER TABLE `league` DISABLE KEYS */;
INSERT INTO `league` VALUES (6,'西甲'),(7,'欧冠'),(8,'中超'),(9,'英超'),(10,'德甲'),(11,'亚冠'),(12,'日本J'),(13,'韩国K'),(14,'法甲'),(15,'意甲'),(16,'世界杯'),(17,'欧洲杯');
/*!40000 ALTER TABLE `league` ENABLE KEYS */;
UNLOCK TABLES;

--
-- Table structure for table `team`
--

DROP TABLE IF EXISTS `team`;
/*!40101 SET @saved_cs_client     = @@character_set_client */;
/*!40101 SET character_set_client = utf8 */;
CREATE TABLE `team` (
  `id` int(11) NOT NULL AUTO_INCREMENT,
  `name` varchar(200) NOT NULL,
  `league` varchar(200) NOT NULL,
  `logo` varchar(200) NOT NULL,
  PRIMARY KEY (`id`)
) ENGINE=MyISAM AUTO_INCREMENT=31 DEFAULT CHARSET=utf8;
/*!40101 SET character_set_client = @saved_cs_client */;

--
-- Dumping data for table `team`
--

LOCK TABLES `team` WRITE;
/*!40000 ALTER TABLE `team` DISABLE KEYS */;
INSERT INTO `team` VALUES (16,'切尔西','9,7','uploadFiles/5562c9a5bb779.gif'),(14,'皇家马德里','7,6','uploadFiles/5562c71f3ed80.gif'),(15,'巴萨罗那','7,6','uploadFiles/5562c734eee82.gif'),(17,'曼联','9,7','uploadFiles/558cc31293680.png'),(20,' 上海申花','11,8','uploadFiles/558c07c774bab.gif'),(21,'北京国安','11,8','uploadFiles/558c07523c688.gif'),(22,'拜仁慕尼黑','10,7','uploadFiles/5566927d1a87b.gif'),(23,'多特蒙德','10,7','uploadFiles/556692a01d26d.gif'),(24,'柏太阳神','12,11','uploadFiles/556693c8308d9.gif'),(25,'横滨水手','12,11','uploadFiles/556693b2d983c.gif'),(26,'水原三星','13,11','uploadFiles/556693e0a9d46.gif'),(27,'首尔FC','13,11','uploadFiles/556693f28e9d7.gif'),(28,'测试上传1','17','uploadFiles/558cbc9615610.gif'),(29,'测试2','17','uploadFiles/558cc0f39aab2.png'),(30,'asdfsad','17','http://attach.s8bbs.com/attachments/Mon_1401/0_1435924017.jpg');
/*!40000 ALTER TABLE `team` ENABLE KEYS */;
UNLOCK TABLES;
/*!40103 SET TIME_ZONE=@OLD_TIME_ZONE */;

/*!40101 SET SQL_MODE=@OLD_SQL_MODE */;
/*!40014 SET FOREIGN_KEY_CHECKS=@OLD_FOREIGN_KEY_CHECKS */;
/*!40014 SET UNIQUE_CHECKS=@OLD_UNIQUE_CHECKS */;
/*!40101 SET CHARACTER_SET_CLIENT=@OLD_CHARACTER_SET_CLIENT */;
/*!40101 SET CHARACTER_SET_RESULTS=@OLD_CHARACTER_SET_RESULTS */;
/*!40101 SET COLLATION_CONNECTION=@OLD_COLLATION_CONNECTION */;
/*!40111 SET SQL_NOTES=@OLD_SQL_NOTES */;

-- Dump completed on 2015-07-23 22:35:39
