DROP TABLE IF EXISTS `FC_INNERC_PAYMENT_ACCOUNT_BANK`;
/*!40101 SET @saved_cs_client     = @@character_set_client */;
/*!40101 SET character_set_client = utf8 */;
CREATE TABLE `FC_INNERC_PAYMENT_ACCOUNT_BANK` (
  `PAYMENT_BANK_ID` char(38) NOT NULL COMMENT '流水號',
  `PAYMENT_CHANNEL_ID` char(38) DEFAULT NULL,
  `BANK_NAME` varchar(20) DEFAULT NULL COMMENT '銀行名稱',
  `BANK_CODE` varchar(15) DEFAULT NULL COMMENT '银行代码',
  `STATUS` int(11) DEFAULT NULL COMMENT '狀態(1.f啟用0.停用)',
  `MODIFY_TIME` datetime DEFAULT NULL,
  `CREATE_TIME` datetime DEFAULT NULL,
  `BANK_VALUE` varchar(15) DEFAULT NULL COMMENT '銀行值',
  PRIMARY KEY (`PAYMENT_BANK_ID`)
) ENGINE=InnoDB DEFAULT CHARSET=utf8 COMMENT='支付渠道所支持的''銀行表';

DROP TABLE IF EXISTS `FC_INNERC_PAYMENT_BANK_DEPLOY`;
/*!40101 SET @saved_cs_client     = @@character_set_client */;
/*!40101 SET character_set_client = utf8 */;
CREATE TABLE `FC_INNERC_PAYMENT_BANK_DEPLOY` (
  `DEPLOY_ID` char(38) NOT NULL COMMENT '流水號',
  `BUSINESS_ID` char(64) DEFAULT NULL COMMENT '游戏平台',
  `DEPLOY_CODE` varchar(30) DEFAULT NULL COMMENT '配置代號',
  `DEPLOY_VALUE` varchar(30) DEFAULT NULL COMMENT '配置值',
  `PAYMENT_ID` char(38) DEFAULT NULL,
  `PAYMENT_BANK_ID` char(38) DEFAULT NULL COMMENT '流水號',
  `ACCOUNT_ALIAS` char(38) DEFAULT NULL,
  `STATUS` int(11) DEFAULT NULL COMMENT '啟用(1)停用(0)',
  `CREATE_BY` varchar(20) DEFAULT NULL,
  `CREATE_TIME` datetime DEFAULT NULL,
  `MODIFIED_BY` varchar(20) DEFAULT NULL,
  `MODIFIED_TIME` datetime DEFAULT NULL,
  PRIMARY KEY (`DEPLOY_ID`)
) ENGINE=InnoDB DEFAULT CHARSET=utf8 COMMENT='支付銀行配置表';

ALTER TABLE `FC_PAY_ORDER_RECORD` 
ADD COLUMN `PARTNER_ID` VARCHAR(32) NULL AFTER `CODE_MSG`;

ALTER TABLE `FC_SYS_PARAMETER` 
CHANGE COLUMN `PARAMETER_CODE` `PARAMETER_CODE` VARCHAR(50) CHARACTER SET 'utf8' COLLATE 'utf8_bin' NOT NULL ,
CHANGE COLUMN `PARAMETER_VALUE` `PARAMETER_VALUE` VARCHAR(100) CHARACTER SET 'utf8' COLLATE 'utf8_bin' NOT NULL ;

/*INSERT*/;

INSERT INTO `FC_SYS_PARAMETER_TYPE` (`PARAMETER_TYPE_ID`, `PARAMETER_TYPE_NAME`, `CREATED_TIME`, `OPERATOR`, `UPDATED_TIME`, `UPDATOR`, `REMARK`) VALUES ('e27e4dd3dc5f483d94ef5f11dd056865', '第三方参数', '2015-07-23 18:02:13', 'hoe', '2015-07-23 18:02:13', 'hoe', '第三方参数');
INSERT INTO `FC_SYS_PARAMETER` (`PARAMETER_ID`, `PARAMETER_TYPE_ID`, `PARAMETER_MODEL`, `PARAMETER_CODE`, `PARAMETER_NAME`, `PARAMETER_VALUE`, `PARAMETER_VALUE_TYPE`, `CREATED_TIME`, `OPERATOR`, `UPDATED_TIME`, `UPDATOR`, `REMARK`) VALUES ('a043d6c53bb342869ea99cc505c45633', 'e27e4dd3dc5f483d94ef5f11dd056865', 'fcpay', 'pay.newpay.returnUrl', '新生回调地址', 'http://pay.kaidebo.com/fcpay/service/rt4np', '1', '2015-10-29 10:20:35', 'hoe', '2015-10-29 10:20:35', 'hoe', '新生回调地址');
INSERT INTO `FC_SYS_PARAMETER` (`PARAMETER_ID`, `PARAMETER_TYPE_ID`, `PARAMETER_MODEL`, `PARAMETER_CODE`, `PARAMETER_NAME`, `PARAMETER_VALUE`, `PARAMETER_VALUE_TYPE`, `CREATED_TIME`, `OPERATOR`, `UPDATED_TIME`, `UPDATOR`, `REMARK`) VALUES ('5b630c02d324448f986d1e748ca8682d', 'e27e4dd3dc5f483d94ef5f11dd056865', 'fcpay', 'pay.newpay.noticeUrl', '新生通知地址', 'http://pay.kaidebo.com/fcpay/service/nt4np', '1', '2015-10-29 10:20:35', 'hoe', '2015-10-29 10:20:35', 'hoe', '新生通知地址');
INSERT INTO `FC_SYS_PARAMETER` (`PARAMETER_ID`, `PARAMETER_TYPE_ID`, `PARAMETER_MODEL`, `PARAMETER_CODE`, `PARAMETER_NAME`, `PARAMETER_VALUE`, `PARAMETER_VALUE_TYPE`, `CREATED_TIME`, `OPERATOR`, `UPDATED_TIME`, `UPDATOR`, `REMARK`) VALUES ('660f6e9b303c4718903c66887f17ea03', 'e27e4dd3dc5f483d94ef5f11dd056865', 'fcpay', 'ppay.newpay.refundNoticeUrl', '新生退款通知地址', 'http://pay.kaidebo.com/fcpay/service/rnt4np', '1', '2015-10-29 10:20:35', 'hoe', '2015-10-29 10:20:35', 'hoe', '新生退款通知地址');
INSERT INTO `FC_SYS_PARAMETER` (`PARAMETER_ID`, `PARAMETER_TYPE_ID`, `PARAMETER_MODEL`, `PARAMETER_CODE`, `PARAMETER_NAME`, `PARAMETER_VALUE`, `PARAMETER_VALUE_TYPE`, `CREATED_TIME`, `OPERATOR`, `UPDATED_TIME`, `UPDATOR`, `REMARK`) VALUES ('c8c2ca7a70174a43967b0a3afff71e6b', 'e27e4dd3dc5f483d94ef5f11dd056865', 'fcpay', 'pay.ips.url', '环讯支付接口', 'http://pay.ips.com.cn/ipayment.aspx', '1', '2015-10-29 10:20:35', 'hoe', '2015-10-29 10:20:35', 'hoe', '环讯支付接口');
INSERT INTO `FC_SYS_PARAMETER` (`PARAMETER_ID`, `PARAMETER_TYPE_ID`, `PARAMETER_MODEL`, `PARAMETER_CODE`, `PARAMETER_NAME`, `PARAMETER_VALUE`, `PARAMETER_VALUE_TYPE`, `CREATED_TIME`, `OPERATOR`, `UPDATED_TIME`, `UPDATOR`, `REMARK`) VALUES ('5496c4d8e5464e41801d313501475415', 'e27e4dd3dc5f483d94ef5f11dd056865', 'fcpay', 'pay.ips.noticeUrl', '环讯通知地址', 'http://pay.kaidebo.com/fcpay/service/nt4ips', '1', '2015-10-29 10:20:35', 'hoe', '2015-10-29 10:20:35', 'hoe', '环讯通知地址');
INSERT INTO `FC_SYS_PARAMETER` (`PARAMETER_ID`, `PARAMETER_TYPE_ID`, `PARAMETER_MODEL`, `PARAMETER_CODE`, `PARAMETER_NAME`, `PARAMETER_VALUE`, `PARAMETER_VALUE_TYPE`, `CREATED_TIME`, `OPERATOR`, `UPDATED_TIME`, `UPDATOR`, `REMARK`) VALUES ('783749f80a9c4b4f9394a95cec553e3d', 'e27e4dd3dc5f483d94ef5f11dd056865', 'fcpay', 'pay.ips.ws', '环讯webService地址', 'http://webservice.ips.com.cn/Sinopay/Standard/IpsCheckTrade.asmx?wsdl', '1', '2015-10-29 10:20:35', 'hoe', '2015-10-29 10:20:35', 'hoe', '环讯webService地址');
INSERT INTO `FC_SYS_PARAMETER` (`PARAMETER_ID`, `PARAMETER_TYPE_ID`, `PARAMETER_MODEL`, `PARAMETER_CODE`, `PARAMETER_NAME`, `PARAMETER_VALUE`, `PARAMETER_VALUE_TYPE`, `CREATED_TIME`, `OPERATOR`, `UPDATED_TIME`, `UPDATOR`, `REMARK`) VALUES ('6b3695d15c354bb7b4a064dd602cb0b8', 'e27e4dd3dc5f483d94ef5f11dd056865', 'fcpay', 'pay.sf.noticeUrl', '顺峰通知地址', 'http://pay.kaidebo.com/fcpay/service/nt4sf', '1', '2015-10-29 10:20:35', 'hoe', '2015-10-29 10:20:35', 'hoe', '顺峰通知地址');

INSERT INTO `FC_INNERC_PAYMENT_ACCOUNT_BANK` VALUES ('014da7df79a54151905bb57edf647563','IPS','渤海银行','cbhb',1,'2015-10-21 00:00:00','2015-10-21 00:00:00','00095'),('03e53904524247e0a9a68a6950afae43','SF','北京农商银行','bjrcb',1,'2015-10-21 00:00:00','2015-10-21 00:00:00','BJRCB'),('04b185b61b3d409cad7bbf56d6eca72b','SF','上海市农村银行','shrcb',1,'2015-10-21 00:00:00','2015-10-21 00:00:00','SHRCB'),('066b9cd6621440548e6370a8b1de43aa','SF','广发银行','gdb',1,'2015-10-21 00:00:00','2015-10-21 00:00:00','GDB'),('0690af35d33f4d93bcd8528ad516918a','SF','交通银行','comm',1,'2015-10-21 00:00:00','2015-10-21 00:00:00','COMM'),('08ec5d05d1824af1ae66ac0104dfd168','IPS','北京银行','bccb',1,'2015-10-21 00:00:00','2015-10-21 00:00:00','00050'),('0b1ef9050f58486ba2d3503ef73ed8a9','NP','平安银行','pingan',1,'2015-10-21 00:00:00','2015-10-21 00:00:00','pingan'),('0bc99bf367a74929b43e3ee1fdc248d4','IPS','邮政储蓄','post',1,'2015-10-21 00:00:00','2015-10-21 00:00:00','00051'),('14ea4b2ff68549adb2b11fb6b3e885e7','NP','浦发银行','spdb',1,'2015-10-21 00:00:00','2015-10-21 00:00:00','spdb'),('18f9da4c37014ff99677f678bdfe8284','SF','南京银行','njcb',1,'2015-10-21 00:00:00','2015-10-21 00:00:00','NJCB'),('19ada80af8214eb2b37e58abf3074366','NP','工商银行','icbc',1,'2015-10-21 00:00:00','2015-10-21 00:00:00','icbc'),('1a85c85870974faa97d7e6f705728f39','NP','民生银行','cmbc',1,'2015-10-21 00:00:00','2015-10-21 00:00:00','cmbc'),('1d30e0f8d9174dc6b933c60897204783','IPS','杭州银行','hccb',1,'2015-10-21 00:00:00','2015-10-21 00:00:00','00081'),('1d362e2e83014eb7aa81abc1083dd629','NP','渤海银行','cbhb',1,'2015-10-21 00:00:00','2015-10-21 00:00:00','cbhb'),('2cc176f912b740c7a7881b8ba9959c09','SF','北京银行','bccb',1,'2015-10-21 00:00:00','2015-10-21 00:00:00','BCCB'),('2dcdfadbc6684806a4d451965a9c38b8','SF','建设银行','ccb',1,'2015-10-21 00:00:00','2015-10-21 00:00:00','CCB'),('319a917c223e46b1be70e554e164344a','SF','上海银行','bos',1,'2015-10-21 00:00:00','2015-10-21 00:00:00','BOS'),('3761245058b74580860c8ed0f8a45441','SF','珠海农村银行','zhnx',1,'2015-10-21 00:00:00','2015-10-21 00:00:00','ZHNX'),('3d2e1689f5f042838c527a7b6cf3a15c','NP','中信银行','ecitic',1,'2015-10-21 00:00:00','2015-10-21 00:00:00','ecitic'),('3e82932fb8be41eca77f1c2b4ecdd7d7','SF','民生银行','cmbc',1,'2015-10-21 00:00:00','2015-10-21 00:00:00','CMBC'),('46357940a0c34caaa8482b9c7b0ecfa4','IPS','浦发银行','spdb',1,'2015-10-21 00:00:00','2015-10-21 00:00:00','00032'),('46415b9e8f8d45a4bbaaae50e50623c0','SF','农业银行','abc',1,'2015-10-21 00:00:00','2015-10-21 00:00:00','ABC'),('473a06d813ae45549a668c45cf21dc02','NP','农业银行','abc',1,'2015-10-21 00:00:00','2015-10-21 00:00:00','abc'),('4f61ce2ea7ec480a80cd85f52fcaf1be','NP','东亚银行','bea',1,'2015-10-21 00:00:00','2015-10-21 00:00:00','bea'),('539c66bad35b42bfb80aedff2765edc4','IPS','北京农商银行','bjrcb',1,'2015-10-21 00:00:00','2015-10-21 00:00:00','00056'),('54bc9c4d964a482eaff6fa4cca1db6b8','NP','华夏银行','hxb',1,'2015-10-21 00:00:00','2015-10-21 00:00:00','hxb'),('559110c3cab347e388b714be8953458b','IPS','东亚银行','bea',1,'2015-10-21 00:00:00','2015-10-21 00:00:00','00096'),('58ed65d70f8249cf931f28af19499774','IPS','中信银行','ecitic',1,'2015-10-21 00:00:00','2015-10-21 00:00:00','00054'),('5987acc8ad2b4cdbb265e2935ec74791','IPS','华夏银行','hxb',1,'2015-10-21 00:00:00','2015-10-21 00:00:00','00041'),('654fe1cc6ccd44c59ce5eafaf5d0b8dd','SF','招商银行','cmb',1,'2015-10-21 00:00:00','2015-10-21 00:00:00','CMB'),('67ceea2bf4f04423a1e052554e5a7f5b','NP','广发银行','gdb',1,'2015-10-21 00:00:00','2015-10-21 00:00:00','gdb'),('69fbb036f3d147c7974369d63c1d4391','SF','杭州银行','hccb',1,'2015-10-21 00:00:00','2015-10-21 00:00:00','HCCB'),('73c6ee344dd74b5799d18e56c8d262f7','IPS','平安银行','pingan',1,'2015-10-21 00:00:00','2015-10-21 00:00:00','00087'),('7934d5f52107497bad35259397c1825f','NP','宁波银行','nb',1,'2015-10-21 00:00:00','2015-10-21 00:00:00','nb'),('79781743e8944d7398f37ae76802c42a','NP','招商银行','cmb',1,'2015-10-21 00:00:00','2015-10-21 00:00:00','cmb'),('807a90bd2c7a412382f9afd317e940b6','SF','华夏银行','hxb',1,'2015-10-21 00:00:00','2015-10-21 00:00:00','HXB'),('80c071b58d5143349d3cc786d1ebf0f3','SF','平安银行','pingan',1,'2015-10-21 00:00:00','2015-10-21 00:00:00','SZPAB'),('84b8ef2ea9734fe8ae729207b529e404','IPS','建设银行','ccb',1,'2015-10-21 00:00:00','2015-10-21 00:00:00','00015'),('857ed8c9096342c29239e6430aab0425','SF','东亚银行','bea',1,'2015-10-21 00:00:00','2015-10-21 00:00:00','HKBEA'),('87a40ed020c742f690ee6e4036d49a6b','SF','广州银行','gzcb',1,'2015-10-21 00:00:00','2015-10-21 00:00:00','GZCB'),('8810ad86310e4b368ebb6d3f4ec72284','IPS','农业银行','abc',1,'2015-10-21 00:00:00','2015-10-21 00:00:00','00017'),('897e14319e134f5c9485d8f0406ff04e','IPS','中国银行','boc',1,'2015-10-21 00:00:00','2015-10-21 00:00:00','00083'),('8c3840c6dc0e4177a45e256c189773ec','SF','邮政储蓄','post',1,'2015-10-21 00:00:00','2015-10-21 00:00:00','PSBC'),('8dd9f4fa4e1449968179baf7771f0107','IPS','浙商银行','cz',1,'2015-10-21 00:00:00','2015-10-21 00:00:00','00086'),('8ea723f9769b4ba0b741dc79e89c6dec','SF','渤海银行','cbhb',1,'2015-10-21 00:00:00','2015-10-21 00:00:00','CBHB'),('936b273d08b348cd9f62c8ec07bb5cbc','NP','中国银行','boc',1,'2015-10-21 00:00:00','2015-10-21 00:00:00','boc'),('9ced781f2e2142de83c8b22b93382108','IPS','光大银行','ceb',1,'2015-10-21 00:00:00','2015-10-21 00:00:00','00057'),('a18217dcc34b4fc99bad67205f907bc9','NP','交通银行','comm',1,'2015-10-21 00:00:00','2015-10-21 00:00:00','comm'),('a1e5af14eda047a296643b8ecdb41468','IPS','工商银行','icbc',1,'2015-10-21 00:00:00','2015-10-21 00:00:00','00004'),('a8518b572e7a40b49e06368fa1b31818','SF','兴业银行','cib',1,'2015-10-21 00:00:00','2015-10-21 00:00:00','CIB'),('aeb21efd473d48df9e022894346660dd','SF','温州银行','wzcb',1,'2015-10-21 00:00:00','2015-10-21 00:00:00','WZCB'),('b4f0ad7f61874880956c5b4371127e91','SF','顺德农商银行','sde',1,'2015-10-21 00:00:00','2015-10-21 00:00:00','SDE'),('b5946518ebf4436cafa7dbe3eaa1c75d','IPS','广发银行','gdb',1,'2015-10-21 00:00:00','2015-10-21 00:00:00','00052'),('b5c5696763d649b3aca2a13888e5fbae','IPS','宁波银行','nb',1,'2015-10-21 00:00:00','2015-10-21 00:00:00','00085'),('b60b8c9ac67346a9b792bebbe6b4a5e1','SF','尧都农商银行','ydxh',1,'2015-10-21 00:00:00','2015-10-21 00:00:00','YDXH'),('c5967d7f8fa44f6fbb8eef98fe66f8de','IPS','交通银行','comm',1,'2015-10-21 00:00:00','2015-10-21 00:00:00','00005'),('ca77c2f31b4f40be8ecaa74a01fb736e','NP','上海银行','bos',1,'2015-10-21 00:00:00','2015-10-21 00:00:00','bos'),('cd35598b836f431e9017430a9c4e37ac','SF','中国银行','boc',1,'2015-10-21 00:00:00','2015-10-21 00:00:00','BOC'),('ce3de42ecb734fed8ead50ffe15bd378','SF','中信银行','ecitic',1,'2015-10-21 00:00:00','2015-10-21 00:00:00','CITIC'),('d18ad057863b4e2582792c792a9ba7f4','IPS','民生银行','cmbc',1,'2015-10-21 00:00:00','2015-10-21 00:00:00','00013'),('d486650b46bd4f4bb306217cab34d4aa','NP','光大银行','ceb',1,'2015-10-21 00:00:00','2015-10-21 00:00:00','ceb'),('d8f582e02e744ed5b480ae7eee2b78d7','NP','银联','unionpay',1,'2015-10-21 00:00:00','2015-10-21 00:00:00','unionpay'),('d8f786cd367946acbb12bf78a5306983','IPS','浙江泰隆商业银行','zjtlcb',1,'2015-10-21 00:00:00','2015-10-21 00:00:00','00209'),('d99da6ad7c5a4c87bb8b8e4e0cec4d86','IPS','招商银行','cmb',1,'2015-10-21 00:00:00','2015-10-21 00:00:00','00021'),('daa9266449d74e40849ea0dc00348026','SF','汉口银行','hkbchina',1,'2015-10-21 00:00:00','2015-10-21 00:00:00','HKBCHINA'),('dd547ea90c434e77a3073ac32c3048d6','SF','浙江稠州商业银行','czcb',1,'2015-10-21 00:00:00','2015-10-21 00:00:00','CZCB'),('e3622d45e5d349f4a05f437736171254','NP','北京银行','bccb',1,'2015-10-21 00:00:00','2015-10-21 00:00:00','bccb'),('e588229fa30042158be4099b98dee434','SF','浦发银行','spdb',1,'2015-10-21 00:00:00','2015-10-21 00:00:00','SPDB'),('ec5862daf33d4d17b25f7122a0802dd2','NP','建设银行','ccb',1,'2015-10-21 00:00:00','2015-10-21 00:00:00','ccb'),('f2d8368ba19d4d1d9399ef41a7e84078','SF','工商银行','icbc',1,'2015-10-21 00:00:00','2015-10-21 00:00:00','ICBC'),('f6f48e95dee540289b77d2d4c89035c7','IPS','兴业银行','cib',1,'2015-10-21 00:00:00','2015-10-21 00:00:00','00016'),('f7f10f77099e4c8fa4a2ed4f74043a11','NP','兴业银行','cib',1,'2015-10-21 00:00:00','2015-10-21 00:00:00','cib'),('f9bffe4801d440fd959db434889afc52','SF','宁波银行','nb',1,'2015-10-21 00:00:00','2015-10-21 00:00:00','NBCB'),('fc116a0063d4425cbd1db5eb8b485212','IPS','上海银行','bos',1,'2015-10-21 00:00:00','2015-10-21 00:00:00','00084'),('fcda1fc083af42dc94e30c6de35fb615','SF','广州农商银行','gnxs',1,'2015-10-21 00:00:00','2015-10-21 00:00:00','GNXS'),('fe5d3e4b6782421f8859254e484a429b','SF','光大银行','ceb',1,'2015-10-21 00:00:00','2015-10-21 00:00:00','CEB'),('fff456c74bbb40379f62571685ed5b92','NP','邮政储蓄','post',1,'2015-10-21 00:00:00','2015-10-21 00:00:00','post');
INSERT INTO `FC_INNERC_PAYMENT_CHANNEL` VALUES ('IPS','环讯支付'),('NP','新生支付'),('SF','顺峰支付');

INSERT INTO `FC_INNERC_PAYMENT_ACCOUNT` VALUES ('4028bca14dbc9ba1014dbc9ba1a90001','10008611543','V_NP',NULL,'新生支付','NP','V',NULL,1,NULL,NULL,NULL,1,0),('4028bca14dbc9dd0014dbc9dd06a0004','1703593','V_SF',NULL,'順峰支付','SF','V',NULL,1,NULL,NULL,NULL,1,0),('4028bca14dbc9bff014dbc9bffa00001','1703594','V_SF',NULL,'順峰支付','SF','V',NULL,1,NULL,NULL,NULL,1,0);

alter table FC_INNERC_PAYMENT_ACCOUNT_SECURITY add TOKEN_KEY varchar(500);
INSERT INTO `FC_INNERC_PAYMENT_ACCOUNT_SECURITY` VALUES ('4028bca14dbc9ba1014dbc9ba1a90001','','','',0,'','2015-06-04 00:00:00','',NULL,'yPKQjb3LXeBEzKzCNkDgddsrydTNzXjuAmb5feLT4g6dHcnQuwYzQgPbE8l7HNoeH6vLyEDnk5zcuaeQfbAGR5vVomPOsQ6rGgMsV/02l7xqwutuCd1IiRW2wcI+ruM9FspcmiYH8uQ9sZVnKlrvyrOryOmhzLBekyrua9eiGFzcuvlKswCv4NQzrvINKSWlWmOyCmYGRP7psKqTAkwC61NGKrtOc4ada1frHmYTdrd3dg5tb4wVk8xqMv7uHEHYPvt5Ug6+vmU9bdGaynl9xANjTmSIfqbdspC0Hc3E6M0oapMjUyseRDFEhObb4uOjoZMrtsdi1p/H16FEQp+snaiILhS1GK/HTPKOC2s2WnkamhAwtCgfxktn28dSd1orZW1OSXrTyfvhD9P9rmD5N89hxqYBKiGH/rfC9qH66WkvmqU9WlEGwQ=='),('4028bca14dbc9dd0014dbc9dd06a0004','','','',0,'','2015-06-04 00:00:00','',NULL,'PCXaY2mcW0vAER9ooZFV3/+DSZa/6UZErycMido8hcwgLTzPCYWC8w=='),('4028bca14dbc9bff014dbc9bffa00001','','','',0,'','2015-06-04 00:00:00','',NULL,'BhHYYnSRSuuCfRvsnDUIUVF6Nco7yUqe3JmuA61959sgLTzPCYWC8w==');

INSERT INTO FC_SYS_USER (USER_ID, BRANCH_ID, LOGIN_NAME, USER_NAME, MOBILE, USER_WORKADDRESS, STATUS, PASSWORD, UPDATE_TIME, CREATE_TIME, CREATED_BY, MODIFIED_BY, EMAIL, DATA_ENVIRON, ICON, WORK_CENTER) VALUES ('ff808181507f5b3a01507f5b3aaa0001', '100100100', 'vpay', 'vpay', '123123', null, 1, 'e10adc3949ba59abbe56e057f20f883e', '2015-10-19 17:08:16', '2015-10-19 17:08:16', 'fcpayadmin', 'fcpayadmin', 'sdfsdf@sadf.xx', 8, '0', 'MNL');

ALTER TABLE `FC_WEB_GAME_TRADE` ADD COLUMN `DRAW_APPLY_ID` VARCHAR(38) NOT NULL AFTER `TRAD_MSG_RESERVE2`;

INSERT INTO FC_INNERC_PAYMENT_BANK_DEPLOY (DEPLOY_ID, BUSINESS_ID, DEPLOY_CODE, DEPLOY_VALUE, PAYMENT_ID, PAYMENT_BANK_ID, ACCOUNT_ALIAS, STATUS, CREATE_BY, CREATE_TIME, MODIFIED_BY, MODIFIED_TIME) VALUES ('ff80818150d1e29e0150d1e29e960001', 'V', null, '1', '4028bca14dbc9ba1014dbc9ba1a90001', '0b1ef9050f58486ba2d3503ef73ed8a9', null, 1, 'vpay', '2015-11-04 17:45:01', 'vpay', '2015-11-04 17:45:01');
INSERT INTO FC_INNERC_PAYMENT_BANK_DEPLOY (DEPLOY_ID, BUSINESS_ID, DEPLOY_CODE, DEPLOY_VALUE, PAYMENT_ID, PAYMENT_BANK_ID, ACCOUNT_ALIAS, STATUS, CREATE_BY, CREATE_TIME, MODIFIED_BY, MODIFIED_TIME) VALUES ('ff80818150d1e29e0150d1e29ef70002', 'V', null, '1', '4028bca14dbc9ba1014dbc9ba1a90001', '14ea4b2ff68549adb2b11fb6b3e885e7', null, 1, 'vpay', '2015-11-04 17:45:01', 'vpay', '2015-11-04 17:45:01');
INSERT INTO FC_INNERC_PAYMENT_BANK_DEPLOY (DEPLOY_ID, BUSINESS_ID, DEPLOY_CODE, DEPLOY_VALUE, PAYMENT_ID, PAYMENT_BANK_ID, ACCOUNT_ALIAS, STATUS, CREATE_BY, CREATE_TIME, MODIFIED_BY, MODIFIED_TIME) VALUES ('ff80818150d1e29e0150d1e29f320003', 'V', null, '1', '4028bca14dbc9ba1014dbc9ba1a90001', '19ada80af8214eb2b37e58abf3074366', null, 1, 'vpay', '2015-11-04 17:45:01', 'vpay', '2015-11-04 17:45:01');
INSERT INTO FC_INNERC_PAYMENT_BANK_DEPLOY (DEPLOY_ID, BUSINESS_ID, DEPLOY_CODE, DEPLOY_VALUE, PAYMENT_ID, PAYMENT_BANK_ID, ACCOUNT_ALIAS, STATUS, CREATE_BY, CREATE_TIME, MODIFIED_BY, MODIFIED_TIME) VALUES ('ff80818150d1e29e0150d1e29f740004', 'V', null, '1', '4028bca14dbc9ba1014dbc9ba1a90001', '1a85c85870974faa97d7e6f705728f39', null, 1, 'vpay', '2015-11-04 17:45:02', 'vpay', '2015-11-04 17:45:02');
INSERT INTO FC_INNERC_PAYMENT_BANK_DEPLOY (DEPLOY_ID, BUSINESS_ID, DEPLOY_CODE, DEPLOY_VALUE, PAYMENT_ID, PAYMENT_BANK_ID, ACCOUNT_ALIAS, STATUS, CREATE_BY, CREATE_TIME, MODIFIED_BY, MODIFIED_TIME) VALUES ('ff80818150d1e29e0150d1e29fbf0005', 'V', null, '1', '4028bca14dbc9ba1014dbc9ba1a90001', '1d362e2e83014eb7aa81abc1083dd629', null, 1, 'vpay', '2015-11-04 17:45:02', 'vpay', '2015-11-04 17:45:02');
INSERT INTO FC_INNERC_PAYMENT_BANK_DEPLOY (DEPLOY_ID, BUSINESS_ID, DEPLOY_CODE, DEPLOY_VALUE, PAYMENT_ID, PAYMENT_BANK_ID, ACCOUNT_ALIAS, STATUS, CREATE_BY, CREATE_TIME, MODIFIED_BY, MODIFIED_TIME) VALUES ('ff80818150d1e29e0150d1e29fe80006', 'V', null, '1', '4028bca14dbc9ba1014dbc9ba1a90001', '3d2e1689f5f042838c527a7b6cf3a15c', null, 1, 'vpay', '2015-11-04 17:45:02', 'vpay', '2015-11-04 17:45:02');
INSERT INTO FC_INNERC_PAYMENT_BANK_DEPLOY (DEPLOY_ID, BUSINESS_ID, DEPLOY_CODE, DEPLOY_VALUE, PAYMENT_ID, PAYMENT_BANK_ID, ACCOUNT_ALIAS, STATUS, CREATE_BY, CREATE_TIME, MODIFIED_BY, MODIFIED_TIME) VALUES ('ff80818150d1e29e0150d1e2a0090007', 'V', null, '1', '4028bca14dbc9ba1014dbc9ba1a90001', '473a06d813ae45549a668c45cf21dc02', null, 1, 'vpay', '2015-11-04 17:45:02', 'vpay', '2015-11-04 17:45:02');
INSERT INTO FC_INNERC_PAYMENT_BANK_DEPLOY (DEPLOY_ID, BUSINESS_ID, DEPLOY_CODE, DEPLOY_VALUE, PAYMENT_ID, PAYMENT_BANK_ID, ACCOUNT_ALIAS, STATUS, CREATE_BY, CREATE_TIME, MODIFIED_BY, MODIFIED_TIME) VALUES ('ff80818150d1e29e0150d1e2a0330008', 'V', null, '1', '4028bca14dbc9ba1014dbc9ba1a90001', '4f61ce2ea7ec480a80cd85f52fcaf1be', null, 1, 'vpay', '2015-11-04 17:45:02', 'vpay', '2015-11-04 17:45:02');
INSERT INTO FC_INNERC_PAYMENT_BANK_DEPLOY (DEPLOY_ID, BUSINESS_ID, DEPLOY_CODE, DEPLOY_VALUE, PAYMENT_ID, PAYMENT_BANK_ID, ACCOUNT_ALIAS, STATUS, CREATE_BY, CREATE_TIME, MODIFIED_BY, MODIFIED_TIME) VALUES ('ff80818150d1e29e0150d1e2a05c0009', 'V', null, '1', '4028bca14dbc9ba1014dbc9ba1a90001', '54bc9c4d964a482eaff6fa4cca1db6b8', null, 1, 'vpay', '2015-11-04 17:45:02', 'vpay', '2015-11-04 17:45:02');
INSERT INTO FC_INNERC_PAYMENT_BANK_DEPLOY (DEPLOY_ID, BUSINESS_ID, DEPLOY_CODE, DEPLOY_VALUE, PAYMENT_ID, PAYMENT_BANK_ID, ACCOUNT_ALIAS, STATUS, CREATE_BY, CREATE_TIME, MODIFIED_BY, MODIFIED_TIME) VALUES ('ff80818150d1e29e0150d1e2a086000a', 'V', null, '1', '4028bca14dbc9ba1014dbc9ba1a90001', '67ceea2bf4f04423a1e052554e5a7f5b', null, 1, 'vpay', '2015-11-04 17:45:02', 'vpay', '2015-11-04 17:45:02');
INSERT INTO FC_INNERC_PAYMENT_BANK_DEPLOY (DEPLOY_ID, BUSINESS_ID, DEPLOY_CODE, DEPLOY_VALUE, PAYMENT_ID, PAYMENT_BANK_ID, ACCOUNT_ALIAS, STATUS, CREATE_BY, CREATE_TIME, MODIFIED_BY, MODIFIED_TIME) VALUES ('ff80818150d1e29e0150d1e2a0af000b', 'V', null, '1', '4028bca14dbc9ba1014dbc9ba1a90001', '7934d5f52107497bad35259397c1825f', null, 1, 'vpay', '2015-11-04 17:45:02', 'vpay', '2015-11-04 17:45:02');
INSERT INTO FC_INNERC_PAYMENT_BANK_DEPLOY (DEPLOY_ID, BUSINESS_ID, DEPLOY_CODE, DEPLOY_VALUE, PAYMENT_ID, PAYMENT_BANK_ID, ACCOUNT_ALIAS, STATUS, CREATE_BY, CREATE_TIME, MODIFIED_BY, MODIFIED_TIME) VALUES ('ff80818150d1e29e0150d1e2a0d9000c', 'V', null, '1', '4028bca14dbc9ba1014dbc9ba1a90001', '79781743e8944d7398f37ae76802c42a', null, 1, 'vpay', '2015-11-04 17:45:02', 'vpay', '2015-11-04 17:45:02');
INSERT INTO FC_INNERC_PAYMENT_BANK_DEPLOY (DEPLOY_ID, BUSINESS_ID, DEPLOY_CODE, DEPLOY_VALUE, PAYMENT_ID, PAYMENT_BANK_ID, ACCOUNT_ALIAS, STATUS, CREATE_BY, CREATE_TIME, MODIFIED_BY, MODIFIED_TIME) VALUES ('ff80818150d1e29e0150d1e2a102000d', 'V', null, '1', '4028bca14dbc9ba1014dbc9ba1a90001', '936b273d08b348cd9f62c8ec07bb5cbc', null, 1, 'vpay', '2015-11-04 17:45:02', 'vpay', '2015-11-04 17:45:02');
INSERT INTO FC_INNERC_PAYMENT_BANK_DEPLOY (DEPLOY_ID, BUSINESS_ID, DEPLOY_CODE, DEPLOY_VALUE, PAYMENT_ID, PAYMENT_BANK_ID, ACCOUNT_ALIAS, STATUS, CREATE_BY, CREATE_TIME, MODIFIED_BY, MODIFIED_TIME) VALUES ('ff80818150d1e29e0150d1e2a12b000e', 'V', null, '1', '4028bca14dbc9ba1014dbc9ba1a90001', 'a18217dcc34b4fc99bad67205f907bc9', null, 1, 'vpay', '2015-11-04 17:45:02', 'vpay', '2015-11-04 17:45:02');
INSERT INTO FC_INNERC_PAYMENT_BANK_DEPLOY (DEPLOY_ID, BUSINESS_ID, DEPLOY_CODE, DEPLOY_VALUE, PAYMENT_ID, PAYMENT_BANK_ID, ACCOUNT_ALIAS, STATUS, CREATE_BY, CREATE_TIME, MODIFIED_BY, MODIFIED_TIME) VALUES ('ff80818150d1e29e0150d1e2a155000f', 'V', null, '1', '4028bca14dbc9ba1014dbc9ba1a90001', 'ca77c2f31b4f40be8ecaa74a01fb736e', null, 1, 'vpay', '2015-11-04 17:45:02', 'vpay', '2015-11-04 17:45:02');
INSERT INTO FC_INNERC_PAYMENT_BANK_DEPLOY (DEPLOY_ID, BUSINESS_ID, DEPLOY_CODE, DEPLOY_VALUE, PAYMENT_ID, PAYMENT_BANK_ID, ACCOUNT_ALIAS, STATUS, CREATE_BY, CREATE_TIME, MODIFIED_BY, MODIFIED_TIME) VALUES ('ff80818150d1e29e0150d1e2a17e0010', 'V', null, '1', '4028bca14dbc9ba1014dbc9ba1a90001', 'd486650b46bd4f4bb306217cab34d4aa', null, 1, 'vpay', '2015-11-04 17:45:02', 'vpay', '2015-11-04 17:45:02');
INSERT INTO FC_INNERC_PAYMENT_BANK_DEPLOY (DEPLOY_ID, BUSINESS_ID, DEPLOY_CODE, DEPLOY_VALUE, PAYMENT_ID, PAYMENT_BANK_ID, ACCOUNT_ALIAS, STATUS, CREATE_BY, CREATE_TIME, MODIFIED_BY, MODIFIED_TIME) VALUES ('ff80818150d1e29e0150d1e2a1b90011', 'V', null, '1', '4028bca14dbc9ba1014dbc9ba1a90001', 'd8f582e02e744ed5b480ae7eee2b78d7', null, 1, 'vpay', '2015-11-04 17:45:02', 'vpay', '2015-11-04 17:45:02');
INSERT INTO FC_INNERC_PAYMENT_BANK_DEPLOY (DEPLOY_ID, BUSINESS_ID, DEPLOY_CODE, DEPLOY_VALUE, PAYMENT_ID, PAYMENT_BANK_ID, ACCOUNT_ALIAS, STATUS, CREATE_BY, CREATE_TIME, MODIFIED_BY, MODIFIED_TIME) VALUES ('ff80818150d1e29e0150d1e2a1e20012', 'V', null, '1', '4028bca14dbc9ba1014dbc9ba1a90001', 'e3622d45e5d349f4a05f437736171254', null, 1, 'vpay', '2015-11-04 17:45:02', 'vpay', '2015-11-04 17:45:02');
INSERT INTO FC_INNERC_PAYMENT_BANK_DEPLOY (DEPLOY_ID, BUSINESS_ID, DEPLOY_CODE, DEPLOY_VALUE, PAYMENT_ID, PAYMENT_BANK_ID, ACCOUNT_ALIAS, STATUS, CREATE_BY, CREATE_TIME, MODIFIED_BY, MODIFIED_TIME) VALUES ('ff80818150d1e29e0150d1e2a20c0013', 'V', null, '1', '4028bca14dbc9ba1014dbc9ba1a90001', 'ec5862daf33d4d17b25f7122a0802dd2', null, 1, 'vpay', '2015-11-04 17:45:02', 'vpay', '2015-11-04 17:45:02');
INSERT INTO FC_INNERC_PAYMENT_BANK_DEPLOY (DEPLOY_ID, BUSINESS_ID, DEPLOY_CODE, DEPLOY_VALUE, PAYMENT_ID, PAYMENT_BANK_ID, ACCOUNT_ALIAS, STATUS, CREATE_BY, CREATE_TIME, MODIFIED_BY, MODIFIED_TIME) VALUES ('ff80818150d1e29e0150d1e2a2350014', 'V', null, '1', '4028bca14dbc9ba1014dbc9ba1a90001', 'f7f10f77099e4c8fa4a2ed4f74043a11', null, 1, 'vpay', '2015-11-04 17:45:02', 'vpay', '2015-11-04 17:45:02');
INSERT INTO FC_INNERC_PAYMENT_BANK_DEPLOY (DEPLOY_ID, BUSINESS_ID, DEPLOY_CODE, DEPLOY_VALUE, PAYMENT_ID, PAYMENT_BANK_ID, ACCOUNT_ALIAS, STATUS, CREATE_BY, CREATE_TIME, MODIFIED_BY, MODIFIED_TIME) VALUES ('ff80818150d1e29e0150d1e2a25e0015', 'V', null, '1', '4028bca14dbc9ba1014dbc9ba1a90001', 'fff456c74bbb40379f62571685ed5b92', null, 1, 'vpay', '2015-11-04 17:45:02', 'vpay', '2015-11-04 17:45:02');
INSERT INTO FC_INNERC_PAYMENT_BANK_DEPLOY (DEPLOY_ID, BUSINESS_ID, DEPLOY_CODE, DEPLOY_VALUE, PAYMENT_ID, PAYMENT_BANK_ID, ACCOUNT_ALIAS, STATUS, CREATE_BY, CREATE_TIME, MODIFIED_BY, MODIFIED_TIME) VALUES ('ff80818150d1e29e0150d1e35fc30016', 'V', null, '2', '4028bca14dbc9bff014dbc9bffa00001', '03e53904524247e0a9a68a6950afae43', null, 1, 'vpay', '2015-11-04 17:45:51', 'vpay', '2015-11-04 17:45:51');
INSERT INTO FC_INNERC_PAYMENT_BANK_DEPLOY (DEPLOY_ID, BUSINESS_ID, DEPLOY_CODE, DEPLOY_VALUE, PAYMENT_ID, PAYMENT_BANK_ID, ACCOUNT_ALIAS, STATUS, CREATE_BY, CREATE_TIME, MODIFIED_BY, MODIFIED_TIME) VALUES ('ff80818150d1e29e0150d1e35ff10017', 'V', null, '2', '4028bca14dbc9bff014dbc9bffa00001', '04b185b61b3d409cad7bbf56d6eca72b', null, 1, 'vpay', '2015-11-04 17:45:51', 'vpay', '2015-11-04 17:45:51');
INSERT INTO FC_INNERC_PAYMENT_BANK_DEPLOY (DEPLOY_ID, BUSINESS_ID, DEPLOY_CODE, DEPLOY_VALUE, PAYMENT_ID, PAYMENT_BANK_ID, ACCOUNT_ALIAS, STATUS, CREATE_BY, CREATE_TIME, MODIFIED_BY, MODIFIED_TIME) VALUES ('ff80818150d1e29e0150d1e360230018', 'V', null, '2', '4028bca14dbc9bff014dbc9bffa00001', '066b9cd6621440548e6370a8b1de43aa', null, 1, 'vpay', '2015-11-04 17:45:51', 'vpay', '2015-11-04 17:45:51');
INSERT INTO FC_INNERC_PAYMENT_BANK_DEPLOY (DEPLOY_ID, BUSINESS_ID, DEPLOY_CODE, DEPLOY_VALUE, PAYMENT_ID, PAYMENT_BANK_ID, ACCOUNT_ALIAS, STATUS, CREATE_BY, CREATE_TIME, MODIFIED_BY, MODIFIED_TIME) VALUES ('ff80818150d1e29e0150d1e360440019', 'V', null, '2', '4028bca14dbc9bff014dbc9bffa00001', '0690af35d33f4d93bcd8528ad516918a', null, 1, 'vpay', '2015-11-04 17:45:51', 'vpay', '2015-11-04 17:45:51');
INSERT INTO FC_INNERC_PAYMENT_BANK_DEPLOY (DEPLOY_ID, BUSINESS_ID, DEPLOY_CODE, DEPLOY_VALUE, PAYMENT_ID, PAYMENT_BANK_ID, ACCOUNT_ALIAS, STATUS, CREATE_BY, CREATE_TIME, MODIFIED_BY, MODIFIED_TIME) VALUES ('ff80818150d1e29e0150d1e3606d001a', 'V', null, '2', '4028bca14dbc9bff014dbc9bffa00001', '18f9da4c37014ff99677f678bdfe8284', null, 1, 'vpay', '2015-11-04 17:45:51', 'vpay', '2015-11-04 17:45:51');
INSERT INTO FC_INNERC_PAYMENT_BANK_DEPLOY (DEPLOY_ID, BUSINESS_ID, DEPLOY_CODE, DEPLOY_VALUE, PAYMENT_ID, PAYMENT_BANK_ID, ACCOUNT_ALIAS, STATUS, CREATE_BY, CREATE_TIME, MODIFIED_BY, MODIFIED_TIME) VALUES ('ff80818150d1e29e0150d1e360b0001b', 'V', null, '2', '4028bca14dbc9bff014dbc9bffa00001', '2cc176f912b740c7a7881b8ba9959c09', null, 1, 'vpay', '2015-11-04 17:45:51', 'vpay', '2015-11-04 17:45:51');
INSERT INTO FC_INNERC_PAYMENT_BANK_DEPLOY (DEPLOY_ID, BUSINESS_ID, DEPLOY_CODE, DEPLOY_VALUE, PAYMENT_ID, PAYMENT_BANK_ID, ACCOUNT_ALIAS, STATUS, CREATE_BY, CREATE_TIME, MODIFIED_BY, MODIFIED_TIME) VALUES ('ff80818150d1e29e0150d1e36103001c', 'V', null, '2', '4028bca14dbc9bff014dbc9bffa00001', '2dcdfadbc6684806a4d451965a9c38b8', null, 1, 'vpay', '2015-11-04 17:45:51', 'vpay', '2015-11-04 17:45:51');
INSERT INTO FC_INNERC_PAYMENT_BANK_DEPLOY (DEPLOY_ID, BUSINESS_ID, DEPLOY_CODE, DEPLOY_VALUE, PAYMENT_ID, PAYMENT_BANK_ID, ACCOUNT_ALIAS, STATUS, CREATE_BY, CREATE_TIME, MODIFIED_BY, MODIFIED_TIME) VALUES ('ff80818150d1e29e0150d1e3612c001d', 'V', null, '2', '4028bca14dbc9bff014dbc9bffa00001', '319a917c223e46b1be70e554e164344a', null, 1, 'vpay', '2015-11-04 17:45:51', 'vpay', '2015-11-04 17:45:51');
INSERT INTO FC_INNERC_PAYMENT_BANK_DEPLOY (DEPLOY_ID, BUSINESS_ID, DEPLOY_CODE, DEPLOY_VALUE, PAYMENT_ID, PAYMENT_BANK_ID, ACCOUNT_ALIAS, STATUS, CREATE_BY, CREATE_TIME, MODIFIED_BY, MODIFIED_TIME) VALUES ('ff80818150d1e29e0150d1e36156001e', 'V', null, '2', '4028bca14dbc9bff014dbc9bffa00001', '3761245058b74580860c8ed0f8a45441', null, 1, 'vpay', '2015-11-04 17:45:51', 'vpay', '2015-11-04 17:45:51');
INSERT INTO FC_INNERC_PAYMENT_BANK_DEPLOY (DEPLOY_ID, BUSINESS_ID, DEPLOY_CODE, DEPLOY_VALUE, PAYMENT_ID, PAYMENT_BANK_ID, ACCOUNT_ALIAS, STATUS, CREATE_BY, CREATE_TIME, MODIFIED_BY, MODIFIED_TIME) VALUES ('ff80818150d1e29e0150d1e36188001f', 'V', null, '2', '4028bca14dbc9bff014dbc9bffa00001', '3e82932fb8be41eca77f1c2b4ecdd7d7', null, 1, 'vpay', '2015-11-04 17:45:51', 'vpay', '2015-11-04 17:45:51');
INSERT INTO FC_INNERC_PAYMENT_BANK_DEPLOY (DEPLOY_ID, BUSINESS_ID, DEPLOY_CODE, DEPLOY_VALUE, PAYMENT_ID, PAYMENT_BANK_ID, ACCOUNT_ALIAS, STATUS, CREATE_BY, CREATE_TIME, MODIFIED_BY, MODIFIED_TIME) VALUES ('ff80818150d1e29e0150d1e361b10020', 'V', null, '2', '4028bca14dbc9bff014dbc9bffa00001', '46415b9e8f8d45a4bbaaae50e50623c0', null, 1, 'vpay', '2015-11-04 17:45:51', 'vpay', '2015-11-04 17:45:51');
INSERT INTO FC_INNERC_PAYMENT_BANK_DEPLOY (DEPLOY_ID, BUSINESS_ID, DEPLOY_CODE, DEPLOY_VALUE, PAYMENT_ID, PAYMENT_BANK_ID, ACCOUNT_ALIAS, STATUS, CREATE_BY, CREATE_TIME, MODIFIED_BY, MODIFIED_TIME) VALUES ('ff80818150d1e29e0150d1e361db0021', 'V', null, '2', '4028bca14dbc9bff014dbc9bffa00001', '654fe1cc6ccd44c59ce5eafaf5d0b8dd', null, 1, 'vpay', '2015-11-04 17:45:51', 'vpay', '2015-11-04 17:45:51');
INSERT INTO FC_INNERC_PAYMENT_BANK_DEPLOY (DEPLOY_ID, BUSINESS_ID, DEPLOY_CODE, DEPLOY_VALUE, PAYMENT_ID, PAYMENT_BANK_ID, ACCOUNT_ALIAS, STATUS, CREATE_BY, CREATE_TIME, MODIFIED_BY, MODIFIED_TIME) VALUES ('ff80818150d1e29e0150d1e361fc0022', 'V', null, '2', '4028bca14dbc9bff014dbc9bffa00001', '69fbb036f3d147c7974369d63c1d4391', null, 1, 'vpay', '2015-11-04 17:45:51', 'vpay', '2015-11-04 17:45:51');
INSERT INTO FC_INNERC_PAYMENT_BANK_DEPLOY (DEPLOY_ID, BUSINESS_ID, DEPLOY_CODE, DEPLOY_VALUE, PAYMENT_ID, PAYMENT_BANK_ID, ACCOUNT_ALIAS, STATUS, CREATE_BY, CREATE_TIME, MODIFIED_BY, MODIFIED_TIME) VALUES ('ff80818150d1e29e0150d1e3621d0023', 'V', null, '2', '4028bca14dbc9bff014dbc9bffa00001', '807a90bd2c7a412382f9afd317e940b6', null, 1, 'vpay', '2015-11-04 17:45:51', 'vpay', '2015-11-04 17:45:51');
INSERT INTO FC_INNERC_PAYMENT_BANK_DEPLOY (DEPLOY_ID, BUSINESS_ID, DEPLOY_CODE, DEPLOY_VALUE, PAYMENT_ID, PAYMENT_BANK_ID, ACCOUNT_ALIAS, STATUS, CREATE_BY, CREATE_TIME, MODIFIED_BY, MODIFIED_TIME) VALUES ('ff80818150d1e29e0150d1e3624f0024', 'V', null, '2', '4028bca14dbc9bff014dbc9bffa00001', '80c071b58d5143349d3cc786d1ebf0f3', null, 1, 'vpay', '2015-11-04 17:45:51', 'vpay', '2015-11-04 17:45:51');
INSERT INTO FC_INNERC_PAYMENT_BANK_DEPLOY (DEPLOY_ID, BUSINESS_ID, DEPLOY_CODE, DEPLOY_VALUE, PAYMENT_ID, PAYMENT_BANK_ID, ACCOUNT_ALIAS, STATUS, CREATE_BY, CREATE_TIME, MODIFIED_BY, MODIFIED_TIME) VALUES ('ff80818150d1e29e0150d1e362aa0025', 'V', null, '2', '4028bca14dbc9bff014dbc9bffa00001', '857ed8c9096342c29239e6430aab0425', null, 1, 'vpay', '2015-11-04 17:45:52', 'vpay', '2015-11-04 17:45:52');
INSERT INTO FC_INNERC_PAYMENT_BANK_DEPLOY (DEPLOY_ID, BUSINESS_ID, DEPLOY_CODE, DEPLOY_VALUE, PAYMENT_ID, PAYMENT_BANK_ID, ACCOUNT_ALIAS, STATUS, CREATE_BY, CREATE_TIME, MODIFIED_BY, MODIFIED_TIME) VALUES ('ff80818150d1e29e0150d1e362ed0026', 'V', null, '2', '4028bca14dbc9bff014dbc9bffa00001', '87a40ed020c742f690ee6e4036d49a6b', null, 1, 'vpay', '2015-11-04 17:45:52', 'vpay', '2015-11-04 17:45:52');
INSERT INTO FC_INNERC_PAYMENT_BANK_DEPLOY (DEPLOY_ID, BUSINESS_ID, DEPLOY_CODE, DEPLOY_VALUE, PAYMENT_ID, PAYMENT_BANK_ID, ACCOUNT_ALIAS, STATUS, CREATE_BY, CREATE_TIME, MODIFIED_BY, MODIFIED_TIME) VALUES ('ff80818150d1e29e0150d1e3631f0027', 'V', null, '2', '4028bca14dbc9bff014dbc9bffa00001', '8c3840c6dc0e4177a45e256c189773ec', null, 1, 'vpay', '2015-11-04 17:45:52', 'vpay', '2015-11-04 17:45:52');
INSERT INTO FC_INNERC_PAYMENT_BANK_DEPLOY (DEPLOY_ID, BUSINESS_ID, DEPLOY_CODE, DEPLOY_VALUE, PAYMENT_ID, PAYMENT_BANK_ID, ACCOUNT_ALIAS, STATUS, CREATE_BY, CREATE_TIME, MODIFIED_BY, MODIFIED_TIME) VALUES ('ff80818150d1e29e0150d1e363510028', 'V', null, '2', '4028bca14dbc9bff014dbc9bffa00001', '8ea723f9769b4ba0b741dc79e89c6dec', null, 1, 'vpay', '2015-11-04 17:45:52', 'vpay', '2015-11-04 17:45:52');
INSERT INTO FC_INNERC_PAYMENT_BANK_DEPLOY (DEPLOY_ID, BUSINESS_ID, DEPLOY_CODE, DEPLOY_VALUE, PAYMENT_ID, PAYMENT_BANK_ID, ACCOUNT_ALIAS, STATUS, CREATE_BY, CREATE_TIME, MODIFIED_BY, MODIFIED_TIME) VALUES ('ff80818150d1e29e0150d1e363830029', 'V', null, '2', '4028bca14dbc9bff014dbc9bffa00001', 'a8518b572e7a40b49e06368fa1b31818', null, 1, 'vpay', '2015-11-04 17:45:52', 'vpay', '2015-11-04 17:45:52');
INSERT INTO FC_INNERC_PAYMENT_BANK_DEPLOY (DEPLOY_ID, BUSINESS_ID, DEPLOY_CODE, DEPLOY_VALUE, PAYMENT_ID, PAYMENT_BANK_ID, ACCOUNT_ALIAS, STATUS, CREATE_BY, CREATE_TIME, MODIFIED_BY, MODIFIED_TIME) VALUES ('ff80818150d1e29e0150d1e363b5002a', 'V', null, '2', '4028bca14dbc9bff014dbc9bffa00001', 'aeb21efd473d48df9e022894346660dd', null, 1, 'vpay', '2015-11-04 17:45:52', 'vpay', '2015-11-04 17:45:52');
INSERT INTO FC_INNERC_PAYMENT_BANK_DEPLOY (DEPLOY_ID, BUSINESS_ID, DEPLOY_CODE, DEPLOY_VALUE, PAYMENT_ID, PAYMENT_BANK_ID, ACCOUNT_ALIAS, STATUS, CREATE_BY, CREATE_TIME, MODIFIED_BY, MODIFIED_TIME) VALUES ('ff80818150d1e29e0150d1e363e6002b', 'V', null, '2', '4028bca14dbc9bff014dbc9bffa00001', 'b4f0ad7f61874880956c5b4371127e91', null, 1, 'vpay', '2015-11-04 17:45:52', 'vpay', '2015-11-04 17:45:52');
INSERT INTO FC_INNERC_PAYMENT_BANK_DEPLOY (DEPLOY_ID, BUSINESS_ID, DEPLOY_CODE, DEPLOY_VALUE, PAYMENT_ID, PAYMENT_BANK_ID, ACCOUNT_ALIAS, STATUS, CREATE_BY, CREATE_TIME, MODIFIED_BY, MODIFIED_TIME) VALUES ('ff80818150d1e29e0150d1e36418002c', 'V', null, '2', '4028bca14dbc9bff014dbc9bffa00001', 'b60b8c9ac67346a9b792bebbe6b4a5e1', null, 1, 'vpay', '2015-11-04 17:45:52', 'vpay', '2015-11-04 17:45:52');
INSERT INTO FC_INNERC_PAYMENT_BANK_DEPLOY (DEPLOY_ID, BUSINESS_ID, DEPLOY_CODE, DEPLOY_VALUE, PAYMENT_ID, PAYMENT_BANK_ID, ACCOUNT_ALIAS, STATUS, CREATE_BY, CREATE_TIME, MODIFIED_BY, MODIFIED_TIME) VALUES ('ff80818150d1e29e0150d1e3644a002d', 'V', null, '2', '4028bca14dbc9bff014dbc9bffa00001', 'cd35598b836f431e9017430a9c4e37ac', null, 1, 'vpay', '2015-11-04 17:45:52', 'vpay', '2015-11-04 17:45:52');
INSERT INTO FC_INNERC_PAYMENT_BANK_DEPLOY (DEPLOY_ID, BUSINESS_ID, DEPLOY_CODE, DEPLOY_VALUE, PAYMENT_ID, PAYMENT_BANK_ID, ACCOUNT_ALIAS, STATUS, CREATE_BY, CREATE_TIME, MODIFIED_BY, MODIFIED_TIME) VALUES ('ff80818150d1e29e0150d1e3647c002e', 'V', null, '2', '4028bca14dbc9bff014dbc9bffa00001', 'ce3de42ecb734fed8ead50ffe15bd378', null, 1, 'vpay', '2015-11-04 17:45:52', 'vpay', '2015-11-04 17:45:52');
INSERT INTO FC_INNERC_PAYMENT_BANK_DEPLOY (DEPLOY_ID, BUSINESS_ID, DEPLOY_CODE, DEPLOY_VALUE, PAYMENT_ID, PAYMENT_BANK_ID, ACCOUNT_ALIAS, STATUS, CREATE_BY, CREATE_TIME, MODIFIED_BY, MODIFIED_TIME) VALUES ('ff80818150d1e29e0150d1e364ae002f', 'V', null, '2', '4028bca14dbc9bff014dbc9bffa00001', 'daa9266449d74e40849ea0dc00348026', null, 1, 'vpay', '2015-11-04 17:45:52', 'vpay', '2015-11-04 17:45:52');
INSERT INTO FC_INNERC_PAYMENT_BANK_DEPLOY (DEPLOY_ID, BUSINESS_ID, DEPLOY_CODE, DEPLOY_VALUE, PAYMENT_ID, PAYMENT_BANK_ID, ACCOUNT_ALIAS, STATUS, CREATE_BY, CREATE_TIME, MODIFIED_BY, MODIFIED_TIME) VALUES ('ff80818150d1e29e0150d1e364df0030', 'V', null, '2', '4028bca14dbc9bff014dbc9bffa00001', 'dd547ea90c434e77a3073ac32c3048d6', null, 1, 'vpay', '2015-11-04 17:45:52', 'vpay', '2015-11-04 17:45:52');
INSERT INTO FC_INNERC_PAYMENT_BANK_DEPLOY (DEPLOY_ID, BUSINESS_ID, DEPLOY_CODE, DEPLOY_VALUE, PAYMENT_ID, PAYMENT_BANK_ID, ACCOUNT_ALIAS, STATUS, CREATE_BY, CREATE_TIME, MODIFIED_BY, MODIFIED_TIME) VALUES ('ff80818150d1e29e0150d1e365110031', 'V', null, '2', '4028bca14dbc9bff014dbc9bffa00001', 'e588229fa30042158be4099b98dee434', null, 1, 'vpay', '2015-11-04 17:45:52', 'vpay', '2015-11-04 17:45:52');
INSERT INTO FC_INNERC_PAYMENT_BANK_DEPLOY (DEPLOY_ID, BUSINESS_ID, DEPLOY_CODE, DEPLOY_VALUE, PAYMENT_ID, PAYMENT_BANK_ID, ACCOUNT_ALIAS, STATUS, CREATE_BY, CREATE_TIME, MODIFIED_BY, MODIFIED_TIME) VALUES ('ff80818150d1e29e0150d1e365430032', 'V', null, '2', '4028bca14dbc9bff014dbc9bffa00001', 'f2d8368ba19d4d1d9399ef41a7e84078', null, 1, 'vpay', '2015-11-04 17:45:52', 'vpay', '2015-11-04 17:45:52');
INSERT INTO FC_INNERC_PAYMENT_BANK_DEPLOY (DEPLOY_ID, BUSINESS_ID, DEPLOY_CODE, DEPLOY_VALUE, PAYMENT_ID, PAYMENT_BANK_ID, ACCOUNT_ALIAS, STATUS, CREATE_BY, CREATE_TIME, MODIFIED_BY, MODIFIED_TIME) VALUES ('ff80818150d1e29e0150d1e365750033', 'V', null, '2', '4028bca14dbc9bff014dbc9bffa00001', 'f9bffe4801d440fd959db434889afc52', null, 1, 'vpay', '2015-11-04 17:45:52', 'vpay', '2015-11-04 17:45:52');
INSERT INTO FC_INNERC_PAYMENT_BANK_DEPLOY (DEPLOY_ID, BUSINESS_ID, DEPLOY_CODE, DEPLOY_VALUE, PAYMENT_ID, PAYMENT_BANK_ID, ACCOUNT_ALIAS, STATUS, CREATE_BY, CREATE_TIME, MODIFIED_BY, MODIFIED_TIME) VALUES ('ff80818150d1e29e0150d1e365a60034', 'V', null, '2', '4028bca14dbc9bff014dbc9bffa00001', 'fcda1fc083af42dc94e30c6de35fb615', null, 1, 'vpay', '2015-11-04 17:45:52', 'vpay', '2015-11-04 17:45:52');
INSERT INTO FC_INNERC_PAYMENT_BANK_DEPLOY (DEPLOY_ID, BUSINESS_ID, DEPLOY_CODE, DEPLOY_VALUE, PAYMENT_ID, PAYMENT_BANK_ID, ACCOUNT_ALIAS, STATUS, CREATE_BY, CREATE_TIME, MODIFIED_BY, MODIFIED_TIME) VALUES ('ff80818150d1e29e0150d1e365d00035', 'V', null, '2', '4028bca14dbc9bff014dbc9bffa00001', 'fe5d3e4b6782421f8859254e484a429b', null, 1, 'vpay', '2015-11-04 17:45:52', 'vpay', '2015-11-04 17:45:52');
INSERT INTO FC_INNERC_PAYMENT_BANK_DEPLOY (DEPLOY_ID, BUSINESS_ID, DEPLOY_CODE, DEPLOY_VALUE, PAYMENT_ID, PAYMENT_BANK_ID, ACCOUNT_ALIAS, STATUS, CREATE_BY, CREATE_TIME, MODIFIED_BY, MODIFIED_TIME) VALUES ('ff80818150d1e29e0150d1e47d950036', 'V', null, '3', '4028bca14dbc9dd0014dbc9dd06a0004', '03e53904524247e0a9a68a6950afae43', null, 1, 'vpay', '2015-11-04 17:47:04', 'vpay', '2015-11-04 17:47:04');
INSERT INTO FC_INNERC_PAYMENT_BANK_DEPLOY (DEPLOY_ID, BUSINESS_ID, DEPLOY_CODE, DEPLOY_VALUE, PAYMENT_ID, PAYMENT_BANK_ID, ACCOUNT_ALIAS, STATUS, CREATE_BY, CREATE_TIME, MODIFIED_BY, MODIFIED_TIME) VALUES ('ff80818150d1e29e0150d1e47dc80037', 'V', null, '3', '4028bca14dbc9dd0014dbc9dd06a0004', '04b185b61b3d409cad7bbf56d6eca72b', null, 1, 'vpay', '2015-11-04 17:47:04', 'vpay', '2015-11-04 17:47:04');
INSERT INTO FC_INNERC_PAYMENT_BANK_DEPLOY (DEPLOY_ID, BUSINESS_ID, DEPLOY_CODE, DEPLOY_VALUE, PAYMENT_ID, PAYMENT_BANK_ID, ACCOUNT_ALIAS, STATUS, CREATE_BY, CREATE_TIME, MODIFIED_BY, MODIFIED_TIME) VALUES ('ff80818150d1e29e0150d1e47dfa0038', 'V', null, '3', '4028bca14dbc9dd0014dbc9dd06a0004', '066b9cd6621440548e6370a8b1de43aa', null, 1, 'vpay', '2015-11-04 17:47:04', 'vpay', '2015-11-04 17:47:04');
INSERT INTO FC_INNERC_PAYMENT_BANK_DEPLOY (DEPLOY_ID, BUSINESS_ID, DEPLOY_CODE, DEPLOY_VALUE, PAYMENT_ID, PAYMENT_BANK_ID, ACCOUNT_ALIAS, STATUS, CREATE_BY, CREATE_TIME, MODIFIED_BY, MODIFIED_TIME) VALUES ('ff80818150d1e29e0150d1e47e2b0039', 'V', null, '3', '4028bca14dbc9dd0014dbc9dd06a0004', '0690af35d33f4d93bcd8528ad516918a', null, 1, 'vpay', '2015-11-04 17:47:04', 'vpay', '2015-11-04 17:47:04');
INSERT INTO FC_INNERC_PAYMENT_BANK_DEPLOY (DEPLOY_ID, BUSINESS_ID, DEPLOY_CODE, DEPLOY_VALUE, PAYMENT_ID, PAYMENT_BANK_ID, ACCOUNT_ALIAS, STATUS, CREATE_BY, CREATE_TIME, MODIFIED_BY, MODIFIED_TIME) VALUES ('ff80818150d1e29e0150d1e47e55003a', 'V', null, '3', '4028bca14dbc9dd0014dbc9dd06a0004', '18f9da4c37014ff99677f678bdfe8284', null, 1, 'vpay', '2015-11-04 17:47:04', 'vpay', '2015-11-04 17:47:04');
INSERT INTO FC_INNERC_PAYMENT_BANK_DEPLOY (DEPLOY_ID, BUSINESS_ID, DEPLOY_CODE, DEPLOY_VALUE, PAYMENT_ID, PAYMENT_BANK_ID, ACCOUNT_ALIAS, STATUS, CREATE_BY, CREATE_TIME, MODIFIED_BY, MODIFIED_TIME) VALUES ('ff80818150d1e29e0150d1e47e87003b', 'V', null, '3', '4028bca14dbc9dd0014dbc9dd06a0004', '2cc176f912b740c7a7881b8ba9959c09', null, 1, 'vpay', '2015-11-04 17:47:04', 'vpay', '2015-11-04 17:47:04');
INSERT INTO FC_INNERC_PAYMENT_BANK_DEPLOY (DEPLOY_ID, BUSINESS_ID, DEPLOY_CODE, DEPLOY_VALUE, PAYMENT_ID, PAYMENT_BANK_ID, ACCOUNT_ALIAS, STATUS, CREATE_BY, CREATE_TIME, MODIFIED_BY, MODIFIED_TIME) VALUES ('ff80818150d1e29e0150d1e47eb0003c', 'V', null, '3', '4028bca14dbc9dd0014dbc9dd06a0004', '2dcdfadbc6684806a4d451965a9c38b8', null, 1, 'vpay', '2015-11-04 17:47:04', 'vpay', '2015-11-04 17:47:04');
INSERT INTO FC_INNERC_PAYMENT_BANK_DEPLOY (DEPLOY_ID, BUSINESS_ID, DEPLOY_CODE, DEPLOY_VALUE, PAYMENT_ID, PAYMENT_BANK_ID, ACCOUNT_ALIAS, STATUS, CREATE_BY, CREATE_TIME, MODIFIED_BY, MODIFIED_TIME) VALUES ('ff80818150d1e29e0150d1e47eda003d', 'V', null, '3', '4028bca14dbc9dd0014dbc9dd06a0004', '319a917c223e46b1be70e554e164344a', null, 1, 'vpay', '2015-11-04 17:47:04', 'vpay', '2015-11-04 17:47:04');
INSERT INTO FC_INNERC_PAYMENT_BANK_DEPLOY (DEPLOY_ID, BUSINESS_ID, DEPLOY_CODE, DEPLOY_VALUE, PAYMENT_ID, PAYMENT_BANK_ID, ACCOUNT_ALIAS, STATUS, CREATE_BY, CREATE_TIME, MODIFIED_BY, MODIFIED_TIME) VALUES ('ff80818150d1e29e0150d1e47f0b003e', 'V', null, '3', '4028bca14dbc9dd0014dbc9dd06a0004', '3761245058b74580860c8ed0f8a45441', null, 1, 'vpay', '2015-11-04 17:47:04', 'vpay', '2015-11-04 17:47:04');
INSERT INTO FC_INNERC_PAYMENT_BANK_DEPLOY (DEPLOY_ID, BUSINESS_ID, DEPLOY_CODE, DEPLOY_VALUE, PAYMENT_ID, PAYMENT_BANK_ID, ACCOUNT_ALIAS, STATUS, CREATE_BY, CREATE_TIME, MODIFIED_BY, MODIFIED_TIME) VALUES ('ff80818150d1e29e0150d1e47f67003f', 'V', null, '3', '4028bca14dbc9dd0014dbc9dd06a0004', '3e82932fb8be41eca77f1c2b4ecdd7d7', null, 1, 'vpay', '2015-11-04 17:47:04', 'vpay', '2015-11-04 17:47:04');
INSERT INTO FC_INNERC_PAYMENT_BANK_DEPLOY (DEPLOY_ID, BUSINESS_ID, DEPLOY_CODE, DEPLOY_VALUE, PAYMENT_ID, PAYMENT_BANK_ID, ACCOUNT_ALIAS, STATUS, CREATE_BY, CREATE_TIME, MODIFIED_BY, MODIFIED_TIME) VALUES ('ff80818150d1e29e0150d1e47fba0040', 'V', null, '3', '4028bca14dbc9dd0014dbc9dd06a0004', '46415b9e8f8d45a4bbaaae50e50623c0', null, 1, 'vpay', '2015-11-04 17:47:05', 'vpay', '2015-11-04 17:47:05');
INSERT INTO FC_INNERC_PAYMENT_BANK_DEPLOY (DEPLOY_ID, BUSINESS_ID, DEPLOY_CODE, DEPLOY_VALUE, PAYMENT_ID, PAYMENT_BANK_ID, ACCOUNT_ALIAS, STATUS, CREATE_BY, CREATE_TIME, MODIFIED_BY, MODIFIED_TIME) VALUES ('ff80818150d1e29e0150d1e47feb0041', 'V', null, '3', '4028bca14dbc9dd0014dbc9dd06a0004', '654fe1cc6ccd44c59ce5eafaf5d0b8dd', null, 1, 'vpay', '2015-11-04 17:47:05', 'vpay', '2015-11-04 17:47:05');
INSERT INTO FC_INNERC_PAYMENT_BANK_DEPLOY (DEPLOY_ID, BUSINESS_ID, DEPLOY_CODE, DEPLOY_VALUE, PAYMENT_ID, PAYMENT_BANK_ID, ACCOUNT_ALIAS, STATUS, CREATE_BY, CREATE_TIME, MODIFIED_BY, MODIFIED_TIME) VALUES ('ff80818150d1e29e0150d1e4801d0042', 'V', null, '3', '4028bca14dbc9dd0014dbc9dd06a0004', '69fbb036f3d147c7974369d63c1d4391', null, 1, 'vpay', '2015-11-04 17:47:05', 'vpay', '2015-11-04 17:47:05');
INSERT INTO FC_INNERC_PAYMENT_BANK_DEPLOY (DEPLOY_ID, BUSINESS_ID, DEPLOY_CODE, DEPLOY_VALUE, PAYMENT_ID, PAYMENT_BANK_ID, ACCOUNT_ALIAS, STATUS, CREATE_BY, CREATE_TIME, MODIFIED_BY, MODIFIED_TIME) VALUES ('ff80818150d1e29e0150d1e480470043', 'V', null, '3', '4028bca14dbc9dd0014dbc9dd06a0004', '807a90bd2c7a412382f9afd317e940b6', null, 1, 'vpay', '2015-11-04 17:47:05', 'vpay', '2015-11-04 17:47:05');
INSERT INTO FC_INNERC_PAYMENT_BANK_DEPLOY (DEPLOY_ID, BUSINESS_ID, DEPLOY_CODE, DEPLOY_VALUE, PAYMENT_ID, PAYMENT_BANK_ID, ACCOUNT_ALIAS, STATUS, CREATE_BY, CREATE_TIME, MODIFIED_BY, MODIFIED_TIME) VALUES ('ff80818150d1e29e0150d1e480910044', 'V', null, '3', '4028bca14dbc9dd0014dbc9dd06a0004', '80c071b58d5143349d3cc786d1ebf0f3', null, 1, 'vpay', '2015-11-04 17:47:05', 'vpay', '2015-11-04 17:47:05');
INSERT INTO FC_INNERC_PAYMENT_BANK_DEPLOY (DEPLOY_ID, BUSINESS_ID, DEPLOY_CODE, DEPLOY_VALUE, PAYMENT_ID, PAYMENT_BANK_ID, ACCOUNT_ALIAS, STATUS, CREATE_BY, CREATE_TIME, MODIFIED_BY, MODIFIED_TIME) VALUES ('ff80818150d1e29e0150d1e480c30045', 'V', null, '3', '4028bca14dbc9dd0014dbc9dd06a0004', '857ed8c9096342c29239e6430aab0425', null, 1, 'vpay', '2015-11-04 17:47:05', 'vpay', '2015-11-04 17:47:05');
INSERT INTO FC_INNERC_PAYMENT_BANK_DEPLOY (DEPLOY_ID, BUSINESS_ID, DEPLOY_CODE, DEPLOY_VALUE, PAYMENT_ID, PAYMENT_BANK_ID, ACCOUNT_ALIAS, STATUS, CREATE_BY, CREATE_TIME, MODIFIED_BY, MODIFIED_TIME) VALUES ('ff80818150d1e29e0150d1e480f50046', 'V', null, '3', '4028bca14dbc9dd0014dbc9dd06a0004', '87a40ed020c742f690ee6e4036d49a6b', null, 1, 'vpay', '2015-11-04 17:47:05', 'vpay', '2015-11-04 17:47:05');
INSERT INTO FC_INNERC_PAYMENT_BANK_DEPLOY (DEPLOY_ID, BUSINESS_ID, DEPLOY_CODE, DEPLOY_VALUE, PAYMENT_ID, PAYMENT_BANK_ID, ACCOUNT_ALIAS, STATUS, CREATE_BY, CREATE_TIME, MODIFIED_BY, MODIFIED_TIME) VALUES ('ff80818150d1e29e0150d1e4811e0047', 'V', null, '3', '4028bca14dbc9dd0014dbc9dd06a0004', '8c3840c6dc0e4177a45e256c189773ec', null, 1, 'vpay', '2015-11-04 17:47:05', 'vpay', '2015-11-04 17:47:05');
INSERT INTO FC_INNERC_PAYMENT_BANK_DEPLOY (DEPLOY_ID, BUSINESS_ID, DEPLOY_CODE, DEPLOY_VALUE, PAYMENT_ID, PAYMENT_BANK_ID, ACCOUNT_ALIAS, STATUS, CREATE_BY, CREATE_TIME, MODIFIED_BY, MODIFIED_TIME) VALUES ('ff80818150d1e29e0150d1e481480048', 'V', null, '3', '4028bca14dbc9dd0014dbc9dd06a0004', '8ea723f9769b4ba0b741dc79e89c6dec', null, 1, 'vpay', '2015-11-04 17:47:05', 'vpay', '2015-11-04 17:47:05');
INSERT INTO FC_INNERC_PAYMENT_BANK_DEPLOY (DEPLOY_ID, BUSINESS_ID, DEPLOY_CODE, DEPLOY_VALUE, PAYMENT_ID, PAYMENT_BANK_ID, ACCOUNT_ALIAS, STATUS, CREATE_BY, CREATE_TIME, MODIFIED_BY, MODIFIED_TIME) VALUES ('ff80818150d1e29e0150d1e481710049', 'V', null, '3', '4028bca14dbc9dd0014dbc9dd06a0004', 'a8518b572e7a40b49e06368fa1b31818', null, 1, 'vpay', '2015-11-04 17:47:05', 'vpay', '2015-11-04 17:47:05');
INSERT INTO FC_INNERC_PAYMENT_BANK_DEPLOY (DEPLOY_ID, BUSINESS_ID, DEPLOY_CODE, DEPLOY_VALUE, PAYMENT_ID, PAYMENT_BANK_ID, ACCOUNT_ALIAS, STATUS, CREATE_BY, CREATE_TIME, MODIFIED_BY, MODIFIED_TIME) VALUES ('ff80818150d1e29e0150d1e4819b004a', 'V', null, '3', '4028bca14dbc9dd0014dbc9dd06a0004', 'aeb21efd473d48df9e022894346660dd', null, 1, 'vpay', '2015-11-04 17:47:05', 'vpay', '2015-11-04 17:47:05');
INSERT INTO FC_INNERC_PAYMENT_BANK_DEPLOY (DEPLOY_ID, BUSINESS_ID, DEPLOY_CODE, DEPLOY_VALUE, PAYMENT_ID, PAYMENT_BANK_ID, ACCOUNT_ALIAS, STATUS, CREATE_BY, CREATE_TIME, MODIFIED_BY, MODIFIED_TIME) VALUES ('ff80818150d1e29e0150d1e481cd004b', 'V', null, '3', '4028bca14dbc9dd0014dbc9dd06a0004', 'b4f0ad7f61874880956c5b4371127e91', null, 1, 'vpay', '2015-11-04 17:47:05', 'vpay', '2015-11-04 17:47:05');
INSERT INTO FC_INNERC_PAYMENT_BANK_DEPLOY (DEPLOY_ID, BUSINESS_ID, DEPLOY_CODE, DEPLOY_VALUE, PAYMENT_ID, PAYMENT_BANK_ID, ACCOUNT_ALIAS, STATUS, CREATE_BY, CREATE_TIME, MODIFIED_BY, MODIFIED_TIME) VALUES ('ff80818150d1e29e0150d1e481fe004c', 'V', null, '3', '4028bca14dbc9dd0014dbc9dd06a0004', 'b60b8c9ac67346a9b792bebbe6b4a5e1', null, 1, 'vpay', '2015-11-04 17:47:05', 'vpay', '2015-11-04 17:47:05');
INSERT INTO FC_INNERC_PAYMENT_BANK_DEPLOY (DEPLOY_ID, BUSINESS_ID, DEPLOY_CODE, DEPLOY_VALUE, PAYMENT_ID, PAYMENT_BANK_ID, ACCOUNT_ALIAS, STATUS, CREATE_BY, CREATE_TIME, MODIFIED_BY, MODIFIED_TIME) VALUES ('ff80818150d1e29e0150d1e48230004d', 'V', null, '3', '4028bca14dbc9dd0014dbc9dd06a0004', 'cd35598b836f431e9017430a9c4e37ac', null, 1, 'vpay', '2015-11-04 17:47:05', 'vpay', '2015-11-04 17:47:05');
INSERT INTO FC_INNERC_PAYMENT_BANK_DEPLOY (DEPLOY_ID, BUSINESS_ID, DEPLOY_CODE, DEPLOY_VALUE, PAYMENT_ID, PAYMENT_BANK_ID, ACCOUNT_ALIAS, STATUS, CREATE_BY, CREATE_TIME, MODIFIED_BY, MODIFIED_TIME) VALUES ('ff80818150d1e29e0150d1e48262004e', 'V', null, '3', '4028bca14dbc9dd0014dbc9dd06a0004', 'ce3de42ecb734fed8ead50ffe15bd378', null, 1, 'vpay', '2015-11-04 17:47:05', 'vpay', '2015-11-04 17:47:05');
INSERT INTO FC_INNERC_PAYMENT_BANK_DEPLOY (DEPLOY_ID, BUSINESS_ID, DEPLOY_CODE, DEPLOY_VALUE, PAYMENT_ID, PAYMENT_BANK_ID, ACCOUNT_ALIAS, STATUS, CREATE_BY, CREATE_TIME, MODIFIED_BY, MODIFIED_TIME) VALUES ('ff80818150d1e29e0150d1e4828b004f', 'V', null, '3', '4028bca14dbc9dd0014dbc9dd06a0004', 'daa9266449d74e40849ea0dc00348026', null, 1, 'vpay', '2015-11-04 17:47:05', 'vpay', '2015-11-04 17:47:05');
INSERT INTO FC_INNERC_PAYMENT_BANK_DEPLOY (DEPLOY_ID, BUSINESS_ID, DEPLOY_CODE, DEPLOY_VALUE, PAYMENT_ID, PAYMENT_BANK_ID, ACCOUNT_ALIAS, STATUS, CREATE_BY, CREATE_TIME, MODIFIED_BY, MODIFIED_TIME) VALUES ('ff80818150d1e29e0150d1e482bd0050', 'V', null, '3', '4028bca14dbc9dd0014dbc9dd06a0004', 'dd547ea90c434e77a3073ac32c3048d6', null, 1, 'vpay', '2015-11-04 17:47:05', 'vpay', '2015-11-04 17:47:05');
INSERT INTO FC_INNERC_PAYMENT_BANK_DEPLOY (DEPLOY_ID, BUSINESS_ID, DEPLOY_CODE, DEPLOY_VALUE, PAYMENT_ID, PAYMENT_BANK_ID, ACCOUNT_ALIAS, STATUS, CREATE_BY, CREATE_TIME, MODIFIED_BY, MODIFIED_TIME) VALUES ('ff80818150d1e29e0150d1e482e70051', 'V', null, '3', '4028bca14dbc9dd0014dbc9dd06a0004', 'e588229fa30042158be4099b98dee434', null, 1, 'vpay', '2015-11-04 17:47:05', 'vpay', '2015-11-04 17:47:05');
INSERT INTO FC_INNERC_PAYMENT_BANK_DEPLOY (DEPLOY_ID, BUSINESS_ID, DEPLOY_CODE, DEPLOY_VALUE, PAYMENT_ID, PAYMENT_BANK_ID, ACCOUNT_ALIAS, STATUS, CREATE_BY, CREATE_TIME, MODIFIED_BY, MODIFIED_TIME) VALUES ('ff80818150d1e29e0150d1e483100052', 'V', null, '3', '4028bca14dbc9dd0014dbc9dd06a0004', 'f2d8368ba19d4d1d9399ef41a7e84078', null, 1, 'vpay', '2015-11-04 17:47:05', 'vpay', '2015-11-04 17:47:05');
INSERT INTO FC_INNERC_PAYMENT_BANK_DEPLOY (DEPLOY_ID, BUSINESS_ID, DEPLOY_CODE, DEPLOY_VALUE, PAYMENT_ID, PAYMENT_BANK_ID, ACCOUNT_ALIAS, STATUS, CREATE_BY, CREATE_TIME, MODIFIED_BY, MODIFIED_TIME) VALUES ('ff80818150d1e29e0150d1e483310053', 'V', null, '3', '4028bca14dbc9dd0014dbc9dd06a0004', 'f9bffe4801d440fd959db434889afc52', null, 1, 'vpay', '2015-11-04 17:47:05', 'vpay', '2015-11-04 17:47:05');
INSERT INTO FC_INNERC_PAYMENT_BANK_DEPLOY (DEPLOY_ID, BUSINESS_ID, DEPLOY_CODE, DEPLOY_VALUE, PAYMENT_ID, PAYMENT_BANK_ID, ACCOUNT_ALIAS, STATUS, CREATE_BY, CREATE_TIME, MODIFIED_BY, MODIFIED_TIME) VALUES ('ff80818150d1e29e0150d1e4835b0054', 'V', null, '3', '4028bca14dbc9dd0014dbc9dd06a0004', 'fcda1fc083af42dc94e30c6de35fb615', null, 1, 'vpay', '2015-11-04 17:47:05', 'vpay', '2015-11-04 17:47:05');
INSERT INTO FC_INNERC_PAYMENT_BANK_DEPLOY (DEPLOY_ID, BUSINESS_ID, DEPLOY_CODE, DEPLOY_VALUE, PAYMENT_ID, PAYMENT_BANK_ID, ACCOUNT_ALIAS, STATUS, CREATE_BY, CREATE_TIME, MODIFIED_BY, MODIFIED_TIME) VALUES ('ff80818150d1e29e0150d1e4838d0055', 'V', null, '3', '4028bca14dbc9dd0014dbc9dd06a0004', 'fe5d3e4b6782421f8859254e484a429b', null, 1, 'vpay', '2015-11-04 17:47:05', 'vpay', '2015-11-04 17:47:05');
