-- MySQL dump 10.13  Distrib 5.6.22, for linux-glibc2.5 (x86_64)
--
-- Host: localhost    Database: fcpay
-- ------------------------------------------------------
-- Server version	5.6.22-log

/*!40101 SET @OLD_CHARACTER_SET_CLIENT=@@CHARACTER_SET_CLIENT */;
/*!40101 SET @OLD_CHARACTER_SET_RESULTS=@@CHARACTER_SET_RESULTS */;
/*!40101 SET @OLD_COLLATION_CONNECTION=@@COLLATION_CONNECTION */;
/*!40101 SET NAMES utf8 */;
/*!40103 SET @OLD_TIME_ZONE=@@TIME_ZONE */;
/*!40103 SET TIME_ZONE='+00:00' */;
/*!40014 SET @OLD_UNIQUE_CHECKS=@@UNIQUE_CHECKS, UNIQUE_CHECKS=0 */;
/*!40014 SET @OLD_FOREIGN_KEY_CHECKS=@@FOREIGN_KEY_CHECKS, FOREIGN_KEY_CHECKS=0 */;
/*!40101 SET @OLD_SQL_MODE=@@SQL_MODE, SQL_MODE='NO_AUTO_VALUE_ON_ZERO' */;
/*!40111 SET @OLD_SQL_NOTES=@@SQL_NOTES, SQL_NOTES=0 */;

--
-- Table structure for table `FC_BANKMSG_ACCOUNT_SERVICE_REF`
--

DROP TABLE IF EXISTS `FC_BANKMSG_ACCOUNT_SERVICE_REF`;
/*!40101 SET @saved_cs_client     = @@character_set_client */;
/*!40101 SET character_set_client = utf8 */;
CREATE TABLE `FC_BANKMSG_ACCOUNT_SERVICE_REF` (
  `ACCOUNT_ALIAS` char(38) NOT NULL COMMENT '账户编号(内部用于方便记忆的编号，比如ICBC5, 与平台编号共同确保唯一号，要有规则)',
  `ACCOUNT_NAME` varchar(64) DEFAULT NULL COMMENT '持卡人',
  `SERVICE_NO` varchar(20) DEFAULT NULL COMMENT '服务器编号',
  `UK_NO` varchar(20) DEFAULT NULL COMMENT 'U口编号',
  `OS_IP` char(38) DEFAULT NULL COMMENT '操作系统IP',
  `STATUS` int(11) DEFAULT NULL COMMENT '状态1-已启动,2-已登入.3-已登出;4-未启动;5-卡异常(如检测不到心跳造成的)',
  `ACCOUNT_BALANCE` decimal(16,4) DEFAULT NULL COMMENT '账户余额',
  `ACCOUNT_BANK_ALIAS` char(38) DEFAULT NULL COMMENT '余额',
  `STATUS_UPD_TIME` datetime DEFAULT NULL COMMENT '状态修改时间',
  PRIMARY KEY (`ACCOUNT_ALIAS`)
) ENGINE=InnoDB DEFAULT CHARSET=utf8 COMMENT='卡状态监控表';
/*!40101 SET character_set_client = @saved_cs_client */;

--
-- Dumping data for table `FC_BANKMSG_ACCOUNT_SERVICE_REF`
--

LOCK TABLES `FC_BANKMSG_ACCOUNT_SERVICE_REF` WRITE;
/*!40000 ALTER TABLE `FC_BANKMSG_ACCOUNT_SERVICE_REF` DISABLE KEYS */;
INSERT INTO `FC_BANKMSG_ACCOUNT_SERVICE_REF` VALUES ('ABC00678','汪涛','1','1','1',5,0.3500,'ABC','2015-02-07 22:51:53'),('ABC00810','李小冬','1','1','1',5,0.3500,'ABC','2015-02-07 13:45:31'),('ABC00813','崔浩林','1','1','1',5,0.3500,'ABC','2015-02-07 07:12:52'),('ABC20219','朱世韬','1','1','1',5,NULL,'ABC','2015-02-06 18:53:09'),('CCB00644','贺玉','1','1','1',5,0.5900,'CCB','2015-02-06 17:04:43'),('CCB00779','曹小攀','1','1','1',5,0.0000,'CCB','2015-02-07 22:36:33'),('CCB00801','郭兵兵','1','1','2',5,19.2800,'CCB','2015-02-06 18:52:54'),('CMB01064','段慧','1','1','1',5,42.3000,'CMB','2015-02-08 11:34:26'),('CMB01123','汪雁鸿','1','1','1',5,19.9900,'CMB','2015-02-08 11:35:52'),('CMB20234','左永梅','1','1','1',5,29.7300,'CMB','2015-02-08 11:34:31'),('CMB20267','李博','1','1','1',5,46.5000,'CMB','2015-02-08 03:51:00'),('CMBC00802','刘远峰','1','1','1',5,52.5300,'CMBC','2015-02-08 11:34:36'),('CMBC00809','薛会龙','1','1','1',5,NULL,'CMBC','2015-02-08 03:51:35'),('CMBC20178','曹勇','1','1','1',5,36.5300,'CMBC','2015-02-08 11:35:52'),('CMBC20183','陈红梅','1','1','1',5,36.6700,'CMBC','2015-02-08 11:39:13'),('CMBC20203','黄子益','1','1','1',5,29.7500,'CMBC','2015-02-08 11:35:57'),('CMBC20204','张晋博','1','1','1',5,62.3000,'CMBC','2015-02-08 11:37:07'),('ICBC00621','孔露娇','1','1','1',5,17.0300,'ICBC','2015-02-08 00:06:25'),('ICBC00626','郝松辉','1','1','1',5,22.4100,'ICBC','2015-02-08 11:34:06'),('ICBC01018','朱琴','1','1','1',5,1.8600,'ICBC','2015-02-08 03:53:51'),('ICBC20533','张婷婷','1','1','1',5,1.1000,'ICBC','2015-02-08 11:33:26');
/*!40000 ALTER TABLE `FC_BANKMSG_ACCOUNT_SERVICE_REF` ENABLE KEYS */;
UNLOCK TABLES;

--
-- Table structure for table `FC_IMAGE_YEKETAVIRP`
--

DROP TABLE IF EXISTS `FC_IMAGE_YEKETAVIRP`;
/*!40101 SET @saved_cs_client     = @@character_set_client */;
/*!40101 SET character_set_client = utf8 */;
CREATE TABLE `FC_IMAGE_YEKETAVIRP` (
  `ID` char(38) NOT NULL,
  `IMAGE_NAME` varchar(100) NOT NULL,
  `IMAGE_PATH` varchar(200) NOT NULL,
  `YEKETAVIRP` varchar(100) NOT NULL,
  `IMAGE_STATUS` int(11) NOT NULL DEFAULT '1',
  `CREATED_TIME` datetime NOT NULL DEFAULT CURRENT_TIMESTAMP,
  `UPDATED_TIME` datetime NOT NULL DEFAULT CURRENT_TIMESTAMP,
  `IMG_URL` varchar(300) DEFAULT NULL,
  PRIMARY KEY (`ID`)
) ENGINE=InnoDB DEFAULT CHARSET=utf8;
/*!40101 SET character_set_client = @saved_cs_client */;

--
-- Dumping data for table `FC_IMAGE_YEKETAVIRP`
--

LOCK TABLES `FC_IMAGE_YEKETAVIRP` WRITE;
/*!40000 ALTER TABLE `FC_IMAGE_YEKETAVIRP` DISABLE KEYS */;
INSERT INTO `FC_IMAGE_YEKETAVIRP` VALUES ('297e26433d68eeb1013d68f2225c0003','201303142048MF000000000033000002','201303142048MF000000000033000002','moaajpqemqz8/pqOmo6ajpqOmo6aj',0,'2013-01-17 20:20:00','2013-02-10 20:20:00',NULL),('297e26433d68eeb1013d68f2225c0004','201303142048MF000000000033000003','201303142048MF000000000033000003','moaajpqemqz8/pqOmo6ajpqOmo6aj',0,'2013-01-18 20:20:00','2013-02-11 20:20:00',NULL),('297e26433d68eeb1013d68f2225c0005','201303142048MF000000000033000004','201303142048MF000000000033000004','moaajpqemqz8/pqOmo6ajpqOmo6aj',0,'2013-01-19 20:20:00','2013-02-12 20:20:00',NULL),('297e26433d68eeb1013d68f2225c0006','201303142048MF000000000033000005','201303142048MF000000000033000005','moaajpqemqz8/pqOmo6ajpqOmo6aj',0,'2013-01-20 20:20:00','2013-02-13 20:20:00',NULL),('297e26433d68eeb1013d68f2225d0007','201303142048MF000000000033000006','201303142048MF000000000033000006','kpqKmq6aiPz8/pqOmo6ajpqOmo6aj',0,'2013-01-21 20:20:00','2013-02-14 20:20:00',NULL),('297e26433d68eeb1013d68f2225d0008','201303142048MF000000000033000007','201303142048MF000000000033000007','kpqKmq6aiPz8/pqOmo6ajpqOmo6aj',0,'2013-01-22 20:20:00','2013-02-15 20:20:00',NULL),('297e26433d68eeb1013d68f2225d0009','201303142048MF000000000033000008','201303142048MF000000000033000008','moj+m0KanpqSm1KamptE/',0,'2013-01-23 20:20:00','2013-02-16 20:20:00',NULL),('2c909f513c47f5b3013c480081fc0058','201301171813MF000000000012000001','201301171813MF000000000012000001','moj+m0KanpqSm1KamptE/',0,'2013-01-24 20:20:00','2013-02-17 20:20:00',NULL),('2c909f513c47f5b3013c480081fc0059','201301171813MF000000000012000002','201301171813MF000000000012000002','pqGmo6aiPz+mo6',0,'2013-01-25 20:20:00','2013-02-18 20:20:00',NULL),('2c909f513c47f5b3013c480081fc005a','201301171813MF000000000012000003','201301171813MF000000000012000003','pqGmo6aiPz+mo6',0,'2013-01-26 20:20:00','2013-02-19 20:20:00',NULL),('2c909f513c47f5b3013c480081fc005b','201301171813MF000000000012000004','201301171813MF000000000012000004','pqGmo6aiPz+mo6',0,'2013-01-27 20:20:00','2013-02-20 20:20:00',NULL),('2c909f513c47f5b3013c480081fc005c','201301171813MF000000000012000005','201301171813MF000000000012000005','pqGmo6aiPz+mo6',0,'2013-01-28 20:20:00','2013-02-21 20:20:00',NULL),('2c909f513c47f5b3013c480081fc005d','201301171813MF000000000012000006','201301171813MF000000000012000006','pqGmo6aiPz+mo6',0,'2013-01-29 20:20:00','2013-02-22 20:20:00',NULL),('2c909f513c47f5b3013c480081fc005e','201301171813MF000000000012000007','201301171813MF000000000012000007','pqGmo6aiPz+mo6',0,'2013-01-30 20:20:00','2013-02-23 20:20:00',NULL),('2c909f513c47f5b3013c480081fc005f','201301171813MF000000000012000008','201301171813MF000000000012000008','pqGmo6aiPz+mo6',0,'2013-01-31 20:20:00','2013-02-24 20:20:00',NULL),('2c909f513c47f5b3013c480081fc0060','201301171813MF000000000012000009','201301171813MF000000000012000009','P6ajpqI/ptCmp6',0,'2013-02-02 17:20:00','2013-02-25 20:20:00',NULL),('2c909f513c47f5b3013c480081fc0061','201301171813MF000000000012000010','201301171813MF000000000012000010','P6ajpqI/ptCmp6',0,'2013-02-03 17:20:00','2013-02-26 20:20:00',NULL),('2c909f513c47f5b3013c480081fc0062','201301171813MF000000000012000011','201301171813MF000000000012000011','P6ajpqI/ptCmp6',0,'2013-02-04 17:20:00','2013-02-27 20:20:00',NULL),('2c909f513c47f5b3013c480081fc0063','201301171813MF000000000012000012','201301171813MF000000000012000012','moj+m0KanpqSm1KamptE/',0,'2013-02-05 17:20:00','2013-02-28 20:20:00',NULL),('2c909f513c47f5b3013c480081fc0064','201301171813MF000000000012000013','201301171813MF000000000012000013','moj+m0KanpqSm1KamptE/',0,'2013-02-06 17:20:00','2013-03-02 17:20:00',NULL),('2c909f513c47f5b3013c480081fc0065','201301171813MF000000000012000014','201301171813MF000000000012000014','moj+m0KanpqSm1KamptE/',0,'2013-02-07 17:20:00','2013-03-03 17:20:00',NULL),('2c909f513c47f5b3013c480081fc0066','201301171813MF000000000012000015','201301171813MF000000000012000015','kpqKmq6aiPz8/pqOmow==',0,'2013-02-08 17:20:00','2013-03-04 17:20:00',NULL),('2c909f513c47f5b3013c480081fc0067','201301171813MF000000000012000016','201301171813MF000000000012000016','kpqKmq6aiPz8/pqOmow==',0,'2013-02-09 17:20:00','2013-03-05 17:20:00',NULL),('2c909f513c47f5b3013c480081fc0068','201301171813MF000000000012000017','201301171813MF000000000012000017','kpqKmq6aiPz8/pqOmow==',0,'2013-02-10 17:20:00','2013-03-06 17:20:00',NULL),('2c909f513c47f5b3013c480177f5006f','201301171815MF000000000015000001','201301171815MF000000000015000001','Mjk+PzYlOCk4JT4/Ng==',1,'2013-02-10 20:20:00','2013-03-07 17:20:00',NULL),('2c909f513c47f5b3013c480177f50070','201301171815MF000000000015000002','201301171815MF000000000015000002','moaajpqemqz8/pqOmo6ajpqOmo6aj',0,'2013-02-11 20:20:00','2013-03-08 17:20:00',NULL),('2c909f513c47f5b3013c480177f50071','201301171815MF000000000015000003','201301171815MF000000000015000003','moaajpqemqz8/pqOmo6ajpqOmo6aj',0,'2013-02-12 20:20:00','2013-03-09 17:20:00',NULL),('2c909f513c47f5b3013c4803a4e70080','201301171817MF000000000016000001','201301171817MF000000000016000001','moaajpqemqz8/pqOmo6ajpqOmo6aj',0,'2013-02-13 20:20:00','2013-03-10 17:20:00',NULL),('2c909f513c47f5b3013c4803a4e70081','201301171817MF000000000016000003','201301171817MF000000000016000003','moaajpqemqz8/pqOmo6ajpqOmo6aj',0,'2013-02-14 20:20:00','2013-03-10 20:20:00',NULL),('2c909f513c47f5b3013c4803a4e70082','201301171817MF000000000016000005','201301171817MF000000000016000005','kpqKmq6aiPz8/pqOmo6ajpqOmo6aj',0,'2013-02-15 20:20:00','2013-03-11 20:20:00',NULL),('2c909f513c47f5b3013c4803a4e70083','201301171817MF000000000016000006','201301171817MF000000000016000006','kpqKmq6aiPz8/pqOmo6ajpqOmo6aj',0,'2013-02-16 20:20:00','2013-03-12 20:20:00',NULL),('2c909f513c47f5b3013c4803a4e70084','201301171817MF000000000016000007','201301171817MF000000000016000007','moj+m0KanpqSm1KamptE/',0,'2013-02-17 20:20:00','2013-03-13 20:20:00',NULL);
/*!40000 ALTER TABLE `FC_IMAGE_YEKETAVIRP` ENABLE KEYS */;
UNLOCK TABLES;

--
-- Table structure for table `FC_INNERC_ACCOUNT`
--

DROP TABLE IF EXISTS `FC_INNERC_ACCOUNT`;
/*!40101 SET @saved_cs_client     = @@character_set_client */;
/*!40101 SET character_set_client = utf8 */;
CREATE TABLE `FC_INNERC_ACCOUNT` (
  `ACCOUNT_ALIAS` char(38) CHARACTER SET utf8 COLLATE utf8_bin NOT NULL COMMENT '账户编号(内部用于方便记忆的编号，比如ICBC5, 与平台编号共同确保唯一号，要有规则)',
  `ACCOUNT_NO` varchar(20) CHARACTER SET utf8 COLLATE utf8_bin NOT NULL COMMENT '账户号',
  `ACCOUNT_NAME` varchar(20) CHARACTER SET utf8 COLLATE utf8_bin NOT NULL COMMENT '账户名称',
  `ACCOUNT_BANK_NAME` varchar(200) CHARACTER SET utf8 COLLATE utf8_bin NOT NULL COMMENT '开户行名(内部转账如果不走加急转账，可以走普通转账，节省费用)',
  `ACCOUNT_BANK_ALIAS` varchar(10) CHARACTER SET utf8 COLLATE utf8_bin NOT NULL COMMENT '银行别名(有字典表)',
  `ACCOUNT_GROUP_ID` varchar(64) CHARACTER SET utf8 COLLATE utf8_bin NOT NULL COMMENT '账户组ID',
  `ACCOUNT_AUTO_TYPE` int(11) NOT NULL COMMENT '账户处理方式(1.自动，0手动，用于出款卡的控制)',
  `ACCOUNT_STATUS` int(11) NOT NULL COMMENT '账户状态(1正常，2停用，3冻结，4预警或危险，5已注销)',
  `ACCOUNT_STATUS_INFO` varchar(200) CHARACTER SET utf8 COLLATE utf8_bin DEFAULT NULL COMMENT '账户状态说明(如果改变了状态，可以增加说明描述，以备跟踪原因)',
  `PAYMENT_TYPE` int(11) NOT NULL COMMENT '充提标识(1为收入类账户（收款卡），2为支出类账户（付款卡），0即可收入也可支出，系统暂时无此类账户)',
  `ACCOUNT_TIER` int(11) NOT NULL COMMENT '账户层级(0,充提账户，1中转账户，2资金池账户（资金池账户内部由其它表来具体描述）)',
  `UPDATE_TIME` datetime DEFAULT NULL COMMENT '账户变更状态时间',
  `CREATE_TIME` datetime NOT NULL COMMENT '账户注册时间',
  `CREATED_BY` varchar(32) CHARACTER SET utf8 COLLATE utf8_bin NOT NULL COMMENT '注册人',
  `MODIFIED_BY` varchar(32) CHARACTER SET utf8 COLLATE utf8_bin DEFAULT NULL COMMENT '修改人',
  `BANK_NAME` varchar(30) CHARACTER SET utf8 COLLATE utf8_bin NOT NULL COMMENT '银行全称',
  `EMAIL` varchar(50) CHARACTER SET utf8 COLLATE utf8_bin NOT NULL COMMENT '转账EMAIL',
  `BUSINESS_ID` char(38) CHARACTER SET utf8 COLLATE utf8_bin DEFAULT NULL,
  `INTERVAL_SECONDS` int(11) NOT NULL DEFAULT '30',
  `ALARM_VALUE` varchar(32) DEFAULT NULL,
  PRIMARY KEY (`ACCOUNT_ALIAS`),
  KEY `FC_IA_INDEX13` (`ACCOUNT_NO`,`ACCOUNT_AUTO_TYPE`,`ACCOUNT_STATUS`,`PAYMENT_TYPE`,`ACCOUNT_TIER`,`BUSINESS_ID`)
) ENGINE=InnoDB DEFAULT CHARSET=utf8 COMMENT='卡账户表(只管理内部卡账户，不管理第三方账户)';
/*!40101 SET character_set_client = @saved_cs_client */;

--
-- Dumping data for table `FC_INNERC_ACCOUNT`
--

LOCK TABLES `FC_INNERC_ACCOUNT` WRITE;
/*!40000 ALTER TABLE `FC_INNERC_ACCOUNT` DISABLE KEYS */;
INSERT INTO `FC_INNERC_ACCOUNT` VALUES ('ABC00414','6228480058344799570','徐新丽','中国农业银行','ABC','001',0,1,NULL,2,1,NULL,'2015-02-06 20:59:37','ff8080814b495fa3014b495fa34b0001',NULL,'中国农业银行','fcpay@weststarinc.co','JXC',300,'500000,800000'),('ABC00678','6228480216134379165','汪涛','上海市;上海市','ABC','002',1,1,NULL,2,0,NULL,'2015-02-03 16:08:28','ff8080814b495fa3014b495fa34b0001',NULL,'中国农业银行','fcpay@kingjoy.co','JXC',420,NULL),('ABC00810','6228480323315778916','李小冬','北京;北京市','ABC','001',1,1,NULL,2,1,NULL,'2015-02-03 17:02:58','ff8080814b495fa3014b495fa34b0001',NULL,'中国农业银行','fcpay@kingjoy.co','JXC',420,NULL),('ABC00813','6228480876206782560','崔浩林','北京;北京市','ABC','001',1,1,NULL,2,1,NULL,'2015-02-03 17:02:58','ff8080814b495fa3014b495fa34b0001',NULL,'中国农业银行','fcpay@kingjoy.co','JXC',420,NULL),('ABC20099','6228480216206480263','牟驰','中国农业银行','ABC','001',0,1,NULL,2,1,NULL,'2015-02-06 20:59:37','ff8080814b495fa3014b495fa34b0001',NULL,'中国农业银行','fcpay@weststarinc.co','JXC',300,'500000,800000'),('ABC20219','6228483278547938877','朱世韬','上海市;上海市','ABC','002',1,1,NULL,2,0,NULL,'2015-02-03 16:08:28','ff8080814b495fa3014b495fa34b0001',NULL,'中国农业银行','fcpay@kingjoy.co','JXC',420,NULL),('ABC20381','6228481098539359276','黄存燕','中国农业银行长沙人民路支行','ABC','002',0,1,NULL,2,0,NULL,'2015-02-05 23:01:23','admin',NULL,'中国农业银行','manual@kingjoy.co','JXC',500,'0,0'),('CCB00336','6217002870012179758','王鑫轩','中国建设银行','CCB','001',0,1,NULL,2,1,NULL,'2015-02-06 20:59:37','ff8080814b495fa3014b495fa34b0001',NULL,'中国建设银行','fcpay@weststarinc.co','JXC',300,'500000,800000'),('CCB00487','6217000410002237423','单欣欣','中国建设银行','CCB','001',0,1,NULL,2,1,NULL,'2015-02-06 20:59:37','ff8080814b495fa3014b495fa34b0001',NULL,'中国建设银行','fcpay@weststarinc.co','JXC',300,'500000,800000'),('CCB00644','6217002920112177275','贺玉','上海市;上海市','CCB','002',1,1,NULL,2,0,NULL,'2015-02-03 16:08:28','ff8080814b495fa3014b495fa34b0001',NULL,'中国建设银行','fcpay@kingjoy.co','JXC',800,NULL),('CCB00779','6217004220015382264','曹小攀','上海市;上海市','CCB','002',1,1,NULL,2,0,NULL,'2015-02-03 16:08:28','ff8080814b495fa3014b495fa34b0001',NULL,'中国建设银行','fcpay@kingjoy.co','JXC',800,NULL),('CCB00801','6217000410003365249','郭兵兵','北京;北京市','CCB','001',1,1,NULL,2,1,NULL,'2015-02-03 17:02:59','ff8080814b495fa3014b495fa34b0001',NULL,'中国建设银行','fcpay@kingjoy.co','JXC',800,NULL),('CCB20437','6217002920112404059','李俊华','长沙营盘路支行','CCB','001',0,1,NULL,2,0,NULL,'2015-02-05 23:01:23','admin',NULL,'中国建设银行','manual@kingjoy.co','JXC',500,'0,0'),('CCB20438','6217002920112884714','吉娟','长沙市左家塘支行','CCB','002',0,1,NULL,2,0,NULL,'2015-02-05 23:01:23','admin',NULL,'中国建设银行','manual@kingjoy.co','JXC',500,'0,0'),('CMB00600','6214838900118029','赖成成','招商银行','CMB','001',0,1,NULL,2,1,NULL,'2015-02-06 20:59:37','ff8080814b495fa3014b495fa34b0001',NULL,'招商银行','fcpay@weststarinc.co','JXC',300,'500000,800000'),('CMB00604','6214857310398062','邹海明','招商银行','CMB','001',0,1,NULL,2,1,NULL,'2015-02-06 20:59:37','ff8080814b495fa3014b495fa34b0001',NULL,'招商银行','fcpay@weststarinc.co','JXC',300,'500000,800000'),('CMB00636','6225885866956329','李鹏','招商银行','CMB','001',0,1,NULL,2,1,NULL,'2015-02-06 20:59:37','ff8080814b495fa3014b495fa34b0001',NULL,'招商银行','fcpay@weststarinc.co','JXC',300,'500000,800000'),('CMB01064','6214834710180622','段慧','北京;北京市','CMB','001',1,1,NULL,2,1,NULL,'2015-02-03 17:02:59','ff8080814b495fa3014b495fa34b0001',NULL,'招商银行','fcpay@kingjoy.co','JXC',300,NULL),('CMB01123','6225881226763703','汪雁鸿','北京;北京市','CMB','002',1,1,NULL,2,1,NULL,'2015-02-03 17:02:59','ff8080814b495fa3014b495fa34b0001',NULL,'招商银行','fcpay@kingjoy.co','JXC',300,NULL),('CMB20234','6214830252052906','左永梅','上海市;上海市','CMB','002',1,1,NULL,2,0,NULL,'2015-02-03 16:08:28','ff8080814b495fa3014b495fa34b0001',NULL,'招商银行','fcpay@kingjoy.co','JXC',300,NULL),('CMB20267','6214830293614904','李博','上海市;上海市','CMB','002',1,1,NULL,2,0,NULL,'2015-02-03 16:08:28','ff8080814b495fa3014b495fa34b0001',NULL,'招商银行','fcpay@kingjoy.co','JXC',300,NULL),('CMB20460','6214837311472082','要军花','长沙分行湘府支行','CMB','001',0,1,NULL,2,0,NULL,'2015-02-05 23:01:23','admin',NULL,'招商银行','manual@kingjoy.co','JXC',500,'0,0'),('CMBC00707','6226223001494585','王芳芳','中国民生银行','CMBC','001',0,1,NULL,2,1,NULL,'2015-02-06 20:59:37','ff8080814b495fa3014b495fa34b0001',NULL,'中国民生银行','fcpay@weststarinc.co','JXC',300,'500000,800000'),('CMBC00802','6226172800378301','刘远峰','北京;北京市','CMBC','001',1,1,NULL,2,1,NULL,'2015-02-03 17:02:59','ff8080814b495fa3014b495fa34b0001',NULL,'中国民生银行','fcpay@kingjoy.co','JXC',420,NULL),('CMBC00809','6226220910341477','薛会龙','北京;北京市','CMBC','001',1,1,NULL,2,1,NULL,'2015-02-03 17:02:59','ff8080814b495fa3014b495fa34b0001',NULL,'中国民生银行','fcpay@kingjoy.co','JXC',420,NULL),('CMBC20178','6216911300187700','曹勇','上海市;上海市','CMBC','001',1,1,NULL,2,0,NULL,'2015-02-03 16:08:29','ff8080814b495fa3014b495fa34b0001',NULL,'中国民生银行','fcpay@kingjoy.co','JXC',360,NULL),('CMBC20183','6216910202999865','陈红梅','上海市;上海市','CMBC','001',1,1,NULL,2,0,NULL,'2015-02-03 16:08:29','ff8080814b495fa3014b495fa34b0001',NULL,'中国民生银行','fcpay@kingjoy.co','JXC',360,NULL),('CMBC20203','6226220119019239','黄子益','上海市;上海市','CMBC','001',1,1,NULL,2,0,NULL,'2015-02-03 16:08:29','ff8080814b495fa3014b495fa34b0001',NULL,'中国民生银行','fcpay@kingjoy.co','JXC',360,NULL),('CMBC20204','6216910101373741','张晋博','上海市;上海市','CMBC','001',1,1,NULL,2,0,NULL,'2015-02-03 16:08:28','ff8080814b495fa3014b495fa34b0001',NULL,'中国民生银行','fcpay@kingjoy.co','JXC',360,NULL),('CMBC20255','6226221204635459','张明卿','中国民生银行西安和平路支行','CMBC','001',0,1,NULL,2,0,NULL,'2015-02-05 23:01:22','admin',NULL,'中国民生银行','manual@kingjoy.co','JXC',500,'0,0'),('CMBC20255H','6226221204635459','张明卿','中国民生银行西安和平路支行','CMBC','001',0,1,NULL,2,0,NULL,'2015-02-05 23:17:11','admin',NULL,'中国民生银行','manual@kingjoy.co','JXC',500,'0,0'),('CMBC20256','6216911300059743','管青青','中国民生银行贵阳分行营业部','CMBC','001',0,1,NULL,2,0,NULL,'2015-02-05 23:01:22','admin',NULL,'中国民生银行','manual@kingjoy.co','JXC',500,'0,0'),('CMBC20256H','6216911300059743','管青青','中国民生银行贵阳分行营业部','CMBC','001',0,1,NULL,2,0,NULL,'2015-02-05 23:17:11','admin',NULL,'中国民生银行','manual@kingjoy.co','JXC',500,'0,0'),('CMBC20258','6216910200469887','曾三辉','中国民生银行上海古北支行','CMBC','001',0,1,NULL,2,0,NULL,'2015-02-05 23:01:22','admin',NULL,'中国民生银行','manual@kingjoy.co','JXC',500,'0,0'),('CMBC20258H','6216910200469887','曾三辉','中国民生银行上海古北支行','CMBC','001',0,1,NULL,2,0,NULL,'2015-02-05 23:17:11','admin',NULL,'中国民生银行','manual@kingjoy.co','JXC',500,'0,0'),('CMBC20259','6226197700301475','王木峰','中国民生银行杭州莫干山支行','CMBC','001',0,1,NULL,2,0,NULL,'2015-02-05 23:01:22','admin',NULL,'中国民生银行','manual@kingjoy.co','JXC',500,'0,0'),('CMBC20259H','6226197700301475','王木峰','中国民生银行杭州莫干山支行','CMBC','001',0,1,NULL,2,0,NULL,'2015-02-05 23:17:11','admin',NULL,'中国民生银行','manual@kingjoy.co','JXC',500,'0,0'),('CMBC20260','6216911300059750','马春燕','中国民生银行贵阳分行营业部','CMBC','001',0,1,NULL,2,0,NULL,'2015-02-05 23:01:22','admin',NULL,'中国民生银行','manual@kingjoy.co','JXC',500,'0,0'),('CMBC20261','6226173100848779','李向兵','开户行长沙侯家塘支行','CMBC','002',0,1,NULL,2,0,NULL,'2015-02-05 23:01:22','admin',NULL,'中国民生银行','manual@kingjoy.co','JXC',500,'0,0'),('CMBC20262','6216912900323810','李梅蓉','中国民生银行厦门分行营业部','CMBC','002',0,1,NULL,2,0,NULL,'2015-02-05 23:01:23','admin',NULL,'中国民生银行','manual@kingjoy.co','JXC',500,'0,0'),('CMBC20263','6216912900213144','黄毅杰','中国民生银行厦门东浦支行','CMBC','002',0,1,NULL,2,0,NULL,'2015-02-05 23:01:23','admin',NULL,'中国民生银行','manual@kingjoy.co','JXC',500,'0,0'),('ICBC00621','6212261102005252468','孔露娇','北京;北京市','ICBC','001',1,1,NULL,2,1,NULL,'2015-02-03 17:02:58','ff8080814b495fa3014b495fa34b0001',NULL,'中国工商银行','fcpay@kingjoy.co','JXC',420,NULL),('ICBC00626','6212261702002110112','郝松辉','北京;北京市','ICBC','002',1,1,NULL,2,1,NULL,'2015-02-03 17:02:58','ff8080814b495fa3014b495fa34b0001',NULL,'中国工商银行','fcpay@kingjoy.co','JXC',420,NULL),('ICBC01018','6222084301004394594','朱琴','上海市;上海市','ICBC','002',1,1,NULL,2,0,NULL,'2015-02-03 16:08:28','ff8080814b495fa3014b495fa34b0001',NULL,'中国工商银行','fcpay@kingjoy.co','JXC',420,NULL),('ICBC01048','6215590603000278098','王利梅','中国工商银行','ICBC','001',0,1,NULL,2,1,NULL,'2015-02-06 20:59:37','ff8080814b495fa3014b495fa34b0001',NULL,'中国工商银行','fcpay@weststarinc.co','JXC',300,'500000,800000'),('ICBC01049','6212260602000439896','王毛毛','中国工商银行','ICBC','001',0,1,NULL,2,1,NULL,'2015-02-06 20:59:37','ff8080814b495fa3014b495fa34b0001',NULL,'中国工商银行','fcpay@weststarinc.co','JXC',300,'500000,800000'),('ICBC01063','6212261102007313433','俞海峰','中国工商银行','ICBC','001',0,1,NULL,2,1,NULL,'2015-02-06 20:59:37','ff8080814b495fa3014b495fa34b0001',NULL,'中国工商银行','fcpay@weststarinc.co','JXC',300,'500000,800000'),('ICBC20447','6212262402012261901','马春燕','贵阳艳山红支行','ICBC','002',0,1,NULL,2,0,NULL,'2015-02-05 23:01:23','admin',NULL,'中国工商银行','manual@kingjoy.co','JXC',500,'0,0'),('ICBC20533','6212261102013358687','张婷婷','上海市;上海市','ICBC','002',1,1,NULL,2,0,NULL,'2015-02-03 16:08:28','ff8080814b495fa3014b495fa34b0001',NULL,'中国工商银行','fcpay@kingjoy.co','JXC',420,NULL);
/*!40000 ALTER TABLE `FC_INNERC_ACCOUNT` ENABLE KEYS */;
UNLOCK TABLES;

--
-- Table structure for table `FC_INNERC_ACCOUNT_GROUP`
--

DROP TABLE IF EXISTS `FC_INNERC_ACCOUNT_GROUP`;
/*!40101 SET @saved_cs_client     = @@character_set_client */;
/*!40101 SET character_set_client = utf8 */;
CREATE TABLE `FC_INNERC_ACCOUNT_GROUP` (
  `ACCOUNT_GROUP_ID` char(38) CHARACTER SET utf8 COLLATE utf8_bin NOT NULL COMMENT '账户组ID',
  `BUSINESS_ID` char(38) CHARACTER SET utf8 COLLATE utf8_bin DEFAULT NULL COMMENT '平台编码',
  `ACCOUNT_GROUP_NAME` varchar(30) CHARACTER SET utf8 COLLATE utf8_bin DEFAULT NULL COMMENT '账户组名称',
  `ACCOUNT_GROUP_DESC` varchar(100) CHARACTER SET utf8 COLLATE utf8_bin DEFAULT NULL COMMENT '账户组描述',
  `PARENT_ACCOUNT_GROUP_ID` char(38) CHARACTER SET utf8 COLLATE utf8_bin DEFAULT NULL COMMENT '父账户组ID',
  `BEGIN_TIME` datetime DEFAULT NULL COMMENT '有效开始时间',
  `END_TIME` datetime DEFAULT NULL COMMENT '有效结束时间',
  `ACCOUNT_TIER` int(11) DEFAULT NULL,
  PRIMARY KEY (`ACCOUNT_GROUP_ID`)
) ENGINE=InnoDB DEFAULT CHARSET=utf8 COMMENT='账户组表(每个账户组属于不同的账户类型，同时也属于不同的业务平台)';
/*!40101 SET character_set_client = @saved_cs_client */;

--
-- Dumping data for table `FC_INNERC_ACCOUNT_GROUP`
--

LOCK TABLES `FC_INNERC_ACCOUNT_GROUP` WRITE;
/*!40000 ALTER TABLE `FC_INNERC_ACCOUNT_GROUP` DISABLE KEYS */;
INSERT INTO `FC_INNERC_ACCOUNT_GROUP` VALUES ('001','JXC','JX班次一','JX早班','',NULL,NULL,NULL),('002','JXC','JX班次二','JX晚班','',NULL,NULL,NULL);
/*!40000 ALTER TABLE `FC_INNERC_ACCOUNT_GROUP` ENABLE KEYS */;
UNLOCK TABLES;

--
-- Table structure for table `FC_INNERC_BANK_ACCOUNT_SECURITY`
--

DROP TABLE IF EXISTS `FC_INNERC_BANK_ACCOUNT_SECURITY`;
/*!40101 SET @saved_cs_client     = @@character_set_client */;
/*!40101 SET character_set_client = utf8 */;
CREATE TABLE `FC_INNERC_BANK_ACCOUNT_SECURITY` (
  `ACCOUNT_ALIAS` char(38) CHARACTER SET utf8 COLLATE utf8_bin NOT NULL COMMENT '账户编号(内部用于方便记忆的编号，比如ICBC5, 与平台编号共同确保唯一号，要有规则)',
  `LOGIN_NAME` varchar(50) CHARACTER SET utf8 COLLATE utf8_bin DEFAULT NULL COMMENT '银行登陆名称',
  `LOGIN_PASSWORD` varchar(50) CHARACTER SET utf8 COLLATE utf8_bin DEFAULT NULL COMMENT '银行登陆密码',
  `TRANSACT_PASSWORD` varchar(50) CHARACTER SET utf8 COLLATE utf8_bin DEFAULT NULL COMMENT '银行交易密码',
  `UFLAG` int(11) DEFAULT NULL COMMENT '是否需要U盾(0不需要U盾可以查询，1需要U盾查询，2需要U盾转账)',
  `UNO` varchar(100) CHARACTER SET utf8 COLLATE utf8_bin DEFAULT NULL COMMENT 'U盾编号',
  `UPDATE_TIME` datetime DEFAULT NULL COMMENT '修改时间',
  `ENCRYPT` varchar(50) CHARACTER SET utf8 COLLATE utf8_bin DEFAULT NULL COMMENT '加密算法(密码等需要加密，加密算法不同账号可以不同，不同阶段可以不同)',
  `UD_PASSWORD` varchar(50) CHARACTER SET utf8 COLLATE utf8_bin DEFAULT NULL COMMENT 'U盾密码',
  `BANK_WEB_BROWER_DLL` varchar(50) CHARACTER SET utf8 COLLATE utf8_bin DEFAULT NULL COMMENT '对应的动态库',
  `ENCRYPT_KEY` varchar(100) CHARACTER SET utf8 COLLATE utf8_bin DEFAULT NULL,
  PRIMARY KEY (`ACCOUNT_ALIAS`)
) ENGINE=InnoDB DEFAULT CHARSET=utf8 COMMENT='银行账户安全信息管理表(银行账户安全性管理)';
/*!40101 SET character_set_client = @saved_cs_client */;

--
-- Dumping data for table `FC_INNERC_BANK_ACCOUNT_SECURITY`
--

LOCK TABLES `FC_INNERC_BANK_ACCOUNT_SECURITY` WRITE;
/*!40000 ALTER TABLE `FC_INNERC_BANK_ACCOUNT_SECURITY` DISABLE KEYS */;
INSERT INTO `FC_INNERC_BANK_ACCOUNT_SECURITY` VALUES ('ABC00414','6228480058344799570','avrbN5x6','avrbN5x6',0,'010',NULL,'rc4','avrbN5x6','ccb.dll',NULL),('ABC00678','tao458ang','F6mbZ556emo=','bv7dNpx8',1,'1','2015-02-06 15:19:01','rc4','F6mbZ556emo=','abc.dll',NULL),('ABC00810','dongdongzi4587','F6mbZ556emo=','bv7dNpx8',1,'1','2015-02-06 14:58:22','rc4','F6mbZ556emo=','abc.dll',NULL),('ABC00813','linhaozhu4651','F6mbZ556emo=','bv7dNpx8',1,'1','2015-02-06 15:15:09','rc4','F6mbZ556emo=','abc.dll',NULL),('ABC20099','6228480216206480263','avrbN5x7','avrbN5x7',0,'009',NULL,'rc4','avrbN5x7','ccb.dll',NULL),('ABC20219','zst8923','PaeHb5J8fms=','aPvfMp59',1,'1.0','2015-02-06 20:03:09','rc4','PaeHb5J7f2U=','abc.dll',NULL),('ABC20381','username','LruNccQuIjk=','LruNccQuIjk=',1,'1',NULL,'rc15','ag==','icbc.dll',NULL),('CCB00336','6217002870012179758','avrbN5x5','avrbN5x5',0,'011',NULL,'rc4','avrbN5x5','ccb.dll',NULL),('CCB00487','6217000410002237423','avrbN5x9','avrbN5x9',0,'007',NULL,'rc4','avrbN5x9','ccb.dll',NULL),('CCB00644','rioe342','FqmaaJx8fWk=','FqmaaJx8fWk=',1,'1',NULL,'rc4','FqmaaJx8fWk=','ccb.dll',NULL),('CCB00779','pancx2357','CamGZ517fm4=','CamGZ517fm4=',1,'1',NULL,'rc4','CamGZ517fm4=','ccb.dll',NULL),('CCB00801','uuuio562','KruLZZJ6fW8=','KruLZZJ6fW8=',1,'1',NULL,'rc4','KruLZZJ6fW8=','ccb.dll',NULL),('CCB20437','username','LruNccQuIjk=','LruNccQuIjk=',1,'1',NULL,'rc13','ag==','icbc.dll',NULL),('CCB20438','username','LruNccQuIjk=','LruNccQuIjk=',1,'1',NULL,'rc14','ag==','icbc.dll',NULL),('CMB00600','6214838900118029','avrbN594','avrbN594',0,'002',NULL,'rc4','avrbN594','ccb.dll',NULL),('CMB00604','6214857310398062','avrbN595','avrbN595',0,'001',NULL,'rc4','avrbN595','ccb.dll',NULL),('CMB00636','6225885866956329','avrbN593','avrbN593',0,'003',NULL,'rc4','avrbN593','ccb.dll',NULL),('CMB01064','6214834710180622','A6GJbJJ2emo=','afjZMJh9',1,'1',NULL,'rc4','A6GJbJJ2emo=','cmb.dll',NULL),('CMB01123','6225881226763703','OaSdZpp6fWs=','avzYNph4',1,'1',NULL,'rc4','OaSdZpp6fWs=','cmb.dll',NULL),('CMB20234','6214830252052906','OaeHaJh2f2o=','bP3ZOp98',1,'1',NULL,'rc4','OaeHaJh2f2o=','cmb.dll',NULL),('CMB20267','6214830293614904','OaeMep98d24=','Y/3bMph4',1,'1',NULL,'rc4','OaeMep98d24=','cmb.dll',NULL),('CMB20460','username','LruNccQuIjk=','LruNccQuIjk=',1,'1',NULL,'rc16','ag==','icbc.dll',NULL),('CMBC00707','6226223001494585','avrbN5x8','avrbN5x8',0,'008',NULL,'rc4','avrbN5x8','ccb.dll',NULL),('CMBC00802','yuanfengminsheng','OruMZZ17fmw=','OruMZZ17fmw=',1,'1',NULL,'rc4','OruMZZ17fmw=','cmbc.dll',NULL),('CMBC00809','1507615417','N62Qdtl8emw=','OaSdZpp6fWs=',1,'1',NULL,'rc4','OaSdZpp6fWs=','cmbc.dll',NULL),('CMBC20178','1511961731','P72cep14f2w=','P72cep14f2w=',1,'1',NULL,'rc4','P72cep14f2w=','cmbc.dll',NULL),('CMBC20183','1511805054','Oa2NcZN3eWk=','Oa2NcZN3eWk=',1,'1',NULL,'rc4','Oa2NcZN3eWk=','cmbc.dll',NULL),('CMBC20203','1509946267','MbySa5N9fGU=','MbySa5N9fGU=',1,'1',NULL,'rc4','MbySa5N9fGU=','cmbc.dll',NULL),('CMBC20204','1509945123','MbySa5l4e20=','MbySa5l4e20=',1,'1',NULL,'rc4','MbySa5l4e20=','cmbc.dll',NULL),('CMBC20255','username','LruNccQuIjk=','LruNccQuIjk=',1,'1',NULL,'rc4','ag==','icbc.dll',NULL),('CMBC20255H','username','LruNccQuIjk=','LruNccQuIjk=',1,'1',NULL,'rc4','ag==','icbc.dll',NULL),('CMBC20256','username','LruNccQuIjk=','LruNccQuIjk=',1,'1',NULL,'rc5','ag==','icbc.dll',NULL),('CMBC20256H','username','LruNccQuIjk=','LruNccQuIjk=',1,'1',NULL,'rc5','ag==','icbc.dll',NULL),('CMBC20258','username','LruNccQuIjk=','LruNccQuIjk=',1,'1',NULL,'rc6','ag==','icbc.dll',NULL),('CMBC20258H','username','LruNccQuIjk=','LruNccQuIjk=',1,'1',NULL,'rc6','ag==','icbc.dll',NULL),('CMBC20259','username','LruNccQuIjk=','LruNccQuIjk=',1,'1',NULL,'rc7','ag==','icbc.dll',NULL),('CMBC20259H','username','LruNccQuIjk=','LruNccQuIjk=',1,'1',NULL,'rc7','ag==','icbc.dll',NULL),('CMBC20260','username','LruNccQuIjk=','LruNccQuIjk=',1,'1',NULL,'rc8','ag==','icbc.dll',NULL),('CMBC20261','username','LruNccQuIjk=','LruNccQuIjk=',1,'1',NULL,'rc9','ag==','icbc.dll',NULL),('CMBC20262','username','LruNccQuIjk=','LruNccQuIjk=',1,'1',NULL,'rc10','ag==','icbc.dll',NULL),('CMBC20263','username','LruNccQuIjk=','LruNccQuIjk=',1,'1',NULL,'rc11','ag==','icbc.dll',NULL),('ICBC00621','jiaojiaong4619','F6mbZ516fG4=','KLyJcZ93fQ==',1,'1',NULL,'rc4','KLyJcZ93fQ==','icbc.dll',NULL),('ICBC00626','Haohui247','D7uAbN57emrI','PaGaZp96eQ==',1,'1',NULL,'rc4','PaGaZp96eQ==','icbc.dll',NULL),('ICBC01018','Piano789','F72LaNN4d2U=','KKWBb894d2U=',1,'1',NULL,'rc4','KKWBb894d2U=','icbc.dll',NULL),('ICBC01048','6215590603000278098','avrbN5x/','avrbN5x/',0,'005',NULL,'rc4','avrbN5x/','ccb.dll',NULL),('ICBC01049','6212260602000439896','avrbN5x+','avrbN5x+',0,'006',NULL,'rc4','avrbN5x+','ccb.dll',NULL),('ICBC01063','6212261102007313433','avrbN592','avrbN592',0,'004',NULL,'rc4','avrbN592','ccb.dll',NULL),('ICBC20447','username','LruNccQuIjk=','LruNccQuIjk=',1,'1',NULL,'rc12','ag==','icbc.dll',NULL),('ICBC20533','ztt2154','P6efbZ97d2s=','P6efbZ9+fWw=',1,'1',NULL,'rc4','P6efbZ9+fWw=','icbc.dll',NULL);
/*!40000 ALTER TABLE `FC_INNERC_BANK_ACCOUNT_SECURITY` ENABLE KEYS */;
UNLOCK TABLES;

--
-- Table structure for table `FC_INNERC_BANK_INFO`
--

DROP TABLE IF EXISTS `FC_INNERC_BANK_INFO`;
/*!40101 SET @saved_cs_client     = @@character_set_client */;
/*!40101 SET character_set_client = utf8 */;
CREATE TABLE `FC_INNERC_BANK_INFO` (
  `BANK_ALIAS` varchar(10) CHARACTER SET utf8 COLLATE utf8_bin NOT NULL COMMENT '银行别名',
  `BANK_NAME` varchar(30) CHARACTER SET utf8 COLLATE utf8_bin NOT NULL COMMENT '银行全称',
  `INTER_BANK_BANLANCE` varchar(10) CHARACTER SET utf8 COLLATE utf8_bin DEFAULT NULL,
  `SAME_BANK_BANLANCE` varchar(10) CHARACTER SET utf8 COLLATE utf8_bin DEFAULT NULL,
  PRIMARY KEY (`BANK_ALIAS`)
) ENGINE=InnoDB DEFAULT CHARSET=utf8 COMMENT='银行简码字典表(银行简码字典)';
/*!40101 SET character_set_client = @saved_cs_client */;

--
-- Dumping data for table `FC_INNERC_BANK_INFO`
--

LOCK TABLES `FC_INNERC_BANK_INFO` WRITE;
/*!40000 ALTER TABLE `FC_INNERC_BANK_INFO` DISABLE KEYS */;
INSERT INTO `FC_INNERC_BANK_INFO` VALUES ('ABC','中国农业银行','1,2','1,2'),('CCB','中国建设银行','2,3','2,3'),('CMB','招商银行','1,2','1,2'),('CMBC','中国民生银行','1,2','1,2'),('ICBC','中国工商银行','1,2','1,2'),('TCCB','天津银行','1,2','1,2');
/*!40000 ALTER TABLE `FC_INNERC_BANK_INFO` ENABLE KEYS */;
UNLOCK TABLES;

--
-- Table structure for table `FC_SYS_BRANCH`
--

DROP TABLE IF EXISTS `FC_SYS_BRANCH`;
/*!40101 SET @saved_cs_client     = @@character_set_client */;
/*!40101 SET character_set_client = utf8 */;
CREATE TABLE `FC_SYS_BRANCH` (
  `BRANCH_ID` char(38) CHARACTER SET utf8 COLLATE utf8_bin NOT NULL COMMENT '机构ID(按层级编码，三位一级，100开头，顺序递增，有系统自动控制)',
  `BRANCH_NAME` varchar(100) CHARACTER SET utf8 COLLATE utf8_bin NOT NULL COMMENT '机构名称',
  `BRANCH_DESC` varchar(200) CHARACTER SET utf8 COLLATE utf8_bin DEFAULT NULL COMMENT '机构描述',
  `BRANCH_MANAGER` varchar(50) CHARACTER SET utf8 COLLATE utf8_bin DEFAULT NULL COMMENT '机构负责人',
  `MOBILE` varchar(20) CHARACTER SET utf8 COLLATE utf8_bin DEFAULT NULL COMMENT '机构负责人电话',
  `BEGIN_TIME` datetime DEFAULT NULL COMMENT '有效开始时间',
  `END_TIME` datetime DEFAULT NULL COMMENT '有效截止时间',
  `PARENT_ID` char(38) CHARACTER SET utf8 COLLATE utf8_bin NOT NULL COMMENT '机构上一级ID',
  `LEAF_FLAG` int(1) NOT NULL COMMENT '是否叶子节点，1是，0不是',
  `BRANCH_SEQ` int(11) NOT NULL COMMENT '同级机构顺序',
  `LEVEL` int(11) NOT NULL COMMENT '层级',
  PRIMARY KEY (`BRANCH_ID`)
) ENGINE=InnoDB DEFAULT CHARSET=utf8 COMMENT='机构表(机构表)';
/*!40101 SET character_set_client = @saved_cs_client */;

--
-- Dumping data for table `FC_SYS_BRANCH`
--

LOCK TABLES `FC_SYS_BRANCH` WRITE;
/*!40000 ALTER TABLE `FC_SYS_BRANCH` DISABLE KEYS */;
INSERT INTO `FC_SYS_BRANCH` VALUES ('100','集团','根节点','mm','123123','2008-11-11 00:00:00','2015-11-11 00:00:00','100',0,100,0),('100100','作业中心1','作业中心1','作业中心1','02986355','2015-02-02 08:00:00','2015-02-02 08:00:00','100',0,0,1),('100100100','风控作业中心','风控作业中心','admin','09052321412','2015-02-02 08:00:00','2015-02-02 08:00:00','100100',0,0,2),('100100100100','JX风控作业中心','JX风控作业中心','JX','0905123456','2015-02-02 08:00:00','2015-02-02 08:00:00','100100100',1,0,3),('100100200','结算作业中心','结算作业中心','admin','09052321450','2015-02-02 08:00:00','2015-02-02 08:00:00','100100',0,0,2),('100100200100','JX结算作业中心','JX结算作业中心','admin','0905123456','2015-02-02 08:00:00','2015-02-02 08:00:00','100100200',1,0,3),('100100300','资管作业中心','资管作业中心','admin','09052314562','2015-02-02 08:00:00','2015-02-02 08:00:00','100100',0,0,2),('100100300100','JX资管作业中心','JX资管作业中心','admin','0905123456','2015-02-02 08:00:00','2015-02-02 08:00:00','100100300',1,0,3),('100200','作业中心2','作业中心2','作业中心2','0698654555','2008-11-11 08:00:00','2008-11-11 08:00:00','100',0,0,1),('100200100','test111','','test111','test111',NULL,NULL,'100',0,0,2),('100300','系统管理组','系统管理组','系统管理组','','2015-02-03 08:00:00','2015-02-03 08:00:00','100',1,0,1);
/*!40000 ALTER TABLE `FC_SYS_BRANCH` ENABLE KEYS */;
UNLOCK TABLES;

--
-- Table structure for table `FC_SYS_BUSINESS`
--

DROP TABLE IF EXISTS `FC_SYS_BUSINESS`;
/*!40101 SET @saved_cs_client     = @@character_set_client */;
/*!40101 SET character_set_client = utf8 */;
CREATE TABLE `FC_SYS_BUSINESS` (
  `BUSINESS_ID` char(38) CHARACTER SET utf8 COLLATE utf8_bin NOT NULL COMMENT '平台编码',
  `BUSINESS_NAME` varchar(100) CHARACTER SET utf8 COLLATE utf8_bin NOT NULL,
  `BUSINESS_DESC` varchar(100) CHARACTER SET utf8 COLLATE utf8_bin DEFAULT NULL,
  `BUSINESS_MANAGER` varchar(100) CHARACTER SET utf8 COLLATE utf8_bin NOT NULL,
  `BUSINESS_MOBILE` varchar(100) CHARACTER SET utf8 COLLATE utf8_bin DEFAULT NULL,
  `BUSINESS_SEQ` int(11) NOT NULL,
  `BEGIN_TIME` datetime DEFAULT NULL,
  `END_TIME` datetime DEFAULT NULL,
  `STATUS` int(11) NOT NULL,
  `BUSINESS_DATA_PERMISSION` int(11) NOT NULL COMMENT '系统分配值，从1,2,4,8,16,32.。。。。',
  `BUSINESS_SYSKEY` varchar(64) CHARACTER SET utf8 COLLATE utf8_bin DEFAULT NULL,
  `BUSINESS_IPADDRESS` varchar(128) CHARACTER SET utf8 COLLATE utf8_bin DEFAULT NULL,
  `BUSINESS_IFACE` varchar(40) CHARACTER SET utf8 COLLATE utf8_bin DEFAULT NULL,
  PRIMARY KEY (`BUSINESS_ID`)
) ENGINE=InnoDB DEFAULT CHARSET=utf8 COMMENT='业务平台表';
/*!40101 SET character_set_client = @saved_cs_client */;

--
-- Dumping data for table `FC_SYS_BUSINESS`
--

LOCK TABLES `FC_SYS_BUSINESS` WRITE;
/*!40000 ALTER TABLE `FC_SYS_BUSINESS` DISABLE KEYS */;
INSERT INTO `FC_SYS_BUSINESS` VALUES ('JXC','吉祥彩','吉祥彩','super','0975656565',2,NULL,NULL,1,1,'Onqi6CQo4Wv2qiJD3vhnS06qACKZNuZvle2JkM9VJAIpiVLk5xUua38xrg37w8Hl','http://127.0.0.1:8080/iface/sim/g2p','1,2,3,4');
/*!40000 ALTER TABLE `FC_SYS_BUSINESS` ENABLE KEYS */;
UNLOCK TABLES;

--
-- Table structure for table `FC_SYS_MENU`
--

DROP TABLE IF EXISTS `FC_SYS_MENU`;
/*!40101 SET @saved_cs_client     = @@character_set_client */;
/*!40101 SET character_set_client = utf8 */;
CREATE TABLE `FC_SYS_MENU` (
  `MENU_ID` int(11) NOT NULL COMMENT '菜单ID',
  `MENU_NAME` varchar(100) CHARACTER SET utf8 COLLATE utf8_bin NOT NULL COMMENT '菜单名称',
  `MENU_DESC` varchar(200) CHARACTER SET utf8 COLLATE utf8_bin DEFAULT NULL COMMENT '菜单描述',
  `MENU_SEQ` int(11) NOT NULL DEFAULT '0' COMMENT '菜单顺序',
  `MENU_URL` varchar(200) CHARACTER SET utf8 COLLATE utf8_bin NOT NULL COMMENT '菜单地址',
  `PARENT_ID` int(11) NOT NULL COMMENT '上级菜单ID',
  `LEAF_FLAG` int(11) NOT NULL COMMENT '是否叶子节点',
  `LEVEL` int(11) NOT NULL COMMENT '层级',
  `ICON` varchar(50) CHARACTER SET utf8 COLLATE utf8_bin DEFAULT NULL,
  PRIMARY KEY (`MENU_ID`)
) ENGINE=InnoDB DEFAULT CHARSET=utf8 COMMENT='菜单表(菜单表)';
/*!40101 SET character_set_client = @saved_cs_client */;

--
-- Dumping data for table `FC_SYS_MENU`
--

LOCK TABLES `FC_SYS_MENU` WRITE;
/*!40000 ALTER TABLE `FC_SYS_MENU` DISABLE KEYS */;
INSERT INTO `FC_SYS_MENU` VALUES (100,'系统管理','',1,'#',0,0,0,'icon-settings'),(200,'内部帐管理','',2,'#',0,0,0,'icon-puzzle'),(300,'放款功能','',5,'#',0,0,0,'glyphicon glyphicon-log-out'),(400,'充值管理','',3,'#',0,0,0,'glyphicon glyphicon-usd'),(500,'审批管理','',4,'#',0,0,0,'glyphicon glyphicon-list-alt'),(600,'验证码录入','',6,'#',0,0,0,'icon-cursor'),(700,'交接班管理',NULL,7,'#',0,0,0,'glyphicon glyphicon-calendar'),(800,'通知管理',NULL,8,'#',0,0,0,'icon-feed'),(900,'放款功能测试','',9,'#',0,0,0,'glyphicon glyphicon-sort'),(1000,'监控管理',NULL,10,'#',0,0,0,' icon-eye'),(1001,'用户管理','',1,'admin/users.html',100,1,0,'glyphicon glyphicon-minus'),(1002,'角色管理','',2,'admin/role.html',100,1,0,'glyphicon glyphicon-minus'),(1003,'用户角色查询','',3,'admin/userrole.html',100,1,0,'glyphicon glyphicon-minus'),(1004,'菜单管理','',4,'admin/menu.html',100,1,0,'glyphicon glyphicon-minus'),(1005,'角色菜单管理','',5,'admin/rolemenu.html',100,1,0,'glyphicon glyphicon-minus'),(1006,'机构管理','',6,'admin/organization.html',100,1,0,'glyphicon glyphicon-minus'),(1007,'平台类型管理','',7,'admin/business.html',100,1,0,'glyphicon glyphicon-minus'),(1008,'系统参数类型管理','',8,'admin/parameterType.html',100,1,0,'glyphicon glyphicon-tasks'),(1009,'系统参数表管理','',9,'admin/parameter.html',100,1,0,'glyphicon glyphicon-tasks'),(2001,'中转账户管理','',0,'inneraccount/inaccount.html',200,1,0,'glyphicon glyphicon-minus'),(2002,'充提账户管理','',0,'inneraccount/outaccount.html',200,1,0,'glyphicon glyphicon-minus'),(2003,'作业班次管理','',0,'inneraccount/groupinaccount.html',200,1,0,'glyphicon glyphicon-minus'),(2004,'银行信息管理','',0,'inneraccount/bankInfo.html',200,1,0,'glyphicon glyphicon-minus'),(2005,'账户卡安装管理','',0,'inneraccount/accountbind.html',200,1,0,'glyphicon glyphicon-minus'),(3001,'Secondary Account Manual Loan','',3,'withdraw/en/wd_loan_manual_en.html',300,1,0,'glyphicon glyphicon-minus'),(3002,'中转账户自动放款','',1,'withdraw/wd_loan_auto.html',300,1,0,'glyphicon glyphicon-minus'),(3003,'出款账户自动出款','',4,'withdraw/wd_transit_auto.html',300,1,0,'glyphicon glyphicon-minus'),(3004,'Manual Withdrawal Account','',6,'withdraw/en/wd_transit_manual_en.html',300,1,0,'glyphicon glyphicon-minus'),(3005,'出款账户异常处理','',5,'withdraw/wd_transit_exception.html',300,1,0,'glyphicon glyphicon-minus'),(3006,'中转账户异常处理','',2,'withdraw/wd_loan_exception.html',300,1,0,'glyphicon glyphicon-minus'),(4001,'人工勾兑','',1,'payment/checkrecord.html',400,1,0,'glyphicon glyphicon-minus'),(4002,'充值异常处理查询','',0,'payment/errorRecord.html',400,1,0,'glyphicon glyphicon-minus'),(4003,'勾兑异常挂起处理','',2,'payment/exceptioncheckrecord.html',400,1,0,'glyphicon glyphicon-minus'),(4004,'勾兑仲裁','',3,'payment/arbitrationcheckrecord.html',400,1,0,'glyphicon glyphicon-minus'),(4005,'交易明细查询','',4,'payment/banktransflowdetail.html',400,1,0,'glyphicon glyphicon-minus'),(4006,'申请明细查询','',5,'payment/loadapplydetail.html',400,1,0,'glyphicon glyphicon-minus'),(4007,'登记充值异常',NULL,6,'payment/errorRecordAdd.html',400,1,0,'glyphicon glyphicon-minus'),(4008,'充值上分',NULL,7,'baffle/fcwithdrawdeposit.html',400,1,0,'glyphicon glyphicon-minus'),(4009,'充值提现',NULL,8,'baffle/fcwithdrawapply.html',400,1,0,'glyphicon glyphicon-minus'),(4010,'提现放款',NULL,9,'baffle/fcwithdrawloandetail.html',400,1,0,'glyphicon glyphicon-minus'),(4011,'提现出款',NULL,10,'baffle/fcwithdrawtransitdetail.html',400,1,0,'glyphicon glyphicon-minus'),(5004,'风控初审','',0,'risk/firstreview_each.html',500,1,0,'glyphicon glyphicon-minus'),(5005,'风控复审','',0,'risk/secondreview_each.html',500,1,0,'glyphicon glyphicon-minus'),(5006,'风控一级特批','',0,'risk/specialreview_each.html',500,1,0,'glyphicon glyphicon-minus'),(5007,'风控任务分配',NULL,0,'risk/missionallot.html',500,1,0,'glyphicon glyphicon-minus'),(5008,'充值到账审核','',0,'risk/riskfinance_each.html',500,1,0,'glyphicon glyphicon-minus'),(5009,'任务分配配置','',0,'risk/configallot.html',500,1,0,'glyphicon glyphicon-minus'),(5010,'风控二级特批','',0,'risk/specialreview_each2.html',500,1,0,'glyphicon glyphicon-minus'),(5011,'提现申请查询','',0,'risk/fcwidthdrawapply.html',500,1,0,'glyphicon glyphicon-ok'),(6001,'验证码录入','',1,'imgverify/imgverify.html',600,1,0,'glyphicon glyphicon-minus'),(7001,'中转账户交接切换',NULL,0,'shift/innershift.html',700,1,0,'glyphicon glyphicon-minus'),(7002,'签到表','',0,'shift/signRecord.html',700,1,0,'glyphicon glyphicon-minus'),(7003,'平台交易明细查询',NULL,0,'shift/queryPlatformTrans.html',700,1,0,'glyphicon glyphicon-minus'),(7004,'银行交易明细查询',NULL,0,'shift/queryBankTrans.html',700,1,0,'glyphicon glyphicon-minus'),(7005,'中转账户签退审核',NULL,0,'shift/inaudit.html',700,1,0,'glyphicon glyphicon-minus'),(7006,'充提账户签退审核',NULL,0,'shift/outaudit.html',700,1,0,'glyphicon glyphicon-minus'),(7007,'充提账户交接切换',NULL,0,'shift/outershift.html',700,1,0,'glyphicon glyphicon-minus'),(8001,'通知內文管理',NULL,0,'notice/notice.html',800,1,0,'glyphicon glyphicon-minus'),(8002,'通知类別管理',NULL,0,'notice/noticeType.html',800,1,0,'glyphicon glyphicon-minus'),(8003,'通知訊息',NULL,0,'notice/noticeMore.html',800,1,0,'glyphicon glyphicon-minus'),(9001,'放款记录','',1,'baffle/fcwithdrawloanrecord.html',900,0,0,'glyphicon glyphicon-minus'),(9002,'出款记录','',2,'baffle/fcwithdrawtransitrecord.html',900,0,0,'glyphicon glyphicon-minus'),(9003,'活动账户汇总',NULL,3,'baffle/fcshiftaccountdetail.html',900,0,0,'glyphicon glyphicon-minus'),(9004,'当前活动账户',NULL,4,'baffle/fcshiftactiveaccount.html',900,0,0,'glyphicon glyphicon-minus'),(9005,'提现申请',NULL,5,'baffle/fcwithdrawapply_baffle.html',900,0,0,'glyphicon glyphicon-minus'),(10001,'卡交易监控台',NULL,0,'monitor/monitortradproc.html',1000,1,0,' icon-credit-card'),(10002,'助手监控','',1,'inneraccount/monitoraccount.html',1000,1,0,'glyphicon glyphicon-link'),(10003,'放款流程监控','',1,'monitor/processmonitor_withdraw.html',1000,1,0,'glyphicon glyphicon-link'),(10004,'风控流程监控','',0,'monitor/processmonitor_risk.html',1000,1,0,'glyphicon glyphicon-fast-forward'),(10005,'卡资金监控','',0,'monitor/inaccountactive.html',1000,1,0,'glyphicon glyphicon-link');
/*!40000 ALTER TABLE `FC_SYS_MENU` ENABLE KEYS */;
UNLOCK TABLES;

--
-- Table structure for table `FC_SYS_PARAMETER`
--

DROP TABLE IF EXISTS `FC_SYS_PARAMETER`;
/*!40101 SET @saved_cs_client     = @@character_set_client */;
/*!40101 SET character_set_client = utf8 */;
CREATE TABLE `FC_SYS_PARAMETER` (
  `PARAMETER_ID` char(38) CHARACTER SET utf8 COLLATE utf8_bin NOT NULL COMMENT '参数ID',
  `PARAMETER_TYPE_ID` char(38) CHARACTER SET utf8 COLLATE utf8_bin DEFAULT NULL COMMENT '参数类型ID',
  `PARAMETER_MODEL` varchar(100) CHARACTER SET utf8 COLLATE utf8_bin NOT NULL COMMENT '充值，提现等（load,withdraw,admin,process)',
  `PARAMETER_CODE` varchar(20) CHARACTER SET utf8 COLLATE utf8_bin NOT NULL,
  `PARAMETER_NAME` varchar(100) CHARACTER SET utf8 COLLATE utf8_bin NOT NULL,
  `PARAMETER_VALUE` varchar(50) CHARACTER SET utf8 COLLATE utf8_bin NOT NULL,
  `PARAMETER_VALUE_TYPE` int(11) NOT NULL COMMENT '1字符2整数3时间',
  `CREATED_TIME` datetime NOT NULL,
  `OPERATOR` char(38) CHARACTER SET utf8 COLLATE utf8_bin NOT NULL,
  `UPDATED_TIME` datetime DEFAULT NULL,
  `UPDATOR` char(38) CHARACTER SET utf8 COLLATE utf8_bin DEFAULT NULL,
  `REMARK` varchar(100) CHARACTER SET utf8 COLLATE utf8_bin DEFAULT NULL,
  PRIMARY KEY (`PARAMETER_ID`)
) ENGINE=InnoDB DEFAULT CHARSET=utf8 COMMENT='系统参数表';
/*!40101 SET character_set_client = @saved_cs_client */;

--
-- Dumping data for table `FC_SYS_PARAMETER`
--

LOCK TABLES `FC_SYS_PARAMETER` WRITE;
/*!40000 ALTER TABLE `FC_SYS_PARAMETER` DISABLE KEYS */;
/*!40000 ALTER TABLE `FC_SYS_PARAMETER` ENABLE KEYS */;
UNLOCK TABLES;

--
-- Table structure for table `FC_SYS_PARAMETER_TYPE`
--

DROP TABLE IF EXISTS `FC_SYS_PARAMETER_TYPE`;
/*!40101 SET @saved_cs_client     = @@character_set_client */;
/*!40101 SET character_set_client = utf8 */;
CREATE TABLE `FC_SYS_PARAMETER_TYPE` (
  `PARAMETER_TYPE_ID` char(38) CHARACTER SET utf8 COLLATE utf8_bin NOT NULL COMMENT '参数ID',
  `PARAMETER_TYPE_NAME` varchar(10) CHARACTER SET utf8 COLLATE utf8_bin NOT NULL COMMENT '1技术参数，2业务参数，3流程参数',
  `CREATED_TIME` datetime NOT NULL,
  `OPERATOR` char(38) CHARACTER SET utf8 COLLATE utf8_bin NOT NULL,
  `UPDATED_TIME` datetime DEFAULT NULL,
  `UPDATOR` char(38) CHARACTER SET utf8 COLLATE utf8_bin DEFAULT NULL,
  `REMARK` varchar(100) CHARACTER SET utf8 COLLATE utf8_bin DEFAULT NULL,
  PRIMARY KEY (`PARAMETER_TYPE_ID`)
) ENGINE=InnoDB DEFAULT CHARSET=utf8 COMMENT='系统参数类型';
/*!40101 SET character_set_client = @saved_cs_client */;

--
-- Dumping data for table `FC_SYS_PARAMETER_TYPE`
--

LOCK TABLES `FC_SYS_PARAMETER_TYPE` WRITE;
/*!40000 ALTER TABLE `FC_SYS_PARAMETER_TYPE` DISABLE KEYS */;
INSERT INTO `FC_SYS_PARAMETER_TYPE` VALUES ('ff8080814b5d80df014b5e54fa8f0238','业务参数','2015-02-06 18:00:02','fcpayadmin','2015-02-06 18:00:02','fcpayadmin','');
/*!40000 ALTER TABLE `FC_SYS_PARAMETER_TYPE` ENABLE KEYS */;
UNLOCK TABLES;

--
-- Table structure for table `FC_SYS_ROLE`
--

DROP TABLE IF EXISTS `FC_SYS_ROLE`;
/*!40101 SET @saved_cs_client     = @@character_set_client */;
/*!40101 SET character_set_client = utf8 */;
CREATE TABLE `FC_SYS_ROLE` (
  `ROLE_ID` char(38) CHARACTER SET utf8 COLLATE utf8_bin NOT NULL COMMENT '角色ID',
  `ROLE_NAME` varchar(50) CHARACTER SET utf8 COLLATE utf8_bin NOT NULL COMMENT '角色名称',
  `ROLE_DESC` varchar(100) CHARACTER SET utf8 COLLATE utf8_bin DEFAULT NULL COMMENT '角色权限描述',
  `STATUS` int(11) NOT NULL COMMENT '角色状态',
  `ROLE_ICON` varchar(100) CHARACTER SET utf8 COLLATE utf8_bin DEFAULT NULL,
  `PROCESS_ROLE` varchar(50) CHARACTER SET utf8 COLLATE utf8_bin DEFAULT NULL,
  `ROLE_TYPE` char(1) CHARACTER SET utf8 COLLATE utf8_bin NOT NULL,
  `IS_ACCOUNT_ROLE` char(1) CHARACTER SET utf8 COLLATE utf8_bin DEFAULT NULL,
  PRIMARY KEY (`ROLE_ID`)
) ENGINE=InnoDB DEFAULT CHARSET=utf8 COMMENT='角色表(角色表)';
/*!40101 SET character_set_client = @saved_cs_client */;

--
-- Dumping data for table `FC_SYS_ROLE`
--

LOCK TABLES `FC_SYS_ROLE` WRITE;
/*!40000 ALTER TABLE `FC_SYS_ROLE` DISABLE KEYS */;
INSERT INTO `FC_SYS_ROLE` VALUES ('admin','admin','admin',0,'','','1',''),('ff8080814b495fa3014b4b1e4b0a0006','资金监控','',1,'','','1',''),('ff8080814b495fa3014b4b1ed88e0007','风控管理','',1,'','','1',''),('ff8080814b495fa3014b4b1f2ac20008','风控任务分配','',1,'','','1',''),('ff8080814b495fa3014b4b2170f70009','交接班','',1,'','','1',''),('ff8080814b495fa3014b4b21b6e2000a','验证码录入','',1,'','录入','0',''),('ff8080814b495fa3014b4b21eaa2000b','平台管理员','',1,'','','1',''),('ff8080814b495fa3014b4b2290cd000c','提现流程监控','',1,'','','1',''),('ff8080814b495fa3014b4b239514000d','账户管理','',1,'','','1',''),('ff8080814b495fa3014b4b23c7cb000e','助手监控','',1,'','','1',''),('ff8080814b495fa3014b4b243c0b000f','充值到账审核','',1,'','财务审核','0',''),('ff8080814b495fa3014b4b25b4990010','风控复审','',1,'','风控复审','0',''),('ff8080814b495fa3014b4b2625d10011','风控初审','',1,'','风控初审','0',''),('ff8080814b495fa3014b4b2666e90012','风控一级特批','',1,'','风控一级特审','0',''),('ff8080814b495fa3014b4b2688b50013','风控二级特批','',1,'','风控二级特审','0',''),('ff8080814b495fa3014b4b26c4db0014','Secondary Account Manual Loan','',1,'','人工放款','0','1'),('ff8080814b495fa3014b4b26f8b20015','中转账户异常处理','',1,'','异常放款 ','0',''),('ff8080814b495fa3014b4b2723270016','中转账户自动放款','',1,'','半自动放款   ','0',''),('ff8080814b495fa3014b4b27553b0017','Manual Withdrawal Account','',1,'','人工出款    ','0','0'),('ff8080814b495fa3014b4b277b610018','出款账户异常处理','',1,'','异常出款','0',''),('ff8080814b495fa3014b4b279ff20019','出款账户自动出款','',1,'','半自动出款','0',''),('ff8080814b5d80df014b5e5d56ec023c','签到管理','',1,'','签到管理','1','');
/*!40000 ALTER TABLE `FC_SYS_ROLE` ENABLE KEYS */;
UNLOCK TABLES;

--
-- Table structure for table `FC_SYS_ROLE_MENU`
--

DROP TABLE IF EXISTS `FC_SYS_ROLE_MENU`;
/*!40101 SET @saved_cs_client     = @@character_set_client */;
/*!40101 SET character_set_client = utf8 */;
CREATE TABLE `FC_SYS_ROLE_MENU` (
  `ID` char(38) CHARACTER SET utf8 COLLATE utf8_bin NOT NULL COMMENT '角色权限表ID',
  `MENU_ID` int(11) DEFAULT NULL COMMENT '菜单ID',
  `ROLE_ID` char(38) CHARACTER SET utf8 COLLATE utf8_bin DEFAULT NULL COMMENT '角色ID',
  `STATUS` int(11) NOT NULL COMMENT '状态，采用统一状态字典',
  PRIMARY KEY (`ID`)
) ENGINE=InnoDB DEFAULT CHARSET=utf8 COMMENT='角色权限表(角色权限表)';
/*!40101 SET character_set_client = @saved_cs_client */;

--
-- Dumping data for table `FC_SYS_ROLE_MENU`
--

LOCK TABLES `FC_SYS_ROLE_MENU` WRITE;
/*!40000 ALTER TABLE `FC_SYS_ROLE_MENU` DISABLE KEYS */;
INSERT INTO `FC_SYS_ROLE_MENU` VALUES ('100',100,'admin',1),('1000',1000,'admin',1),('10001',10001,'admin',1),('10002',10002,'admin',1),('10003',10003,'admin',1),('10004',10004,'admin',1),('10005',10005,'admin',1),('1001',1001,'admin',1),('1002',1002,'admin',1),('1003',1003,'admin',1),('1004',1004,'admin',1),('1005',1005,'admin',1),('1006',1006,'admin',1),('1007',1007,'admin',1),('1008',1008,'admin',1),('1009',1009,'admin',1),('200',200,'admin',1),('2001',2001,'admin',1),('2002',2002,'admin',1),('2003',2003,'admin',1),('2004',2004,'admin',1),('2005',2005,'admin',1),('300',300,'admin',1),('3001',3001,'admin',1),('3002',3002,'admin',1),('3003',3003,'admin',1),('3004',3004,'admin',1),('3005',3005,'admin',1),('3006',3006,'admin',1),('400',400,'admin',1),('4001',4001,'admin',1),('4002',4002,'admin',1),('4003',4003,'admin',1),('4004',4004,'admin',1),('4005',4005,'admin',1),('4006',4006,'admin',1),('4007',4007,'admin',1),('4008',4008,'admin',1),('4009',4009,'admin',1),('4010',4010,'admin',1),('4011',4011,'admin',1),('500',500,'admin',1),('5004',5004,'admin',1),('5005',5005,'admin',1),('5006',5006,'admin',1),('5007',5007,'admin',1),('5008',5008,'admin',1),('5009',5009,'admin',1),('5010',5010,'admin',1),('5011',5011,'admin',1),('600',600,'admin',1),('6001',6001,'admin',1),('700',700,'admin',1),('7001',7001,'admin',1),('7002',7002,'admin',1),('7003',7003,'admin',1),('7004',7004,'admin',1),('7005',7005,'admin',1),('7006',7006,'admin',1),('7007',7007,'admin',1),('800',800,'admin',1),('8001',8001,'admin',1),('8002',8002,'admin',1),('8003',8003,'admin',1),('900',900,'admin',1),('9001',9001,'admin',1),('9002',9002,'admin',1),('9003',9003,'admin',1),('9004',9004,'admin',1),('9005',9005,'admin',1),('ff8080814b495fa3014b4d3b86dd001a',1000,'ff8080814b495fa3014b4b1e4b0a0006',1),('ff8080814b495fa3014b4d3b8719001b',10005,'ff8080814b495fa3014b4b1e4b0a0006',1),('ff8080814b495fa3014b4d3b874b001c',10001,'ff8080814b495fa3014b4b1e4b0a0006',1),('ff8080814b495fa3014b4d3c96f0001d',1000,'ff8080814b495fa3014b4b1ed88e0007',1),('ff8080814b495fa3014b4d3c9788001e',10004,'ff8080814b495fa3014b4b1ed88e0007',1),('ff8080814b495fa3014b4d3c97c2001f',500,'ff8080814b495fa3014b4b1ed88e0007',1),('ff8080814b495fa3014b4d3c97fb0020',5009,'ff8080814b495fa3014b4b1ed88e0007',1),('ff8080814b495fa3014b4d3f43a3002d',600,'ff8080814b495fa3014b4b21b6e2000a',1),('ff8080814b495fa3014b4d3f43e3002e',6001,'ff8080814b495fa3014b4b21b6e2000a',1),('ff8080814b495fa3014b4d43c2eb0038',1000,'ff8080814b495fa3014b4b2290cd000c',1),('ff8080814b495fa3014b4d43c3220039',10003,'ff8080814b495fa3014b4b2290cd000c',1),('ff8080814b495fa3014b4d4ca5c00043',200,'ff8080814b495fa3014b4b239514000d',1),('ff8080814b495fa3014b4d4ca5ef0044',2001,'ff8080814b495fa3014b4b239514000d',1),('ff8080814b495fa3014b4d4ca6210045',2002,'ff8080814b495fa3014b4b239514000d',1),('ff8080814b495fa3014b4d4ce4990046',200,'ff8080814b495fa3014b4b23c7cb000e',1),('ff8080814b495fa3014b4d4ce5170047',2005,'ff8080814b495fa3014b4b23c7cb000e',1),('ff8080814b495fa3014b4d4ce5490048',1000,'ff8080814b495fa3014b4b23c7cb000e',1),('ff8080814b495fa3014b4d4ce57c0049',10002,'ff8080814b495fa3014b4b23c7cb000e',1),('ff8080814b495fa3014b4d4d9ae6004a',500,'ff8080814b495fa3014b4b243c0b000f',1),('ff8080814b495fa3014b4d4d9b46004b',5008,'ff8080814b495fa3014b4b243c0b000f',1),('ff8080814b495fa3014b4d4dce8d004c',500,'ff8080814b495fa3014b4b25b4990010',1),('ff8080814b495fa3014b4d4dcebe004d',5005,'ff8080814b495fa3014b4b25b4990010',1),('ff8080814b495fa3014b4d4e01bf004e',500,'ff8080814b495fa3014b4b2625d10011',1),('ff8080814b495fa3014b4d4e022c004f',5004,'ff8080814b495fa3014b4b2625d10011',1),('ff8080814b495fa3014b4d4e40c80050',500,'ff8080814b495fa3014b4b2666e90012',1),('ff8080814b495fa3014b4d4e41040051',5006,'ff8080814b495fa3014b4b2666e90012',1),('ff8080814b495fa3014b4d4e72320052',500,'ff8080814b495fa3014b4b2688b50013',1),('ff8080814b495fa3014b4d4e72560053',5010,'ff8080814b495fa3014b4b2688b50013',1),('ff8080814b495fa3014b4d4eec480054',300,'ff8080814b495fa3014b4b26c4db0014',1),('ff8080814b495fa3014b4d4eec880055',3001,'ff8080814b495fa3014b4b26c4db0014',1),('ff8080814b495fa3014b4d4f4a790056',300,'ff8080814b495fa3014b4b26f8b20015',1),('ff8080814b495fa3014b4d4f4ac00057',3006,'ff8080814b495fa3014b4b26f8b20015',1),('ff8080814b495fa3014b4d4f96d60058',300,'ff8080814b495fa3014b4b2723270016',1),('ff8080814b495fa3014b4d4f97020059',3002,'ff8080814b495fa3014b4b2723270016',1),('ff8080814b495fa3014b4d4fd2dd005a',300,'ff8080814b495fa3014b4b27553b0017',1),('ff8080814b495fa3014b4d4fd31b005b',3004,'ff8080814b495fa3014b4b27553b0017',1),('ff8080814b495fa3014b4d4ff576005c',300,'ff8080814b495fa3014b4b277b610018',1),('ff8080814b495fa3014b4d4ff5af005d',3005,'ff8080814b495fa3014b4b277b610018',1),('ff8080814b495fa3014b4d5025e3005e',300,'ff8080814b495fa3014b4b279ff20019',1),('ff8080814b495fa3014b4d502620005f',3003,'ff8080814b495fa3014b4b279ff20019',1),('ff8080814b5d80df014b5e60a0f1023f',200,'ff8080814b495fa3014b4b2170f70009',1),('ff8080814b5d80df014b5e60a0f30240',2004,'ff8080814b495fa3014b4b2170f70009',1),('ff8080814b5d80df014b5e60a0f50241',700,'ff8080814b495fa3014b4b2170f70009',1),('ff8080814b5d80df014b5e60a0f70242',7001,'ff8080814b495fa3014b4b2170f70009',1),('ff8080814b5d80df014b5e60a0f90243',7003,'ff8080814b495fa3014b4b2170f70009',1),('ff8080814b5d80df014b5e60a0fb0244',7004,'ff8080814b495fa3014b4b2170f70009',1),('ff8080814b5d80df014b5e60a0fd0245',7005,'ff8080814b495fa3014b4b2170f70009',1),('ff8080814b5d80df014b5e60a1000246',7006,'ff8080814b495fa3014b4b2170f70009',1),('ff8080814b5d80df014b5e60a1020247',7007,'ff8080814b495fa3014b4b2170f70009',1),('ff8080814b5d80df014b5e60a1040248',2003,'ff8080814b495fa3014b4b2170f70009',1),('ff8080814b5d80df014b5e6102c10249',700,'ff8080814b5d80df014b5e5d56ec023c',1),('ff8080814b5d80df014b5e6102c6024a',7002,'ff8080814b5d80df014b5e5d56ec023c',1),('ff8080814b5d80df014b5e639107024c',1000,'ff8080814b5d80df014b5e631a97024b',1),('ff8080814b5d80df014b5e63910a024d',10003,'ff8080814b5d80df014b5e631a97024b',1);
/*!40000 ALTER TABLE `FC_SYS_ROLE_MENU` ENABLE KEYS */;
UNLOCK TABLES;

--
-- Table structure for table `FC_SYS_ROLE_MUTEX`
--

DROP TABLE IF EXISTS `FC_SYS_ROLE_MUTEX`;
/*!40101 SET @saved_cs_client     = @@character_set_client */;
/*!40101 SET character_set_client = utf8 */;
CREATE TABLE `FC_SYS_ROLE_MUTEX` (
  `ROLE_MUTEX_ID` char(38) CHARACTER SET utf8 COLLATE utf8_bin NOT NULL COMMENT '角色互斥ID',
  `ROLE_ID_A` char(38) CHARACTER SET utf8 COLLATE utf8_bin NOT NULL COMMENT '角色ID',
  `ROLE_ID_B` char(38) CHARACTER SET utf8 COLLATE utf8_bin NOT NULL COMMENT '角色ID',
  `STATUS` int(11) NOT NULL COMMENT '状态',
  PRIMARY KEY (`ROLE_MUTEX_ID`)
) ENGINE=InnoDB DEFAULT CHARSET=utf8 COMMENT='角色互斥表(角色互斥表)';
/*!40101 SET character_set_client = @saved_cs_client */;

--
-- Dumping data for table `FC_SYS_ROLE_MUTEX`
--

LOCK TABLES `FC_SYS_ROLE_MUTEX` WRITE;
/*!40000 ALTER TABLE `FC_SYS_ROLE_MUTEX` DISABLE KEYS */;
/*!40000 ALTER TABLE `FC_SYS_ROLE_MUTEX` ENABLE KEYS */;
UNLOCK TABLES;

--
-- Table structure for table `FC_SYS_USER`
--

DROP TABLE IF EXISTS `FC_SYS_USER`;
/*!40101 SET @saved_cs_client     = @@character_set_client */;
/*!40101 SET character_set_client = utf8 */;
CREATE TABLE `FC_SYS_USER` (
  `USER_ID` char(38) CHARACTER SET utf8 COLLATE utf8_bin NOT NULL COMMENT '用户ID',
  `BRANCH_ID` varchar(64) CHARACTER SET utf8 COLLATE utf8_bin NOT NULL COMMENT '机构ID(按层级编码，三位一级，100开头，顺序递增，有系统自动控制)',
  `LOGIN_NAME` varchar(32) CHARACTER SET utf8 COLLATE utf8_bin NOT NULL COMMENT '登录名',
  `USER_NAME` varchar(50) CHARACTER SET utf8 COLLATE utf8_bin NOT NULL COMMENT '用户名称',
  `MOBILE` varchar(20) CHARACTER SET utf8 COLLATE utf8_bin DEFAULT NULL COMMENT '用户手机',
  `USER_WORKADDRESS` varchar(100) CHARACTER SET utf8 COLLATE utf8_bin DEFAULT NULL COMMENT '用户办公地址',
  `STATUS` int(11) NOT NULL COMMENT '用户状态',
  `PASSWORD` varchar(32) CHARACTER SET utf8 COLLATE utf8_bin NOT NULL COMMENT '用户系统密码(md5加密处理)',
  `UPDATE_TIME` datetime NOT NULL COMMENT '变更时间',
  `CREATE_TIME` datetime NOT NULL COMMENT '注册时间',
  `CREATED_BY` varchar(32) CHARACTER SET utf8 COLLATE utf8_bin NOT NULL COMMENT '注册人(取登录名称（用户的唯一名称）)',
  `MODIFIED_BY` varchar(32) CHARACTER SET utf8 COLLATE utf8_bin NOT NULL COMMENT '修改人',
  `EMAIL` varchar(32) CHARACTER SET utf8 COLLATE utf8_bin NOT NULL COMMENT 'EMAIL',
  `DATA_ENVIRON` int(11) NOT NULL COMMENT '数据范围权限(现在只有平台权限)',
  `ICON` varchar(100) CHARACTER SET utf8 COLLATE utf8_bin NOT NULL COMMENT '用户头像图标',
  `WORK_CENTER` char(38) CHARACTER SET utf8 COLLATE utf8_bin DEFAULT NULL,
  PRIMARY KEY (`USER_ID`)
) ENGINE=InnoDB DEFAULT CHARSET=utf8 COMMENT='用户表(用户表)';
/*!40101 SET character_set_client = @saved_cs_client */;

--
-- Dumping data for table `FC_SYS_USER`
--

LOCK TABLES `FC_SYS_USER` WRITE;
/*!40000 ALTER TABLE `FC_SYS_USER` DISABLE KEYS */;
INSERT INTO `FC_SYS_USER` VALUES ('2c90e4854b6460da014b647ca1810076','100400','test0208','test0208','',NULL,1,'e10adc3949ba59abbe56e057f20f883e','2015-02-07 22:41:04','2015-02-07 22:41:04','fcpayadmin','fcpayadmin','test0208@ggg.co',1,'0',NULL),('2c90e4854b6460da014b647d4afe0078','100400','test0209','test0209','',NULL,1,'e10adc3949ba59abbe56e057f20f883e','2015-02-07 22:41:48','2015-02-07 22:41:48','fcpayadmin','fcpayadmin','test0209@ffff.co',0,'0',NULL),('2c90e4854b6460da014b64807288007f','100400','test1111','test1111','5615416',NULL,1,'e10adc3949ba59abbe56e057f20f883e','2015-02-07 22:45:15','2015-02-07 22:45:15','fcpayadmin','fcpayadmin','test1111@hhh.co',0,'0',NULL),('admin','100300','fcpayadmin','fcpayadmin','admin',NULL,1,'5ead367209ddd77d8e769aae4f290a80','2014-10-14 15:04:14','2014-10-14 15:04:14','','','fcpay@gamil.com',15,'','MNL'),('ff8080814b495fa3014b49b0db7c0003','100300','dylan','dylan','123456',NULL,1,'a7e65188fed289ff190c6af0c923027c','2015-02-02 17:48:22','2015-02-02 17:48:22','admin','admin','dylan@weststarinc.co',1,'0','MNL'),('ff8080814b4e59ea014b4e59eafc0001','100100300100','account','account','',NULL,1,'e10adc3949ba59abbe56e057f20f883e','2015-02-03 15:31:31','2015-02-03 15:31:31','admin','admin','account@weststarinic.co',1,'0','MNL'),('ff8080814b4e59ea014b4e5c15f80002','100100100100','dylan01','dylan01','123456789',NULL,1,'e10adc3949ba59abbe56e057f20f883e','2015-02-03 15:33:53','2015-02-03 15:33:53','dylan','dylan','123456789@gmail.com',0,'0','MNL'),('ff8080814b5a63c8014b5a63c8ba0001','100100100100','risk01','risk01','123123123',NULL,1,'e10adc3949ba59abbe56e057f20f883e','2015-02-05 23:37:44','2015-02-05 23:37:44','reid','reid','12323@qq.com',1,'0','tw'),('ff8080814b5a63c8014b5a6520460002','100100100100','risk02','risk02','123123123',NULL,1,'e10adc3949ba59abbe56e057f20f883e','2015-02-05 23:39:12','2015-02-05 23:39:12','reid','reid','12321@qq.com',1,'0','mnl'),('ff8080814b5a76a0014b5a771a410016','100100300100','jxfc01','jxfc01','4445645564',NULL,1,'e10adc3949ba59abbe56e057f20f883e','2015-02-05 23:58:50','2015-02-05 23:58:50','fcpayadmin','fcpayadmin','jxfc01@gmail.com',1,'0',NULL),('ff8080814b5a76a0014b5a795f94002e','100100300100','jxfc02','jxfc02','34034858930',NULL,1,'e10adc3949ba59abbe56e057f20f883e','2015-02-06 00:01:19','2015-02-06 00:01:19','fcpayadmin','fcpayadmin','jxfc01@gmail.com',1,'0',NULL),('ff8080814b5a76a0014b5a79a90b002f','100100300100','jxfc03','jxfc03','23493894',NULL,1,'e10adc3949ba59abbe56e057f20f883e','2015-02-06 00:01:38','2015-02-06 00:01:38','fcpayadmin','fcpayadmin','jxfc03@gmail.com',1,'0',NULL),('ff8080814b5a76a0014b5a79eb550030','100100300100','jxfc04','jxfc04','4823908490',NULL,1,'e10adc3949ba59abbe56e057f20f883e','2015-02-06 00:01:55','2015-02-06 00:01:55','fcpayadmin','fcpayadmin','jxfc04@gmail.com',1,'0',NULL),('ff8080814b5a76a0014b5a7a068c0031','100100200100','jxck01','jxck01','12345678',NULL,1,'e10adc3949ba59abbe56e057f20f883e','2015-02-06 00:02:01','2015-02-06 00:02:01','dylan','dylan','jxck01@gmail.com',1,'0',NULL),('ff8080814b5a76a0014b5a7a3b3d0032','100100300100','jxfc05','jxfc05','943090',NULL,1,'e10adc3949ba59abbe56e057f20f883e','2015-02-06 00:02:15','2015-02-06 00:02:15','fcpayadmin','fcpayadmin','jxfc04@gmail.com',1,'0',NULL),('ff8080814b5a76a0014b5a7a6c020033','100100300100','jxfc06','jxfc06','394239-0',NULL,1,'e10adc3949ba59abbe56e057f20f883e','2015-02-06 00:02:27','2015-02-06 00:02:27','fcpayadmin','fcpayadmin','jxfc06@gmail.com',1,'0',NULL),('ff8080814b5a76a0014b5a7a89d60034','100100100100','risk11','risk11','12321321',NULL,1,'e10adc3949ba59abbe56e057f20f883e','2015-02-06 00:02:35','2015-02-06 00:02:35','reid','reid','risk11@qq.com',1,'0','tw'),('ff8080814b5a76a0014b5a7ad3680035','100100100100','risk12','risk12','232131',NULL,1,'e10adc3949ba59abbe56e057f20f883e','2015-02-06 00:02:54','2015-02-06 00:02:54','reid','reid','risk12@qq.com',1,'0','mnl'),('ff8080814b5a76a0014b5a7b00d60036','100100200100','jxck02','jxck02','123456',NULL,1,'e10adc3949ba59abbe56e057f20f883e','2015-02-06 00:03:06','2015-02-06 00:03:06','dylan','dylan','jxck02@gmail.com',1,'0',NULL),('ff8080814b5a76a0014b5a7b64c80038','100100200100','jxck03','jxck03','123456',NULL,1,'e10adc3949ba59abbe56e057f20f883e','2015-02-06 00:03:31','2015-02-06 00:03:31','dylan','dylan','jxck03@gmail.com',1,'0',NULL),('ff8080814b5a76a0014b5a7c1fd8003a','100100200100','jxck04','jxck04','123456',NULL,1,'e10adc3949ba59abbe56e057f20f883e','2015-02-06 00:04:19','2015-02-06 00:04:19','dylan','dylan','jxck04@gmail.com',1,'0',NULL),('ff8080814b5a76a0014b5a7c70ad003b','100100200100','jxck05','jxck05','123456',NULL,1,'e10adc3949ba59abbe56e057f20f883e','2015-02-06 00:04:40','2015-02-06 00:04:40','dylan','dylan','jxck05@gmail.com',1,'0',NULL),('ff8080814b5a76a0014b5a7cbeec003f','100100200100','fin01','fin01','2132131',NULL,1,'e10adc3949ba59abbe56e057f20f883e','2015-02-06 00:05:00','2015-02-06 00:05:00','reid','reid','fin01@qq.com',1,'0','mnl'),('ff8080814b5a76a0014b5a7ccfbc0040','100100200100','jxck06','jxck06','123456',NULL,1,'e10adc3949ba59abbe56e057f20f883e','2015-02-06 00:05:04','2015-02-06 00:05:04','dylan','dylan','jxck06@gmail.com',1,'0',NULL),('ff8080814b5a76a0014b5a80756a004c','100100200100','fin02','fin02','213123',NULL,1,'e10adc3949ba59abbe56e057f20f883e','2015-02-06 00:09:03','2015-02-06 00:09:03','reid','reid','fin02@qq.com',1,'0','tw'),('ff8080814b5a9794014b5a9cca56000c','100100200100','yzmlr','yzmlr','2348930849',NULL,1,'e10adc3949ba59abbe56e057f20f883e','2015-02-06 00:40:00','2015-02-06 00:40:00','fcpayadmin','fcpayadmin','yzmlr@gmail.com',0,'0',NULL),('ff8080814b5af83e014b5d6e2728004d','100300','apaul','apaul','384983940',NULL,1,'ebfdadcaaa531a87c8c875a4a9a2c1aa','2015-02-06 13:47:55','2015-02-06 13:47:55','fcpayadmin','fcpayadmin','apaul@gmail.com',1,'0',NULL),('ff8080814b5d80df014b5dad0695003b','100100200100','jszg','jszg','4534534543',NULL,1,'e10adc3949ba59abbe56e057f20f883e','2015-02-06 14:56:35','2015-02-06 14:56:35','fcpayadmin','fcpayadmin','jszg@gmail.com',0,'0',NULL),('ff8080814b5d80df014b5dfbfc77019f','100100100100','apple','apple','091231231',NULL,1,'e10adc3949ba59abbe56e057f20f883e','2015-02-06 16:22:50','2015-02-06 16:22:50','apaul','apaul','test01@test.com',1,'0','MNL'),('ff8080814b5d80df014b5dfbfc8d01a1','100100100100','madara','madara','091231231',NULL,1,'e10adc3949ba59abbe56e057f20f883e','2015-02-06 16:22:50','2015-02-06 16:22:50','apaul','apaul','test01@test.com',1,'0','MNL'),('ff8080814b5d80df014b5dfbfca101a3','100100100100','timmes','timmes','091231231',NULL,1,'e10adc3949ba59abbe56e057f20f883e','2015-02-06 16:22:50','2015-02-06 16:22:50','apaul','apaul','test01@test.com',1,'0','MNL'),('ff8080814b5d80df014b5dfbfcb301a5','100100100100','yooco','yooco','091231231',NULL,1,'e10adc3949ba59abbe56e057f20f883e','2015-02-06 16:22:50','2015-02-06 16:22:50','apaul','apaul','test01@test.com',1,'0','MNL'),('ff8080814b5d80df014b5dfbfcc501a7','100100100100','win','win','091231231',NULL,1,'e10adc3949ba59abbe56e057f20f883e','2015-02-06 16:22:50','2015-02-06 16:22:50','apaul','apaul','test01@test.com',1,'0','MNL'),('ff8080814b5d80df014b5dfbfcd801a9','100100100100','eric','eric','091231231',NULL,1,'e10adc3949ba59abbe56e057f20f883e','2015-02-06 16:22:50','2015-02-06 16:22:50','apaul','apaul','test01@test.com',1,'0','MNL'),('ff8080814b5d80df014b5dfbfcea01ab','100100100100','Wayne','Wayne','091231231',NULL,1,'c33367701511b4f6020ec61ded352059','2015-02-06 16:22:50','2015-02-06 16:22:50','apaul','apaul','test01@test.com',1,'0','MNL'),('ff8080814b5d80df014b5dfbfcfc01ad','100100100100','Reco','Reco','091231231',NULL,1,'e10adc3949ba59abbe56e057f20f883e','2015-02-06 16:22:50','2015-02-06 16:22:50','apaul','apaul','test01@test.com',1,'0','MNL'),('ff8080814b5d80df014b5dfbfd0f01af','100100100100','Daniel','Daniel','091231231',NULL,1,'e10adc3949ba59abbe56e057f20f883e','2015-02-06 16:22:50','2015-02-06 16:22:50','apaul','apaul','test01@test.com',1,'0','MNL'),('ff8080814b5d80df014b5dfbfd2301b1','100100100100','Fania','Fania','091231231',NULL,1,'e10adc3949ba59abbe56e057f20f883e','2015-02-06 16:22:50','2015-02-06 16:22:50','apaul','apaul','test01@test.com',1,'0','MNL'),('ff8080814b5d80df014b5dfbfd3501b3','100100100100','Jojo','Jojo','091231231',NULL,1,'e10adc3949ba59abbe56e057f20f883e','2015-02-06 16:22:50','2015-02-06 16:22:50','apaul','apaul','test01@test.com',1,'0','MNL'),('ff8080814b5d80df014b5dfbfd5901b7','100100100100','Alex','Alex','091231231',NULL,1,'e10adc3949ba59abbe56e057f20f883e','2015-02-06 16:22:50','2015-02-06 16:22:50','apaul','apaul','test01@test.com',1,'0','MNL'),('ff8080814b5d80df014b5dfbfd6c01b9','100100100100','Rex','Rex','091231231',NULL,1,'e10adc3949ba59abbe56e057f20f883e','2015-02-06 16:22:50','2015-02-06 16:22:50','apaul','apaul','test01@test.com',1,'0','MNL'),('ff8080814b5d80df014b5dfbfd7f01bb','100100100100','Scuru','Scuru','091231231',NULL,1,'e10adc3949ba59abbe56e057f20f883e','2015-02-06 16:22:50','2015-02-06 16:22:50','apaul','apaul','test01@test.com',1,'0','MNL'),('ff8080814b5d80df014b5dfbfd9101bd','100100100100','Bless','Bless','091231231',NULL,1,'e10adc3949ba59abbe56e057f20f883e','2015-02-06 16:22:51','2015-02-06 16:22:51','apaul','apaul','test01@test.com',1,'0','MNL'),('ff8080814b5d80df014b5dfbfda401bf','100100100100','Alston','Alston','091231231',NULL,1,'e10adc3949ba59abbe56e057f20f883e','2015-02-06 16:22:51','2015-02-06 16:22:51','apaul','apaul','test01@test.com',1,'0','MNL'),('ff8080814b5d80df014b5dfbfdb701c1','100100100100','Monica','Monica','091231231',NULL,1,'e10adc3949ba59abbe56e057f20f883e','2015-02-06 16:22:51','2015-02-06 16:22:51','apaul','apaul','test01@test.com',1,'0','MNL'),('ff8080814b5d80df014b5dfbfdc901c3','100100100100','Will','Will','091231231',NULL,1,'e10adc3949ba59abbe56e057f20f883e','2015-02-06 16:22:51','2015-02-06 16:22:51','apaul','apaul','test01@test.com',1,'0','MNL'),('ff8080814b5d80df014b5dfbfddb01c5','100100100100','Stephanie','Stephanie','091231231',NULL,1,'e10adc3949ba59abbe56e057f20f883e','2015-02-06 16:22:51','2015-02-06 16:22:51','apaul','apaul','test01@test.com',1,'0','MNL'),('ff8080814b5d80df014b5dfbfdee01c7','100100100100','Judge','Judge','091231231',NULL,1,'e10adc3949ba59abbe56e057f20f883e','2015-02-06 16:22:51','2015-02-06 16:22:51','apaul','apaul','test01@test.com',1,'0','MNL'),('ff8080814b5d80df014b5dfbfe0001c9','100100100100','Eisen','Eisen','091231231',NULL,1,'e10adc3949ba59abbe56e057f20f883e','2015-02-06 16:22:51','2015-02-06 16:22:51','apaul','apaul','test01@test.com',1,'0','MNL'),('ff8080814b5d80df014b5dfbfe1301cb','100100100100','Zero','Zero','091231231',NULL,1,'e10adc3949ba59abbe56e057f20f883e','2015-02-06 16:22:51','2015-02-06 16:22:51','apaul','apaul','test01@test.com',1,'0','MNL'),('ff8080814b5d80df014b5dfbfe2501cd','100100100100','Paris','Paris','091231231',NULL,1,'e10adc3949ba59abbe56e057f20f883e','2015-02-06 16:22:51','2015-02-06 16:22:51','apaul','apaul','test01@test.com',1,'0','MNL'),('ff8080814b5d80df014b5dfbfe3801cf','100100100100','Pivot','Pivot','091231231',NULL,1,'e10adc3949ba59abbe56e057f20f883e','2015-02-06 16:22:51','2015-02-06 16:22:51','apaul','apaul','test01@test.com',1,'0','MNL'),('ff8080814b5d80df014b5dfbfe4b01d1','100100100100','Colin','Colin','091231231',NULL,1,'e10adc3949ba59abbe56e057f20f883e','2015-02-06 16:22:51','2015-02-06 16:22:51','apaul','apaul','test01@test.com',1,'0','MNL'),('ff8080814b5d80df014b5dfbfe5e01d3','100100100100','Lou','Lou','091231231',NULL,1,'e10adc3949ba59abbe56e057f20f883e','2015-02-06 16:22:51','2015-02-06 16:22:51','apaul','apaul','test01@test.com',1,'0','MNL'),('ff8080814b5d80df014b5dfbfe7001d5','100100100100','Ali','Ali','091231231',NULL,1,'e10adc3949ba59abbe56e057f20f883e','2015-02-06 16:22:51','2015-02-06 16:22:51','apaul','apaul','test01@test.com',1,'0','MNL'),('ff8080814b5d80df014b5dfbfe8201d7','100100100100','Crystal','Crystal','091231231',NULL,1,'e10adc3949ba59abbe56e057f20f883e','2015-02-06 16:22:51','2015-02-06 16:22:51','apaul','apaul','test01@test.com',1,'0','MNL'),('ff8080814b5d80df014b5dfbfe9401d9','100100100100','Moben','Moben','091231231',NULL,1,'e10adc3949ba59abbe56e057f20f883e','2015-02-06 16:22:51','2015-02-06 16:22:51','apaul','apaul','test01@test.com',1,'0','MNL'),('ff8080814b5d80df014b5dfbfea701db','100100100100','Kevrn','Kevrn','091231231',NULL,1,'e10adc3949ba59abbe56e057f20f883e','2015-02-06 16:22:51','2015-02-06 16:22:51','apaul','apaul','test01@test.com',1,'0','TW'),('ff8080814b5d80df014b5dfbfeb901dd','100100100100','Allen','Allen','091231231',NULL,1,'e10adc3949ba59abbe56e057f20f883e','2015-02-06 16:22:51','2015-02-06 16:22:51','apaul','apaul','test01@test.com',1,'0','TW'),('ff8080814b5d80df014b5dfbfecc01df','100100100100','Kiki','Kiki','091231231',NULL,1,'e10adc3949ba59abbe56e057f20f883e','2015-02-06 16:22:51','2015-02-06 16:22:51','apaul','apaul','test01@test.com',1,'0','TW'),('ff8080814b5d80df014b5dfbfede01e1','100100100100','Evelyn','Evelyn','091231231',NULL,1,'e10adc3949ba59abbe56e057f20f883e','2015-02-06 16:22:51','2015-02-06 16:22:51','apaul','apaul','test01@test.com',1,'0','TW'),('ff8080814b5d80df014b5dfbfef001e3','100100100100','Tom','Tom','091231231',NULL,1,'e10adc3949ba59abbe56e057f20f883e','2015-02-06 16:22:51','2015-02-06 16:22:51','apaul','apaul','test01@test.com',1,'0','TW'),('ff8080814b5d80df014b5dfbff0201e5','100100100100','Peter','Peter','091231231',NULL,1,'e10adc3949ba59abbe56e057f20f883e','2015-02-06 16:22:51','2015-02-06 16:22:51','apaul','apaul','test01@test.com',1,'0','TW'),('ff8080814b5d80df014b5dfbff1401e7','100100100100','daniel1','daniel1','091231231',NULL,1,'e10adc3949ba59abbe56e057f20f883e','2015-02-06 16:22:51','2015-02-06 16:22:51','apaul','apaul','test01@test.com',1,'0','TW'),('ff8080814b5d80df014b5dfbff2601e9','100100100100','Pig','Pig','091231231',NULL,1,'e10adc3949ba59abbe56e057f20f883e','2015-02-06 16:22:51','2015-02-06 16:22:51','apaul','apaul','test01@test.com',1,'0','TW'),('ff8080814b5d80df014b5dfbff3901eb','100100100100','Eve','Eve','091231231',NULL,1,'e10adc3949ba59abbe56e057f20f883e','2015-02-06 16:22:51','2015-02-06 16:22:51','apaul','apaul','test01@test.com',1,'0','TW'),('ff8080814b5d80df014b5dfbff4b01ed','100100100100','Kelly','Kelly','091231231',NULL,1,'e10adc3949ba59abbe56e057f20f883e','2015-02-06 16:22:51','2015-02-06 16:22:51','apaul','apaul','test01@test.com',1,'0','TW'),('ff8080814b5d80df014b5dfbff5d01ef','100100100100','Jeff','Jeff','091231231',NULL,1,'e10adc3949ba59abbe56e057f20f883e','2015-02-06 16:22:51','2015-02-06 16:22:51','apaul','apaul','test01@test.com',1,'0','TW'),('ff8080814b5d80df014b5dfbff7101f1','100100100100','Tina','Tina','091231231',NULL,1,'e10adc3949ba59abbe56e057f20f883e','2015-02-06 16:22:51','2015-02-06 16:22:51','apaul','apaul','test01@test.com',1,'0','TW'),('ff8080814b5d80df014b5dfbff8301f3','100100100100','Ark','Ark','091231231',NULL,1,'e10adc3949ba59abbe56e057f20f883e','2015-02-06 16:22:51','2015-02-06 16:22:51','apaul','apaul','test01@test.com',1,'0','TW'),('ff8080814b5d80df014b5dfbff9601f5','100100100100','Ying','Ying','091231231',NULL,1,'e10adc3949ba59abbe56e057f20f883e','2015-02-06 16:22:51','2015-02-06 16:22:51','apaul','apaul','test01@test.com',1,'0','TW'),('ff8080814b5d80df014b5dfbffa801f7','100100100100','Nick','Nick','091231231',NULL,1,'e10adc3949ba59abbe56e057f20f883e','2015-02-06 16:22:51','2015-02-06 16:22:51','apaul','apaul','test01@test.com',1,'0','TW'),('ff8080814b5d80df014b5dfbffbb01f9','100100100100','Nina','Nina','091231231',NULL,1,'e10adc3949ba59abbe56e057f20f883e','2015-02-06 16:22:51','2015-02-06 16:22:51','apaul','apaul','test01@test.com',1,'0','TW'),('ff8080814b5d80df014b5dfbffcd01fb','100100100100','Cherry','Cherry','091231231',NULL,1,'e10adc3949ba59abbe56e057f20f883e','2015-02-06 16:22:51','2015-02-06 16:22:51','apaul','apaul','test01@test.com',1,'0','TW'),('ff8080814b5d80df014b5dfbffdf01fd','100100100100','Joker','Joker','091231231',NULL,1,'e10adc3949ba59abbe56e057f20f883e','2015-02-06 16:22:51','2015-02-06 16:22:51','apaul','apaul','test01@test.com',1,'0','TW'),('ff8080814b5d80df014b5dfbfff401ff','100100100100','Jenny','Jenny','091231231',NULL,1,'e10adc3949ba59abbe56e057f20f883e','2015-02-06 16:22:51','2015-02-06 16:22:51','apaul','apaul','test01@test.com',1,'0','TW'),('ff8080814b5d80df014b5dfc00060201','100100100100','Rebecca','Rebecca','091231231',NULL,1,'e10adc3949ba59abbe56e057f20f883e','2015-02-06 16:22:51','2015-02-06 16:22:51','apaul','apaul','test01@test.com',1,'0','TW'),('ff8080814b5d80df014b5dfc001f0203','100100100100','Eddie','Eddie','091231231',NULL,1,'e10adc3949ba59abbe56e057f20f883e','2015-02-06 16:22:51','2015-02-06 16:22:51','apaul','apaul','test01@test.com',1,'0','TW'),('ff8080814b5d80df014b5dfc00320205','100100100100','Candy','Candy','091231231',NULL,1,'e10adc3949ba59abbe56e057f20f883e','2015-02-06 16:22:51','2015-02-06 16:22:51','apaul','apaul','test01@test.com',1,'0','TW'),('ff8080814b5d80df014b5dfc004c0207','100100100100','Sin','Sin','091231231',NULL,1,'e10adc3949ba59abbe56e057f20f883e','2015-02-06 16:22:51','2015-02-06 16:22:51','apaul','apaul','test01@test.com',1,'0','TW'),('ff8080814b5d80df014b5dfc00600209','100100100100','Amber','Amber','091231231',NULL,1,'e10adc3949ba59abbe56e057f20f883e','2015-02-06 16:22:51','2015-02-06 16:22:51','apaul','apaul','test01@test.com',1,'0','TW'),('ff8080814b5d80df014b5dfc0073020b','100100100100','Shune','Shune','091231231',NULL,1,'e10adc3949ba59abbe56e057f20f883e','2015-02-06 16:22:51','2015-02-06 16:22:51','apaul','apaul','test01@test.com',1,'0','TW'),('ff8080814b5d80df014b5dfc0098020f','100100100100','Lynn','Lynn','091231231',NULL,1,'e10adc3949ba59abbe56e057f20f883e','2015-02-06 16:22:51','2015-02-06 16:22:51','apaul','apaul','test01@test.com',1,'0','TW'),('ff8080814b5d80df014b5dfc00aa0211','100100100100','Emma','Emma','091231231',NULL,1,'e10adc3949ba59abbe56e057f20f883e','2015-02-06 16:22:51','2015-02-06 16:22:51','apaul','apaul','test01@test.com',1,'0','TW'),('ff8080814b5d80df014b5dfc00bf0213','100100100100','Puma','Puma','091231231',NULL,1,'e10adc3949ba59abbe56e057f20f883e','2015-02-06 16:22:51','2015-02-06 16:22:51','apaul','apaul','test01@test.com',1,'0','TW'),('ff8080814b5d80df014b5e71811c029e','100100200100','marjorie','marjorie','0977000001',NULL,1,'e10adc3949ba59abbe56e057f20f883e','2015-02-06 18:31:12','2015-02-06 18:31:12','fcpayadmin','fcpayadmin','marjorie@weststarinc.co',1,'0',''),('ff8080814b5d80df014b5e71813002a0','100100200100','Kevin','Kevin','0977000002',NULL,1,'c33367701511b4f6020ec61ded352059','2015-02-06 18:31:12','2015-02-06 18:31:12','fcpayadmin','fcpayadmin','Kevin@weststarinc.co',1,'0',''),('ff8080814b5d80df014b5e71814202a2','100100200100','KAYE','KAYE','0977000003',NULL,1,'e10adc3949ba59abbe56e057f20f883e','2015-02-06 18:31:12','2015-02-06 18:31:12','fcpayadmin','fcpayadmin','KAYE@weststarinc.co',1,'0',''),('ff8080814b5d80df014b5e71815502a4','100100200100','JAyson','JAyson','0977000004',NULL,1,'f9b92872461b45e681ac67a3e4ac879b','2015-02-06 18:31:12','2015-02-06 18:31:12','fcpayadmin','fcpayadmin','JAyson@weststarinc.co',1,'0',''),('ff8080814b5d80df014b5e71817f02a6','100100200100','JAnus','JAnus','0977000005',NULL,1,'e6d2dfc4b1323ad29f187250665bc0e8','2015-02-06 18:31:12','2015-02-06 18:31:12','fcpayadmin','fcpayadmin','JAnus@weststarinc.co',1,'0',''),('ff8080814b5d80df014b5e71819102a8','100100200100','JAnet','JAnet','0977000006',NULL,1,'e10adc3949ba59abbe56e057f20f883e','2015-02-06 18:31:12','2015-02-06 18:31:12','fcpayadmin','fcpayadmin','JAnet@weststarinc.co',1,'0',''),('ff8080814b5d80df014b5e7181a402aa','100100200100','EriC','EriC','0977000007',NULL,1,'e10adc3949ba59abbe56e057f20f883e','2015-02-06 18:31:12','2015-02-06 18:31:12','fcpayadmin','fcpayadmin','EriC@weststarinc.co',1,'0',''),('ff8080814b5d80df014b5e7181b602ac','100100200100','DAniCA','DAniCA','0977000008',NULL,1,'c33367701511b4f6020ec61ded352059','2015-02-06 18:31:12','2015-02-06 18:31:12','fcpayadmin','fcpayadmin','DAniCA@weststarinc.co',1,'0',''),('ff8080814b5d80df014b5e7181c902ae','100100200100','CristinA','CristinA','0977000009',NULL,1,'e10adc3949ba59abbe56e057f20f883e','2015-02-06 18:31:12','2015-02-06 18:31:12','fcpayadmin','fcpayadmin','CristinA@weststarinc.co',1,'0',''),('ff8080814b5d80df014b5e7181db02b0','100100200100','Christopher','Christopher','0977000010',NULL,1,'e10adc3949ba59abbe56e057f20f883e','2015-02-06 18:31:12','2015-02-06 18:31:12','fcpayadmin','fcpayadmin','Christopher@weststarinc.co',1,'0',''),('ff8080814b5d80df014b5e7181ed02b2','100100200100','BernAlyn','BernAlyn','0977000011',NULL,1,'26adc133cf5759afaca4bd90f1c7ad49','2015-02-06 18:31:12','2015-02-06 18:31:12','fcpayadmin','fcpayadmin','BernAlyn@weststarinc.co',1,'0',''),('ff8080814b5d80df014b5e7181ff02b4','100100200100','AlAine','AlAine','0977000012',NULL,1,'200820e3227815ed1756a6b531e7e0d2','2015-02-06 18:31:12','2015-02-06 18:31:12','fcpayadmin','fcpayadmin','AlAine@weststarinc.co',1,'0',''),('ff8080814b5d80df014b5e71821102b6','100100200100','umi','umi','0977000014',NULL,1,'c33367701511b4f6020ec61ded352059','2015-02-06 18:31:12','2015-02-06 18:31:12','fcpayadmin','fcpayadmin','umi@weststarinc.co',1,'0',''),('ff8080814b5d80df014b5e71822602b9','100100200100','RiCk','RiCk','0977000015',NULL,1,'9dfbfb399a8357c82ee7551ab6979e6a','2015-02-06 18:31:12','2015-02-06 18:31:12','fcpayadmin','fcpayadmin','RiCk@weststarinc.co',1,'0',''),('ff8080814b5d80df014b5e71823b02bc','100100200100','puAl','puAl','0977000016',NULL,1,'6d04ef4bb3cff4b9f59ea845dd509f99','2015-02-06 18:31:12','2015-02-06 18:31:12','fcpayadmin','fcpayadmin','puAl@weststarinc.co',1,'0',''),('ff8080814b5d80df014b5e71824f02bf','100100200100','Ktwo','Ktwo','0977000017',NULL,1,'200820e3227815ed1756a6b531e7e0d2','2015-02-06 18:31:12','2015-02-06 18:31:12','fcpayadmin','fcpayadmin','Ktwo@weststarinc.co',1,'0',''),('ff8080814b5d80df014b5e71826302c2','100100200100','Jingjing','Jingjing','0977000018',NULL,1,'440cbbedf1e789ad49ac0969d2d8069a','2015-02-06 18:31:12','2015-02-06 18:31:12','fcpayadmin','fcpayadmin','Jingjing@weststarinc.co',1,'0',''),('ff8080814b5d80df014b5e71827702c5','100100200100','hugh','hugh','0977000019',NULL,1,'4edc5299744880c14303633360801138','2015-02-06 18:31:12','2015-02-06 18:31:12','fcpayadmin','fcpayadmin','hugh@weststarinc.co',1,'0',''),('ff8080814b5d80df014b5e71828e02c8','100100200100','Emily','Emily','0977000020',NULL,1,'8306895928a7679f7932598838078374','2015-02-06 18:31:12','2015-02-06 18:31:12','fcpayadmin','fcpayadmin','Emily@weststarinc.co',1,'0',''),('ff8080814b5d80df014b5e7182a202cb','100100200100','Dwan','Dwan','0977000021',NULL,1,'d94b498c1705d15f8dec34cd57e0a0e8','2015-02-06 18:31:12','2015-02-06 18:31:12','fcpayadmin','fcpayadmin','Dwan@weststarinc.co',1,'0',''),('ff8080814b5d80df014b5e7182b702cd','100100200100','DAvid','DAvid','0977000022',NULL,1,'60ae1069518d5f1eacaad033079e2a15','2015-02-06 18:31:12','2015-02-06 18:31:12','fcpayadmin','fcpayadmin','DAvid@weststarinc.co',1,'0',''),('ff8080814b5d80df014b5e7182ce02d0','100100200100','umi1','umi1','0977000014',NULL,1,'e10adc3949ba59abbe56e057f20f883e','2015-02-06 18:31:12','2015-02-06 18:31:12','fcpayadmin','fcpayadmin','umi1@weststarinc.co',1,'0',''),('ff8080814b5d80df014b5e7182ec02d3','100100200100','RiCk1','RiCk1','0977000015',NULL,1,'e10adc3949ba59abbe56e057f20f883e','2015-02-06 18:31:12','2015-02-06 18:31:12','fcpayadmin','fcpayadmin','RiCk1@weststarinc.co',1,'0',''),('ff8080814b5d80df014b5e71830002d6','100100200100','puAl1','puAl1','0977000016',NULL,1,'e10adc3949ba59abbe56e057f20f883e','2015-02-06 18:31:12','2015-02-06 18:31:12','fcpayadmin','fcpayadmin','puAl1@weststarinc.co',1,'0',''),('ff8080814b5d80df014b5e71831402d9','100100200100','Ktwo1','Ktwo1','0977000017',NULL,1,'e10adc3949ba59abbe56e057f20f883e','2015-02-06 18:31:12','2015-02-06 18:31:12','fcpayadmin','fcpayadmin','Ktwo1@weststarinc.co',1,'0',''),('ff8080814b5d80df014b5e71832702dc','100100200100','Jingjing1','Jingjing1','0977000018',NULL,1,'e10adc3949ba59abbe56e057f20f883e','2015-02-06 18:31:12','2015-02-06 18:31:12','fcpayadmin','fcpayadmin','Jingjing1@weststarinc.co',1,'0',''),('ff8080814b5d80df014b5e71833b02df','100100200100','hugh1','hugh1','0977000019',NULL,1,'e10adc3949ba59abbe56e057f20f883e','2015-02-06 18:31:12','2015-02-06 18:31:12','fcpayadmin','fcpayadmin','hugh1@weststarinc.co',1,'0',''),('ff8080814b5d80df014b5e71834f02e2','100100200100','Emily1','Emily1','0977000020',NULL,1,'8306895928a7679f7932598838078374','2015-02-06 18:31:12','2015-02-06 18:31:12','fcpayadmin','fcpayadmin','Emily1@weststarinc.co',1,'0',''),('ff8080814b5d80df014b5e71836402e5','100100200100','Dwan1','Dwan1','0977000021',NULL,1,'cfcce25ee32da5335fa8c17be538150f','2015-02-06 18:31:12','2015-02-06 18:31:12','fcpayadmin','fcpayadmin','Dwan1@weststarinc.co',1,'0',''),('ff8080814b5d80df014b5e71837602e7','100100200100','DAvid1','DAvid1','0977000022',NULL,0,'e10adc3949ba59abbe56e057f20f883e','2015-02-06 18:31:13','2015-02-06 18:31:13','fcpayadmin','fcpayadmin','DAvid1@weststarinc.co',1,'0',''),('ff8080814b5d80df014b5e71838a02ea','100100200100','jixiangcai','jixiangcai','0977000023',NULL,1,'e10adc3949ba59abbe56e057f20f883e','2015-02-06 18:31:13','2015-02-06 18:31:13','fcpayadmin','fcpayadmin','jixiangcai@weststarinc.co',1,'0',''),('ff8080814b5d80df014b5f0a636e0329','100100300100','Andy','Andy','091231231',NULL,1,'e10adc3949ba59abbe56e057f20f883e','2015-02-06 21:18:11','2015-02-06 21:18:11','apaul','apaul','test01@test.com',1,'0','MNL'),('ff8080814b5d80df014b5f0a6387032d','100100300100','Judy','Judy','091231232',NULL,1,'200820e3227815ed1756a6b531e7e0d2','2015-02-06 21:18:11','2015-02-06 21:18:11','apaul','apaul','test02@test.com',1,'0','MNL'),('ff8080814b5d80df014b5f0a639f0332','100100300100','Jackie','Jackie','091231232',NULL,1,'e10adc3949ba59abbe56e057f20f883e','2015-02-06 21:18:11','2015-02-06 21:18:11','apaul','apaul','test01@test.com',1,'0','MNL'),('ff8080814b5d80df014b5f0a63b70337','100100300100','Timothy','Timothy','091231232',NULL,1,'cf496170fe105f5ddace104962301f15','2015-02-06 21:18:11','2015-02-06 21:18:11','apaul','apaul','test01@test.com',1,'0','MNL'),('ff8080814b5d80df014b5f0a63cf033c','100100300100','elick','elick','091231232',NULL,1,'e1736016cd115496f4a5bb7cf317d6da','2015-02-06 21:18:11','2015-02-06 21:18:11','apaul','apaul','test01@test.com',1,'0','MNL'),('ff8080814b5d80df014b5f0a63e60341','100100300100','dennis','dennis','091231232',NULL,1,'e10adc3949ba59abbe56e057f20f883e','2015-02-06 21:18:11','2015-02-06 21:18:11','apaul','apaul','test01@test.com',1,'0','MNL'),('ff8080814b5d80df014b5f0a63fe0346','100100300100','kane','kane','091231232',NULL,1,'ff11fb97c6e22aeb90999c59570a0995','2015-02-06 21:18:11','2015-02-06 21:18:11','apaul','apaul','test01@test.com',1,'0','MNL'),('ff8080814b5d80df014b5f0a64120349','100100300100','kimi','kimi','091231232',NULL,1,'e10adc3949ba59abbe56e057f20f883e','2015-02-06 21:18:11','2015-02-06 21:18:11','apaul','apaul','test01@test.com',1,'0','MNL'),('ff8080814b5d80df014b5f0a6426034c','100100300100','erica','erica','091231232',NULL,1,'0c720a14cbd1d0d40b51dd3b55305dac','2015-02-06 21:18:11','2015-02-06 21:18:11','apaul','apaul','test01@test.com',1,'0','MNL'),('ff8080814b5d80df014b5f0a643a034f','100100300100','lazy','lazy','091231232',NULL,1,'e10adc3949ba59abbe56e057f20f883e','2015-02-06 21:18:12','2015-02-06 21:18:12','apaul','apaul','test01@test.com',1,'0','MNL'),('ff8080814b5d80df014b5f0a644d0352','100100300100','part3jx1','part3jx1','091231232',NULL,1,'200820e3227815ed1756a6b531e7e0d2','2015-02-06 21:18:12','2015-02-06 21:18:12','apaul','apaul','test01@test.com',1,'0','MNL'),('ff8080814b5d80df014b5f0a645f0354','100100300100','part3jx2','part3jx2','091231232',NULL,1,'200820e3227815ed1756a6b531e7e0d2','2015-02-06 21:18:12','2015-02-06 21:18:12','apaul','apaul','test01@test.com',1,'0','MNL');
/*!40000 ALTER TABLE `FC_SYS_USER` ENABLE KEYS */;
UNLOCK TABLES;

--
-- Table structure for table `FC_SYS_USER_ROLE`
--

DROP TABLE IF EXISTS `FC_SYS_USER_ROLE`;
/*!40101 SET @saved_cs_client     = @@character_set_client */;
/*!40101 SET character_set_client = utf8 */;
CREATE TABLE `FC_SYS_USER_ROLE` (
  `USER_ROLE_ID` char(38) CHARACTER SET utf8 COLLATE utf8_bin NOT NULL COMMENT '用户与角色关系ID',
  `ROLE_ID` varchar(64) CHARACTER SET utf8 COLLATE utf8_bin DEFAULT NULL COMMENT '角色ID',
  `USER_ID` char(38) CHARACTER SET utf8 COLLATE utf8_bin DEFAULT NULL COMMENT '用户ID',
  `STATUS` tinyint(4) DEFAULT NULL COMMENT '状态',
  PRIMARY KEY (`USER_ROLE_ID`)
) ENGINE=InnoDB DEFAULT CHARSET=utf8 COMMENT='用户与角色关系表(用户与角色)';
/*!40101 SET character_set_client = @saved_cs_client */;

--
-- Dumping data for table `FC_SYS_USER_ROLE`
--

LOCK TABLES `FC_SYS_USER_ROLE` WRITE;
/*!40000 ALTER TABLE `FC_SYS_USER_ROLE` DISABLE KEYS */;
INSERT INTO `FC_SYS_USER_ROLE` VALUES ('2c90e4854b6460da014b647e45d7007b','ff8080814b495fa3014b4b2290cd000c','2c90e4854b6460da014b647d00c20077',1),('2c90e4854b6460da014b647e45da007c','ff8080814b495fa3014b4b23c7cb000e','2c90e4854b6460da014b647d00c20077',1),('2c90e4854b6460da014b647e45dc007d','ff8080814b495fa3014b4b25b4990010','2c90e4854b6460da014b647d00c20077',1),('2c90e4854b6460da014b647e45df007e','ff8080814b495fa3014b4b2666e90012','2c90e4854b6460da014b647d00c20077',1),('2c90e4854b6460da014b6482be48008a','ff8080814b495fa3014b4b21eaa2000b','2c90e4854b6460da014b647c14f70073',1),('2c90e4854b6460da014b6482be4a008b','ff8080814b495fa3014b4b2625d10011','2c90e4854b6460da014b647c14f70073',1),('2c90e4854b6460da014b6482be4d008c','ff8080814b495fa3014b4b26f8b20015','2c90e4854b6460da014b647c14f70073',1),('2c90e4854b6460da014b6482be4f008d','ff8080814b495fa3014b4b27553b0017','2c90e4854b6460da014b647c14f70073',1),('2c90e4854b6460da014b6482be52008e','ff8080814b495fa3014b4b279ff20019','2c90e4854b6460da014b647c14f70073',1),('admin','admin','admin',1),('ff8080814b578369014b578369350001','ff8080814b495fa3014b4b21b6e2000a','ff8080814b4e59ea014b4e59eafc0001',1),('ff8080814b5a76a0014b5a76a0240001','admin','ff8080814b495fa3014b495fa34b0001',1),('ff8080814b5a76a0014b5a76a0290002','ff8080814b495fa3014b4b1e4b0a0006','ff8080814b495fa3014b495fa34b0001',1),('ff8080814b5a76a0014b5a76a02d0003','ff8080814b495fa3014b4b1ed88e0007','ff8080814b495fa3014b495fa34b0001',1),('ff8080814b5a76a0014b5a76a0310004','ff8080814b495fa3014b4b1f2ac20008','ff8080814b495fa3014b495fa34b0001',1),('ff8080814b5a76a0014b5a76a0360005','ff8080814b495fa3014b4b2170f70009','ff8080814b495fa3014b495fa34b0001',1),('ff8080814b5a76a0014b5a76a03a0006','ff8080814b495fa3014b4b21b6e2000a','ff8080814b495fa3014b495fa34b0001',1),('ff8080814b5a76a0014b5a76a03e0007','ff8080814b495fa3014b4b21eaa2000b','ff8080814b495fa3014b495fa34b0001',1),('ff8080814b5a76a0014b5a76a0430008','ff8080814b495fa3014b4b2290cd000c','ff8080814b495fa3014b495fa34b0001',1),('ff8080814b5a76a0014b5a76a0470009','ff8080814b495fa3014b4b239514000d','ff8080814b495fa3014b495fa34b0001',1),('ff8080814b5a76a0014b5a76a04b000a','ff8080814b495fa3014b4b23c7cb000e','ff8080814b495fa3014b495fa34b0001',1),('ff8080814b5a76a0014b5a76a04f000b','ff8080814b495fa3014b4b243c0b000f','ff8080814b495fa3014b495fa34b0001',1),('ff8080814b5a76a0014b5a76a053000c','ff8080814b495fa3014b4b25b4990010','ff8080814b495fa3014b495fa34b0001',1),('ff8080814b5a76a0014b5a76a056000d','ff8080814b495fa3014b4b2625d10011','ff8080814b495fa3014b495fa34b0001',1),('ff8080814b5a76a0014b5a76a05a000e','ff8080814b495fa3014b4b2666e90012','ff8080814b495fa3014b495fa34b0001',1),('ff8080814b5a76a0014b5a76a05e000f','ff8080814b495fa3014b4b2688b50013','ff8080814b495fa3014b495fa34b0001',1),('ff8080814b5a76a0014b5a76a0620010','ff8080814b495fa3014b4b26c4db0014','ff8080814b495fa3014b495fa34b0001',1),('ff8080814b5a76a0014b5a76a0680011','ff8080814b495fa3014b4b26f8b20015','ff8080814b495fa3014b495fa34b0001',1),('ff8080814b5a76a0014b5a76a06c0012','ff8080814b495fa3014b4b2723270016','ff8080814b495fa3014b495fa34b0001',1),('ff8080814b5a76a0014b5a76a0700013','ff8080814b495fa3014b4b27553b0017','ff8080814b495fa3014b495fa34b0001',1),('ff8080814b5a76a0014b5a76a0740014','ff8080814b495fa3014b4b277b610018','ff8080814b495fa3014b495fa34b0001',1),('ff8080814b5a76a0014b5a76a0770015','ff8080814b495fa3014b4b279ff20019','ff8080814b495fa3014b495fa34b0001',1),('ff8080814b5a76a0014b5a774dfb0017','ff8080814b495fa3014b4b2625d10011','ff8080814b5a63c8014b5a63c8ba0001',1),('ff8080814b5a76a0014b5a776c2d0018','ff8080814b495fa3014b4b2625d10011','ff8080814b5a63c8014b5a6520460002',1),('ff8080814b5a76a0014b5a77cf980019','admin','ff8080814b495fa3014b49b0db7c0003',1),('ff8080814b5a76a0014b5a77cf9c001a','ff8080814b495fa3014b4b1e4b0a0006','ff8080814b495fa3014b49b0db7c0003',1),('ff8080814b5a76a0014b5a77cfa0001b','ff8080814b495fa3014b4b1ed88e0007','ff8080814b495fa3014b49b0db7c0003',1),('ff8080814b5a76a0014b5a77cfa4001c','ff8080814b495fa3014b4b1f2ac20008','ff8080814b495fa3014b49b0db7c0003',1),('ff8080814b5a76a0014b5a77cfa7001d','ff8080814b495fa3014b4b2170f70009','ff8080814b495fa3014b49b0db7c0003',1),('ff8080814b5a76a0014b5a77cfab001e','ff8080814b495fa3014b4b21b6e2000a','ff8080814b495fa3014b49b0db7c0003',1),('ff8080814b5a76a0014b5a77cfaf001f','ff8080814b495fa3014b4b21eaa2000b','ff8080814b495fa3014b49b0db7c0003',1),('ff8080814b5a76a0014b5a77cfb30020','ff8080814b495fa3014b4b2290cd000c','ff8080814b495fa3014b49b0db7c0003',1),('ff8080814b5a76a0014b5a77cfb60021','ff8080814b495fa3014b4b239514000d','ff8080814b495fa3014b49b0db7c0003',1),('ff8080814b5a76a0014b5a77cfba0022','ff8080814b495fa3014b4b23c7cb000e','ff8080814b495fa3014b49b0db7c0003',1),('ff8080814b5a76a0014b5a77cfbe0023','ff8080814b495fa3014b4b243c0b000f','ff8080814b495fa3014b49b0db7c0003',1),('ff8080814b5a76a0014b5a77cfc10024','ff8080814b495fa3014b4b25b4990010','ff8080814b495fa3014b49b0db7c0003',1),('ff8080814b5a76a0014b5a77cfc50025','ff8080814b495fa3014b4b2625d10011','ff8080814b495fa3014b49b0db7c0003',1),('ff8080814b5a76a0014b5a77cfc80026','ff8080814b495fa3014b4b2666e90012','ff8080814b495fa3014b49b0db7c0003',1),('ff8080814b5a76a0014b5a77cfcc0027','ff8080814b495fa3014b4b2688b50013','ff8080814b495fa3014b49b0db7c0003',1),('ff8080814b5a76a0014b5a77cfcf0028','ff8080814b495fa3014b4b26c4db0014','ff8080814b495fa3014b49b0db7c0003',1),('ff8080814b5a76a0014b5a77cfd20029','ff8080814b495fa3014b4b26f8b20015','ff8080814b495fa3014b49b0db7c0003',1),('ff8080814b5a76a0014b5a77cfd6002a','ff8080814b495fa3014b4b2723270016','ff8080814b495fa3014b49b0db7c0003',1),('ff8080814b5a76a0014b5a77cfd9002b','ff8080814b495fa3014b4b27553b0017','ff8080814b495fa3014b49b0db7c0003',1),('ff8080814b5a76a0014b5a77cfdc002c','ff8080814b495fa3014b4b277b610018','ff8080814b495fa3014b49b0db7c0003',1),('ff8080814b5a76a0014b5a77cfe0002d','ff8080814b495fa3014b4b279ff20019','ff8080814b495fa3014b49b0db7c0003',1),('ff8080814b5a76a0014b5a7b08b70037','ff8080814b495fa3014b4b25b4990010','ff8080814b5a76a0014b5a7a89d60034',1),('ff8080814b5a76a0014b5a7b64ff0039','ff8080814b495fa3014b4b25b4990010','ff8080814b5a76a0014b5a7ad3680035',1),('ff8080814b5a76a0014b5a7c8d26003c','ff8080814b495fa3014b4b2723270016','ff8080814b5a76a0014b5a771a410016',1),('ff8080814b5a76a0014b5a7c9e0e003d','ff8080814b495fa3014b4b2723270016','ff8080814b5a76a0014b5a795f94002e',1),('ff8080814b5a76a0014b5a7cb971003e','ff8080814b495fa3014b4b26f8b20015','ff8080814b5a76a0014b5a79a90b002f',1),('ff8080814b5a76a0014b5a7cd2b30041','ff8080814b495fa3014b4b26f8b20015','ff8080814b5a76a0014b5a79eb550030',1),('ff8080814b5a76a0014b5a7cf7e20042','ff8080814b495fa3014b4b26c4db0014','ff8080814b5a76a0014b5a7a3b3d0032',1),('ff8080814b5a76a0014b5a7d04c00043','ff8080814b495fa3014b4b26c4db0014','ff8080814b5a76a0014b5a7a6c020033',1),('ff8080814b5a76a0014b5a7d4baa0044','ff8080814b495fa3014b4b243c0b000f','ff8080814b5a76a0014b5a7cbeec003f',1),('ff8080814b5a76a0014b5a7ef84f0048','ff8080814b495fa3014b4b27553b0017','ff8080814b5a76a0014b5a7b64c80038',1),('ff8080814b5a76a0014b5a7f11900049','ff8080814b495fa3014b4b27553b0017','ff8080814b5a76a0014b5a7c1fd8003a',1),('ff8080814b5a76a0014b5a80a5f7004d','ff8080814b495fa3014b4b243c0b000f','ff8080814b5a76a0014b5a80756a004c',1),('ff8080814b5a76a0014b5a83743c004f','ff8080814b495fa3014b4b279ff20019','ff8080814b5a76a0014b5a7a068c0031',1),('ff8080814b5a76a0014b5a839b370051','ff8080814b495fa3014b4b279ff20019','ff8080814b5a76a0014b5a7b00d60036',1),('ff8080814b5a76a0014b5a83dd460052','ff8080814b495fa3014b4b277b610018','ff8080814b5a76a0014b5a7c70ad003b',1),('ff8080814b5a76a0014b5a83ef750053','ff8080814b495fa3014b4b277b610018','ff8080814b5a76a0014b5a7ccfbc0040',1),('ff8080814b5a9794014b5a9d2b0a000f','ff8080814b495fa3014b4b21b6e2000a','ff8080814b5a9794014b5a9cca56000c',1),('ff8080814b5af83e014b5d6e951d004e','admin','ff8080814b5af83e014b5d6e2728004d',1),('ff8080814b5af83e014b5d6e951f004f','ff8080814b495fa3014b4b1ed88e0007','ff8080814b5af83e014b5d6e2728004d',1),('ff8080814b5af83e014b5d6e95220050','ff8080814b495fa3014b4b2170f70009','ff8080814b5af83e014b5d6e2728004d',1),('ff8080814b5af83e014b5d6e95240051','ff8080814b495fa3014b4b239514000d','ff8080814b5af83e014b5d6e2728004d',1),('ff8080814b5af83e014b5d6e95270052','ff8080814b495fa3014b4b243c0b000f','ff8080814b5af83e014b5d6e2728004d',1),('ff8080814b5af83e014b5d6e95290053','ff8080814b495fa3014b4b2625d10011','ff8080814b5af83e014b5d6e2728004d',1),('ff8080814b5af83e014b5d6e952c0054','ff8080814b495fa3014b4b2688b50013','ff8080814b5af83e014b5d6e2728004d',1),('ff8080814b5af83e014b5d6e952e0055','ff8080814b495fa3014b4b1e4b0a0006','ff8080814b5af83e014b5d6e2728004d',1),('ff8080814b5af83e014b5d6e95300056','ff8080814b495fa3014b4b1f2ac20008','ff8080814b5af83e014b5d6e2728004d',1),('ff8080814b5af83e014b5d6e95330057','ff8080814b495fa3014b4b25b4990010','ff8080814b5af83e014b5d6e2728004d',1),('ff8080814b5af83e014b5d6e95350058','ff8080814b495fa3014b4b2666e90012','ff8080814b5af83e014b5d6e2728004d',1),('ff8080814b5d80df014b5dfbfc7a01a0','ff8080814b495fa3014b4b2666e90012','ff8080814b5d80df014b5dfbfc77019f',1),('ff8080814b5d80df014b5dfbfc8f01a2','ff8080814b495fa3014b4b2666e90012','ff8080814b5d80df014b5dfbfc8d01a1',1),('ff8080814b5d80df014b5dfbfca301a4','ff8080814b495fa3014b4b2666e90012','ff8080814b5d80df014b5dfbfca101a3',1),('ff8080814b5d80df014b5dfbfcb501a6','ff8080814b495fa3014b4b2666e90012','ff8080814b5d80df014b5dfbfcb301a5',1),('ff8080814b5d80df014b5dfbfcc701a8','ff8080814b495fa3014b4b2688b50013','ff8080814b5d80df014b5dfbfcc501a7',1),('ff8080814b5d80df014b5dfbfcda01aa','ff8080814b495fa3014b4b2688b50013','ff8080814b5d80df014b5dfbfcd801a9',1),('ff8080814b5d80df014b5dfbfcec01ac','ff8080814b495fa3014b4b1ed88e0007','ff8080814b5d80df014b5dfbfcea01ab',1),('ff8080814b5d80df014b5dfbfcfe01ae','ff8080814b495fa3014b4b1ed88e0007','ff8080814b5d80df014b5dfbfcfc01ad',1),('ff8080814b5d80df014b5dfbfd1201b0','ff8080814b495fa3014b4b1ed88e0007','ff8080814b5d80df014b5dfbfd0f01af',1),('ff8080814b5d80df014b5dfbfd2501b2','ff8080814b495fa3014b4b25b4990010','ff8080814b5d80df014b5dfbfd2301b1',1),('ff8080814b5d80df014b5dfbfd3701b4','ff8080814b495fa3014b4b25b4990010','ff8080814b5d80df014b5dfbfd3501b3',1),('ff8080814b5d80df014b5dfbfd5c01b8','ff8080814b495fa3014b4b25b4990010','ff8080814b5d80df014b5dfbfd5901b7',1),('ff8080814b5d80df014b5dfbfd6f01ba','ff8080814b495fa3014b4b25b4990010','ff8080814b5d80df014b5dfbfd6c01b9',1),('ff8080814b5d80df014b5dfbfd8101bc','ff8080814b495fa3014b4b25b4990010','ff8080814b5d80df014b5dfbfd7f01bb',1),('ff8080814b5d80df014b5dfbfd9301be','ff8080814b495fa3014b4b25b4990010','ff8080814b5d80df014b5dfbfd9101bd',1),('ff8080814b5d80df014b5dfbfda601c0','ff8080814b495fa3014b4b25b4990010','ff8080814b5d80df014b5dfbfda401bf',1),('ff8080814b5d80df014b5dfbfdb901c2','ff8080814b495fa3014b4b25b4990010','ff8080814b5d80df014b5dfbfdb701c1',1),('ff8080814b5d80df014b5dfbfdcb01c4','ff8080814b495fa3014b4b25b4990010','ff8080814b5d80df014b5dfbfdc901c3',1),('ff8080814b5d80df014b5dfbfddd01c6','ff8080814b495fa3014b4b25b4990010','ff8080814b5d80df014b5dfbfddb01c5',1),('ff8080814b5d80df014b5dfbfdf001c8','ff8080814b495fa3014b4b2625d10011','ff8080814b5d80df014b5dfbfdee01c7',1),('ff8080814b5d80df014b5dfbfe0201ca','ff8080814b495fa3014b4b2625d10011','ff8080814b5d80df014b5dfbfe0001c9',1),('ff8080814b5d80df014b5dfbfe1501cc','ff8080814b495fa3014b4b2625d10011','ff8080814b5d80df014b5dfbfe1301cb',1),('ff8080814b5d80df014b5dfbfe2801ce','ff8080814b495fa3014b4b2625d10011','ff8080814b5d80df014b5dfbfe2501cd',1),('ff8080814b5d80df014b5dfbfe3a01d0','ff8080814b495fa3014b4b2625d10011','ff8080814b5d80df014b5dfbfe3801cf',1),('ff8080814b5d80df014b5dfbfe4d01d2','ff8080814b495fa3014b4b2625d10011','ff8080814b5d80df014b5dfbfe4b01d1',1),('ff8080814b5d80df014b5dfbfe6001d4','ff8080814b495fa3014b4b2625d10011','ff8080814b5d80df014b5dfbfe5e01d3',1),('ff8080814b5d80df014b5dfbfe7201d6','ff8080814b495fa3014b4b2625d10011','ff8080814b5d80df014b5dfbfe7001d5',1),('ff8080814b5d80df014b5dfbfe8401d8','ff8080814b495fa3014b4b2625d10011','ff8080814b5d80df014b5dfbfe8201d7',1),('ff8080814b5d80df014b5dfbfe9601da','ff8080814b495fa3014b4b25b4990010','ff8080814b5d80df014b5dfbfe9401d9',1),('ff8080814b5d80df014b5dfbfea901dc','ff8080814b495fa3014b4b2625d10011','ff8080814b5d80df014b5dfbfea701db',1),('ff8080814b5d80df014b5dfbfebb01de','ff8080814b495fa3014b4b2625d10011','ff8080814b5d80df014b5dfbfeb901dd',1),('ff8080814b5d80df014b5dfbfece01e0','ff8080814b495fa3014b4b2625d10011','ff8080814b5d80df014b5dfbfecc01df',1),('ff8080814b5d80df014b5dfbfee001e2','ff8080814b495fa3014b4b2625d10011','ff8080814b5d80df014b5dfbfede01e1',1),('ff8080814b5d80df014b5dfbfef201e4','ff8080814b495fa3014b4b2625d10011','ff8080814b5d80df014b5dfbfef001e3',1),('ff8080814b5d80df014b5dfbff0401e6','ff8080814b495fa3014b4b2625d10011','ff8080814b5d80df014b5dfbff0201e5',1),('ff8080814b5d80df014b5dfbff1601e8','ff8080814b495fa3014b4b2625d10011','ff8080814b5d80df014b5dfbff1401e7',1),('ff8080814b5d80df014b5dfbff2901ea','ff8080814b495fa3014b4b2625d10011','ff8080814b5d80df014b5dfbff2601e9',1),('ff8080814b5d80df014b5dfbff3b01ec','ff8080814b495fa3014b4b2625d10011','ff8080814b5d80df014b5dfbff3901eb',1),('ff8080814b5d80df014b5dfbff4d01ee','ff8080814b495fa3014b4b2625d10011','ff8080814b5d80df014b5dfbff4b01ed',1),('ff8080814b5d80df014b5dfbff5f01f0','ff8080814b495fa3014b4b2625d10011','ff8080814b5d80df014b5dfbff5d01ef',1),('ff8080814b5d80df014b5dfbff7301f2','ff8080814b495fa3014b4b2625d10011','ff8080814b5d80df014b5dfbff7101f1',1),('ff8080814b5d80df014b5dfbff8501f4','ff8080814b495fa3014b4b2625d10011','ff8080814b5d80df014b5dfbff8301f3',1),('ff8080814b5d80df014b5dfbff9801f6','ff8080814b495fa3014b4b2625d10011','ff8080814b5d80df014b5dfbff9601f5',1),('ff8080814b5d80df014b5dfbffab01f8','ff8080814b495fa3014b4b2625d10011','ff8080814b5d80df014b5dfbffa801f7',1),('ff8080814b5d80df014b5dfbffbd01fa','ff8080814b495fa3014b4b2625d10011','ff8080814b5d80df014b5dfbffbb01f9',1),('ff8080814b5d80df014b5dfbffcf01fc','ff8080814b495fa3014b4b2625d10011','ff8080814b5d80df014b5dfbffcd01fb',1),('ff8080814b5d80df014b5dfbffe101fe','ff8080814b495fa3014b4b2625d10011','ff8080814b5d80df014b5dfbffdf01fd',1),('ff8080814b5d80df014b5dfbfff60200','ff8080814b495fa3014b4b2625d10011','ff8080814b5d80df014b5dfbfff401ff',1),('ff8080814b5d80df014b5dfc00080202','ff8080814b495fa3014b4b2625d10011','ff8080814b5d80df014b5dfc00060201',1),('ff8080814b5d80df014b5dfc00210204','ff8080814b495fa3014b4b2625d10011','ff8080814b5d80df014b5dfc001f0203',1),('ff8080814b5d80df014b5dfc00340206','ff8080814b495fa3014b4b2625d10011','ff8080814b5d80df014b5dfc00320205',1),('ff8080814b5d80df014b5dfc004f0208','ff8080814b495fa3014b4b2625d10011','ff8080814b5d80df014b5dfc004c0207',1),('ff8080814b5d80df014b5dfc0062020a','ff8080814b495fa3014b4b2625d10011','ff8080814b5d80df014b5dfc00600209',1),('ff8080814b5d80df014b5dfc0075020c','ff8080814b495fa3014b4b2625d10011','ff8080814b5d80df014b5dfc0073020b',1),('ff8080814b5d80df014b5dfc009a0210','ff8080814b495fa3014b4b2625d10011','ff8080814b5d80df014b5dfc0098020f',1),('ff8080814b5d80df014b5dfc00ac0212','ff8080814b495fa3014b4b2625d10011','ff8080814b5d80df014b5dfc00aa0211',1),('ff8080814b5d80df014b5dfc00c10214','ff8080814b495fa3014b4b2625d10011','ff8080814b5d80df014b5dfc00bf0213',1),('ff8080814b5d80df014b5e71811e029f','ff8080814b495fa3014b4b27553b0017','ff8080814b5d80df014b5e71811c029e',1),('ff8080814b5d80df014b5e71813202a1','ff8080814b495fa3014b4b27553b0017','ff8080814b5d80df014b5e71813002a0',1),('ff8080814b5d80df014b5e71814402a3','ff8080814b495fa3014b4b27553b0017','ff8080814b5d80df014b5e71814202a2',1),('ff8080814b5d80df014b5e71815702a5','ff8080814b495fa3014b4b27553b0017','ff8080814b5d80df014b5e71815502a4',1),('ff8080814b5d80df014b5e71818102a7','ff8080814b495fa3014b4b27553b0017','ff8080814b5d80df014b5e71817f02a6',1),('ff8080814b5d80df014b5e71819302a9','ff8080814b495fa3014b4b27553b0017','ff8080814b5d80df014b5e71819102a8',1),('ff8080814b5d80df014b5e7181a602ab','ff8080814b495fa3014b4b27553b0017','ff8080814b5d80df014b5e7181a402aa',1),('ff8080814b5d80df014b5e7181b802ad','ff8080814b495fa3014b4b27553b0017','ff8080814b5d80df014b5e7181b602ac',1),('ff8080814b5d80df014b5e7181cb02af','ff8080814b495fa3014b4b27553b0017','ff8080814b5d80df014b5e7181c902ae',1),('ff8080814b5d80df014b5e7181dd02b1','ff8080814b495fa3014b4b27553b0017','ff8080814b5d80df014b5e7181db02b0',1),('ff8080814b5d80df014b5e7181ef02b3','ff8080814b495fa3014b4b27553b0017','ff8080814b5d80df014b5e7181ed02b2',1),('ff8080814b5d80df014b5e71820102b5','ff8080814b495fa3014b4b27553b0017','ff8080814b5d80df014b5e7181ff02b4',1),('ff8080814b5d80df014b5e71821302b7','ff8080814b495fa3014b4b243c0b000f','ff8080814b5d80df014b5e71821102b6',1),('ff8080814b5d80df014b5e71821302b8','ff8080814b495fa3014b4b279ff20019','ff8080814b5d80df014b5e71821102b6',1),('ff8080814b5d80df014b5e71822802ba','ff8080814b495fa3014b4b243c0b000f','ff8080814b5d80df014b5e71822602b9',1),('ff8080814b5d80df014b5e71822802bb','ff8080814b495fa3014b4b279ff20019','ff8080814b5d80df014b5e71822602b9',1),('ff8080814b5d80df014b5e71823d02bd','ff8080814b495fa3014b4b243c0b000f','ff8080814b5d80df014b5e71823b02bc',1),('ff8080814b5d80df014b5e71823d02be','ff8080814b495fa3014b4b279ff20019','ff8080814b5d80df014b5e71823b02bc',1),('ff8080814b5d80df014b5e71825202c0','ff8080814b495fa3014b4b243c0b000f','ff8080814b5d80df014b5e71824f02bf',1),('ff8080814b5d80df014b5e71825202c1','ff8080814b495fa3014b4b279ff20019','ff8080814b5d80df014b5e71824f02bf',1),('ff8080814b5d80df014b5e71826502c3','ff8080814b495fa3014b4b243c0b000f','ff8080814b5d80df014b5e71826302c2',1),('ff8080814b5d80df014b5e71826502c4','ff8080814b495fa3014b4b279ff20019','ff8080814b5d80df014b5e71826302c2',1),('ff8080814b5d80df014b5e71827a02c6','ff8080814b495fa3014b4b243c0b000f','ff8080814b5d80df014b5e71827702c5',1),('ff8080814b5d80df014b5e71827a02c7','ff8080814b495fa3014b4b279ff20019','ff8080814b5d80df014b5e71827702c5',1),('ff8080814b5d80df014b5e71829002c9','ff8080814b495fa3014b4b243c0b000f','ff8080814b5d80df014b5e71828e02c8',1),('ff8080814b5d80df014b5e71829002ca','ff8080814b495fa3014b4b279ff20019','ff8080814b5d80df014b5e71828e02c8',1),('ff8080814b5d80df014b5e7182a402cc','ff8080814b5d80df014b5e5d56ec023c','ff8080814b5d80df014b5e7182a202cb',1),('ff8080814b5d80df014b5e7182ba02ce','ff8080814b495fa3014b4b243c0b000f','ff8080814b5d80df014b5e7182b702cd',1),('ff8080814b5d80df014b5e7182ba02cf','ff8080814b495fa3014b4b279ff20019','ff8080814b5d80df014b5e7182b702cd',1),('ff8080814b5d80df014b5e7182d102d1','ff8080814b495fa3014b4b243c0b000f','ff8080814b5d80df014b5e7182ce02d0',1),('ff8080814b5d80df014b5e7182d102d2','ff8080814b495fa3014b4b279ff20019','ff8080814b5d80df014b5e7182ce02d0',1),('ff8080814b5d80df014b5e7182ee02d4','ff8080814b495fa3014b4b243c0b000f','ff8080814b5d80df014b5e7182ec02d3',1),('ff8080814b5d80df014b5e7182ee02d5','ff8080814b495fa3014b4b279ff20019','ff8080814b5d80df014b5e7182ec02d3',1),('ff8080814b5d80df014b5e71830202d7','ff8080814b495fa3014b4b243c0b000f','ff8080814b5d80df014b5e71830002d6',1),('ff8080814b5d80df014b5e71830202d8','ff8080814b495fa3014b4b279ff20019','ff8080814b5d80df014b5e71830002d6',1),('ff8080814b5d80df014b5e71831602da','ff8080814b495fa3014b4b243c0b000f','ff8080814b5d80df014b5e71831402d9',1),('ff8080814b5d80df014b5e71831602db','ff8080814b495fa3014b4b279ff20019','ff8080814b5d80df014b5e71831402d9',1),('ff8080814b5d80df014b5e71832902dd','ff8080814b495fa3014b4b243c0b000f','ff8080814b5d80df014b5e71832702dc',1),('ff8080814b5d80df014b5e71832902de','ff8080814b495fa3014b4b279ff20019','ff8080814b5d80df014b5e71832702dc',1),('ff8080814b5d80df014b5e71833d02e0','ff8080814b495fa3014b4b243c0b000f','ff8080814b5d80df014b5e71833b02df',1),('ff8080814b5d80df014b5e71833d02e1','ff8080814b495fa3014b4b279ff20019','ff8080814b5d80df014b5e71833b02df',1),('ff8080814b5d80df014b5e71835202e3','ff8080814b495fa3014b4b243c0b000f','ff8080814b5d80df014b5e71834f02e2',1),('ff8080814b5d80df014b5e71835202e4','ff8080814b495fa3014b4b279ff20019','ff8080814b5d80df014b5e71834f02e2',1),('ff8080814b5d80df014b5e71836602e6','ff8080814b5d80df014b5e5d56ec023c','ff8080814b5d80df014b5e71836402e5',1),('ff8080814b5d80df014b5e71837802e8','ff8080814b495fa3014b4b243c0b000f','ff8080814b5d80df014b5e71837602e7',1),('ff8080814b5d80df014b5e71837802e9','ff8080814b495fa3014b4b279ff20019','ff8080814b5d80df014b5e71837602e7',1),('ff8080814b5d80df014b5e71838c02eb','ff8080814b495fa3014b4b21b6e2000a','ff8080814b5d80df014b5e71838a02ea',1),('ff8080814b5d80df014b5f0a6370032a','ff8080814b495fa3014b4b1e4b0a0006','ff8080814b5d80df014b5f0a636e0329',1),('ff8080814b5d80df014b5f0a6370032b','ff8080814b495fa3014b4b239514000d','ff8080814b5d80df014b5f0a636e0329',1),('ff8080814b5d80df014b5f0a6370032c','ff8080814b495fa3014b4b23c7cb000e','ff8080814b5d80df014b5f0a636e0329',1),('ff8080814b5d80df014b5f0a6389032e','ff8080814b495fa3014b4b1e4b0a0006','ff8080814b5d80df014b5f0a6387032d',1),('ff8080814b5d80df014b5f0a6389032f','ff8080814b495fa3014b4b2170f70009','ff8080814b5d80df014b5f0a6387032d',1),('ff8080814b5d80df014b5f0a63890330','ff8080814b495fa3014b4b26f8b20015','ff8080814b5d80df014b5f0a6387032d',1),('ff8080814b5d80df014b5f0a63890331','ff8080814b495fa3014b4b277b610018','ff8080814b5d80df014b5f0a6387032d',1),('ff8080814b5d80df014b5f0a63a20333','ff8080814b495fa3014b4b1e4b0a0006','ff8080814b5d80df014b5f0a639f0332',1),('ff8080814b5d80df014b5f0a63a20334','ff8080814b495fa3014b4b2170f70009','ff8080814b5d80df014b5f0a639f0332',1),('ff8080814b5d80df014b5f0a63a20335','ff8080814b495fa3014b4b26f8b20015','ff8080814b5d80df014b5f0a639f0332',1),('ff8080814b5d80df014b5f0a63a20336','ff8080814b495fa3014b4b277b610018','ff8080814b5d80df014b5f0a639f0332',1),('ff8080814b5d80df014b5f0a63b90338','ff8080814b495fa3014b4b1e4b0a0006','ff8080814b5d80df014b5f0a63b70337',1),('ff8080814b5d80df014b5f0a63b90339','ff8080814b495fa3014b4b2170f70009','ff8080814b5d80df014b5f0a63b70337',1),('ff8080814b5d80df014b5f0a63b9033a','ff8080814b495fa3014b4b26f8b20015','ff8080814b5d80df014b5f0a63b70337',1),('ff8080814b5d80df014b5f0a63b9033b','ff8080814b495fa3014b4b277b610018','ff8080814b5d80df014b5f0a63b70337',1),('ff8080814b5d80df014b5f0a63d1033d','ff8080814b495fa3014b4b1e4b0a0006','ff8080814b5d80df014b5f0a63cf033c',1),('ff8080814b5d80df014b5f0a63d1033e','ff8080814b495fa3014b4b2170f70009','ff8080814b5d80df014b5f0a63cf033c',1),('ff8080814b5d80df014b5f0a63d1033f','ff8080814b495fa3014b4b26f8b20015','ff8080814b5d80df014b5f0a63cf033c',1),('ff8080814b5d80df014b5f0a63d10340','ff8080814b495fa3014b4b277b610018','ff8080814b5d80df014b5f0a63cf033c',1),('ff8080814b5d80df014b5f0a63e80342','ff8080814b495fa3014b4b1e4b0a0006','ff8080814b5d80df014b5f0a63e60341',1),('ff8080814b5d80df014b5f0a63e80343','ff8080814b495fa3014b4b2170f70009','ff8080814b5d80df014b5f0a63e60341',1),('ff8080814b5d80df014b5f0a63e80344','ff8080814b495fa3014b4b26f8b20015','ff8080814b5d80df014b5f0a63e60341',1),('ff8080814b5d80df014b5f0a63e80345','ff8080814b495fa3014b4b277b610018','ff8080814b5d80df014b5f0a63e60341',1),('ff8080814b5d80df014b5f0a64000347','ff8080814b495fa3014b4b26f8b20015','ff8080814b5d80df014b5f0a63fe0346',1),('ff8080814b5d80df014b5f0a64000348','ff8080814b495fa3014b4b277b610018','ff8080814b5d80df014b5f0a63fe0346',1),('ff8080814b5d80df014b5f0a6414034a','ff8080814b495fa3014b4b26f8b20015','ff8080814b5d80df014b5f0a64120349',1),('ff8080814b5d80df014b5f0a6414034b','ff8080814b495fa3014b4b277b610018','ff8080814b5d80df014b5f0a64120349',1),('ff8080814b5d80df014b5f0a6428034d','ff8080814b495fa3014b4b26f8b20015','ff8080814b5d80df014b5f0a6426034c',1),('ff8080814b5d80df014b5f0a6428034e','ff8080814b495fa3014b4b277b610018','ff8080814b5d80df014b5f0a6426034c',1),('ff8080814b5d80df014b5f0a643c0350','ff8080814b495fa3014b4b26f8b20015','ff8080814b5d80df014b5f0a643a034f',1),('ff8080814b5d80df014b5f0a643c0351','ff8080814b495fa3014b4b277b610018','ff8080814b5d80df014b5f0a643a034f',1),('ff8080814b5d80df014b5f0a644f0353','ff8080814b495fa3014b4b2723270016','ff8080814b5d80df014b5f0a644d0352',1),('ff8080814b5d80df014b5f0a64610355','ff8080814b495fa3014b4b26c4db0014','ff8080814b5d80df014b5f0a645f0354',1);
/*!40000 ALTER TABLE `FC_SYS_USER_ROLE` ENABLE KEYS */;
UNLOCK TABLES;

--
-- Table structure for table `FC_SHIFT_ACCOUNT_DETAIL`
--

DROP TABLE IF EXISTS `FC_SHIFT_ACCOUNT_DETAIL`;
/*!40101 SET @saved_cs_client     = @@character_set_client */;
/*!40101 SET character_set_client = utf8 */;
CREATE TABLE `FC_SHIFT_ACCOUNT_DETAIL` (
  `ACCOUNT_ALIAS` char(38) CHARACTER SET utf8 COLLATE utf8_bin NOT NULL COMMENT '账户编号(内部用于方便记忆的编号，比如ICBC5, 与平台编号共同确保唯一号，要有规则)',
  `BEGIN_BALANCE` decimal(16,4) DEFAULT NULL COMMENT '初始余额',
  `TOTAL_INCOME` decimal(16,4) DEFAULT NULL COMMENT '总收入',
  `TOTAL_PAY` decimal(16,4) DEFAULT NULL COMMENT '总支出',
  `LAST_BALANCE` decimal(16,4) DEFAULT NULL COMMENT '账户余额',
  `UPT_DATETIME` datetime DEFAULT NULL COMMENT '账务变动时间',
  `TRANS_OUT_COUNT` int(11) DEFAULT NULL COMMENT '转账条数',
  `TRANS_IN_COUNT` int(11) DEFAULT NULL COMMENT '转入条数',
  PRIMARY KEY (`ACCOUNT_ALIAS`)
) ENGINE=InnoDB DEFAULT CHARSET=utf8 COMMENT='活动账户分户汇总表(记录各活动账户分户账的当期汇总信息，每个交接班为一个周期，与活动账户管理表中的活动账户一致，当发生交';
/*!40101 SET character_set_client = @saved_cs_client */;

--
-- Dumping data for table `FC_SHIFT_ACCOUNT_DETAIL`
--

LOCK TABLES `FC_SHIFT_ACCOUNT_DETAIL` WRITE;
/*!40000 ALTER TABLE `FC_SHIFT_ACCOUNT_DETAIL` DISABLE KEYS */;
INSERT INTO `FC_SHIFT_ACCOUNT_DETAIL` VALUES ('ABC00414',21.0000,0.0000,31.9600,-10.9600,'2015-02-07 23:38:57',3,0),('ABC00678',100.0000,0.0000,0.0000,100.0000,'2015-02-03 16:08:28',0,0),('ABC00810',100.0000,0.0000,0.0000,97.0700,'2015-02-07 13:16:48',0,0),('ABC00813',100.0000,0.0000,2.7100,97.2900,'2015-02-06 15:42:58',1,0),('ABC20099',20.0000,0.0000,0.0000,20.0000,'2015-02-06 20:59:37',0,0),('ABC20219',100.0000,0.0000,0.0000,100.0000,'2015-02-03 16:08:28',0,0),('ABC20381',100.0000,25.9600,17.3000,108.6600,'2015-02-07 23:38:57',2,3),('CCB00336',22.0000,0.0000,0.0000,22.0000,'2015-02-06 20:59:37',0,0),('CCB00487',18.0000,0.0000,0.0000,18.0000,'2015-02-06 20:59:37',0,0),('CCB00644',100.0000,0.0000,3.4100,96.5900,'2015-02-06 15:52:36',1,0),('CCB00779',100.0000,0.0000,0.0000,100.0000,'2015-02-03 16:08:28',0,0),('CCB00801',100.0000,0.0000,3.1700,96.8300,'2015-02-06 16:23:20',1,0),('CCB20437',100.0000,0.0000,0.0000,100.0000,'2015-02-05 23:01:23',0,0),('CCB20438',100.0000,0.0000,0.0000,100.0000,'2015-02-05 23:01:23',0,0),('CMB00600',13.0000,0.0000,0.0000,13.0000,'2015-02-06 20:59:37',0,0),('CMB00604',12.0000,0.0000,0.0000,12.0000,'2015-02-06 20:59:37',0,0),('CMB00636',14.0000,0.0000,0.0000,14.0000,'2015-02-06 20:59:37',0,0),('CMB01064',100.0000,0.0000,0.0000,95.3000,'2015-02-08 00:33:18',0,0),('CMB01123',100.0000,2.8500,0.0000,102.8500,'2015-02-07 23:25:38',0,2),('CMB20234',100.0000,0.0000,0.0000,98.7000,'2015-02-08 00:27:27',0,0),('CMB20267',100.0000,0.0000,0.0000,96.4500,'2015-02-08 00:32:48',0,0),('CMB20460',100.0000,0.0000,0.0000,100.0000,'2015-02-05 23:01:23',0,0),('CMBC00707',19.0000,0.0000,0.0000,19.0000,'2015-02-06 20:59:37',0,0),('CMBC00802',100.0000,0.0000,0.0000,82.3400,'2015-02-08 00:33:23',0,0),('CMBC00809',100.0000,7.9300,0.0000,107.9300,'2015-02-07 22:33:57',0,5),('CMBC20178',100.0000,0.0000,0.0000,102.8800,'2015-02-08 00:22:26',0,0),('CMBC20183',100.0000,0.0000,0.0000,101.9200,'2015-02-08 00:22:41',0,0),('CMBC20203',100.0000,0.0000,0.0000,95.7500,'2015-02-08 00:22:48',0,0),('CMBC20204',100.0000,0.0000,0.0000,99.3500,'2015-02-08 00:27:20',0,0),('CMBC20255',100.0000,0.0000,0.0000,100.0000,'2015-02-05 23:01:22',0,0),('CMBC20255H',100.0000,1200.1500,0.0000,1300.1500,'2015-02-06 14:47:49',0,1),('CMBC20256',100.0000,0.0000,1202.1500,-1102.1500,'2015-02-06 14:47:49',1,0),('CMBC20256H',100.0000,0.0000,0.0000,100.0000,'2015-02-05 23:17:11',0,0),('CMBC20258',100.0000,0.0000,0.0000,100.0000,'2015-02-05 23:01:22',0,0),('CMBC20258H',100.0000,0.0000,0.0000,100.0000,'2015-02-05 23:17:11',0,0),('CMBC20259',100.0000,0.0000,0.0000,100.0000,'2015-02-05 23:01:22',0,0),('CMBC20259H',100.0000,0.0000,0.0000,100.0000,'2015-02-05 23:17:11',0,0),('CMBC20260',100.0000,0.0000,0.0000,100.0000,'2015-02-05 23:01:22',0,0),('CMBC20261',100.0000,0.0000,0.0000,100.0000,'2015-02-05 23:01:22',0,0),('CMBC20262',100.0000,0.0000,0.0000,100.0000,'2015-02-05 23:01:23',0,0),('CMBC20263',100.0000,0.0000,0.0000,100.0000,'2015-02-05 23:01:23',0,0),('ICBC00621',100.0000,0.0000,2.9700,97.0300,'2015-02-06 16:36:16',1,0),('ICBC00626',100.0000,2.4100,0.0000,102.4100,'2015-02-06 15:52:36',0,1),('ICBC01018',100.0000,0.0000,0.0000,100.0000,'2015-02-03 16:08:28',0,0),('ICBC01048',16.0000,0.0000,0.0000,16.0000,'2015-02-06 20:59:37',0,0),('ICBC01049',17.0000,0.0000,0.0000,17.0000,'2015-02-06 20:59:37',0,0),('ICBC01063',15.0000,0.0000,0.0000,15.0000,'2015-02-06 20:59:37',0,0),('ICBC20447',100.0000,0.0000,0.0000,100.0000,'2015-02-05 23:01:23',0,0),('ICBC20533',100.0000,0.0000,0.0000,100.0000,'2015-02-03 16:08:28',0,0);
/*!40000 ALTER TABLE `FC_SHIFT_ACCOUNT_DETAIL` ENABLE KEYS */;
UNLOCK TABLES;
/*!40103 SET TIME_ZONE=@OLD_TIME_ZONE */;

/*!40101 SET SQL_MODE=@OLD_SQL_MODE */;
/*!40014 SET FOREIGN_KEY_CHECKS=@OLD_FOREIGN_KEY_CHECKS */;
/*!40014 SET UNIQUE_CHECKS=@OLD_UNIQUE_CHECKS */;
/*!40101 SET CHARACTER_SET_CLIENT=@OLD_CHARACTER_SET_CLIENT */;
/*!40101 SET CHARACTER_SET_RESULTS=@OLD_CHARACTER_SET_RESULTS */;
/*!40101 SET COLLATION_CONNECTION=@OLD_COLLATION_CONNECTION */;
/*!40111 SET SQL_NOTES=@OLD_SQL_NOTES */;

-- Dump completed on 2015-02-08 14:12:46
