use fcpay;

truncate table FC_SYS_BRANCH;
insert into FC_SYS_BRANCH (BRANCH_ID, BRANCH_NAME, BRANCH_DESC, BRANCH_MANAGER, MOBILE, BEGIN_TIME, END_TIME, PARENT_ID, LEAF_FLAG, BRANCH_SEQ, LEVEL) values ('100', '集团', '根节点', 'mm', '123123', '2008-11-11 00:00:00', '2015-11-11 00:00:00', '100', 0, 100, 0);
insert into FC_SYS_BRANCH (BRANCH_ID, BRANCH_NAME, BRANCH_DESC, BRANCH_MANAGER, MOBILE, BEGIN_TIME, END_TIME, PARENT_ID, LEAF_FLAG, BRANCH_SEQ, LEVEL) values ('100100', '作业中心1', '作业中心1', '作业中心1', '02986355', '2015-02-02 08:00:00', '2015-02-02 08:00:00', '100', 0, 0, 1);
insert into FC_SYS_BRANCH (BRANCH_ID, BRANCH_NAME, BRANCH_DESC, BRANCH_MANAGER, MOBILE, BEGIN_TIME, END_TIME, PARENT_ID, LEAF_FLAG, BRANCH_SEQ, LEVEL) values ('100100100', '风控作业中心', '风控作业中心', 'admin', '09052321412', '2015-02-02 08:00:00', '2015-02-02 08:00:00', '100100', 0, 0, 2);
insert into FC_SYS_BRANCH (BRANCH_ID, BRANCH_NAME, BRANCH_DESC, BRANCH_MANAGER, MOBILE, BEGIN_TIME, END_TIME, PARENT_ID, LEAF_FLAG, BRANCH_SEQ, LEVEL) values ('100100100100', 'JX风控作业中心', 'JX风控作业中心', 'JX', '0905123456', '2015-02-02 08:00:00', '2015-02-02 08:00:00', '100100100', 1, 0, 3);
insert into FC_SYS_BRANCH (BRANCH_ID, BRANCH_NAME, BRANCH_DESC, BRANCH_MANAGER, MOBILE, BEGIN_TIME, END_TIME, PARENT_ID, LEAF_FLAG, BRANCH_SEQ, LEVEL) values ('100100200', '结算作业中心', '结算作业中心', 'admin', '09052321450', '2015-02-02 08:00:00', '2015-02-02 08:00:00', '100100', 0, 0, 2);
insert into FC_SYS_BRANCH (BRANCH_ID, BRANCH_NAME, BRANCH_DESC, BRANCH_MANAGER, MOBILE, BEGIN_TIME, END_TIME, PARENT_ID, LEAF_FLAG, BRANCH_SEQ, LEVEL) values ('100100200100', 'JX结算作业中心', 'JX结算作业中心', 'admin', '0905123456', '2015-02-02 08:00:00', '2015-02-02 08:00:00', '100100200', 1, 0, 3);
insert into FC_SYS_BRANCH (BRANCH_ID, BRANCH_NAME, BRANCH_DESC, BRANCH_MANAGER, MOBILE, BEGIN_TIME, END_TIME, PARENT_ID, LEAF_FLAG, BRANCH_SEQ, LEVEL) values ('100100300', '资管作业中心', '资管作业中心', 'admin', '09052314562', '2015-02-02 08:00:00', '2015-02-02 08:00:00', '100100', 0, 0, 2);
insert into FC_SYS_BRANCH (BRANCH_ID, BRANCH_NAME, BRANCH_DESC, BRANCH_MANAGER, MOBILE, BEGIN_TIME, END_TIME, PARENT_ID, LEAF_FLAG, BRANCH_SEQ, LEVEL) values ('100100300100', 'JX资管作业中心', 'JX资管作业中心', 'admin', '0905123456', '2015-02-02 08:00:00', '2015-02-02 08:00:00', '100100300', 1, 0, 3);
insert into FC_SYS_BRANCH (BRANCH_ID, BRANCH_NAME, BRANCH_DESC, BRANCH_MANAGER, MOBILE, BEGIN_TIME, END_TIME, PARENT_ID, LEAF_FLAG, BRANCH_SEQ, LEVEL) values ('100200', '作业中心2', '作业中心2', '作业中心2', '0698654555', '2008-11-11 08:00:00', '2008-11-11 08:00:00', '100', 0, 0, 1);

truncate table FC_SYS_BUSINESS;
insert into FC_SYS_BUSINESS (BUSINESS_ID, BUSINESS_NAME, BUSINESS_DESC, BUSINESS_MANAGER, BUSINESS_MOBILE, BUSINESS_SEQ, BEGIN_TIME, END_TIME, STATUS, BUSINESS_DATA_PERMISSION, BUSINESS_SYSKEY, BUSINESS_IPADDRESS, BUSINESS_IFACE) values ('JXC', '吉祥彩', '吉祥彩', 'super', '0975656565', 2, null, null, 1, 1, '32ousdjf9343djjomvsdf2233dskdlfd', 'http://localhost:8080/fc_iface2/sim/p2g', '1,2,3,4');

truncate table FC_SYS_MENU;
insert into FC_SYS_MENU (MENU_ID, MENU_NAME, MENU_DESC, MENU_SEQ, MENU_URL, PARENT_ID, LEAF_FLAG, LEVEL, ICON) values (100, '系统管理', '', 1, '#', 0, 0, 0, 'icon-settings');
insert into FC_SYS_MENU (MENU_ID, MENU_NAME, MENU_DESC, MENU_SEQ, MENU_URL, PARENT_ID, LEAF_FLAG, LEVEL, ICON) values (200, '内部帐管理', '', 2, '#', 0, 0, 0, 'glyphicon glyphicon-euro');
insert into FC_SYS_MENU (MENU_ID, MENU_NAME, MENU_DESC, MENU_SEQ, MENU_URL, PARENT_ID, LEAF_FLAG, LEVEL, ICON) values (300, '放款功能', '', 5, '#', 0, 0, 0, 'glyphicon glyphicon-usd');
insert into FC_SYS_MENU (MENU_ID, MENU_NAME, MENU_DESC, MENU_SEQ, MENU_URL, PARENT_ID, LEAF_FLAG, LEVEL, ICON) values (400, '充值管理', '', 3, '#', 0, 0, 0, 'icon-calculator');
insert into FC_SYS_MENU (MENU_ID, MENU_NAME, MENU_DESC, MENU_SEQ, MENU_URL, PARENT_ID, LEAF_FLAG, LEVEL, ICON) values (500, '审批管理', '', 4, '#', 0, 0, 0, 'icon-cursor');
insert into FC_SYS_MENU (MENU_ID, MENU_NAME, MENU_DESC, MENU_SEQ, MENU_URL, PARENT_ID, LEAF_FLAG, LEVEL, ICON) values (600, '验证码录入', '', 6, '#', 0, 0, 0, 'icon-cursor');
insert into FC_SYS_MENU (MENU_ID, MENU_NAME, MENU_DESC, MENU_SEQ, MENU_URL, PARENT_ID, LEAF_FLAG, LEVEL, ICON) values (700, '交接班管理', null, 7, '#', 0, 0, 0, 'glyphicon glyphicon-tasks');
insert into FC_SYS_MENU (MENU_ID, MENU_NAME, MENU_DESC, MENU_SEQ, MENU_URL, PARENT_ID, LEAF_FLAG, LEVEL, ICON) values (800, '通知管理', null, 8, '#', 0, 0, 0, 'glyphicon glyphicon-comment');
insert into FC_SYS_MENU (MENU_ID, MENU_NAME, MENU_DESC, MENU_SEQ, MENU_URL, PARENT_ID, LEAF_FLAG, LEVEL, ICON) values (900, '放款功能测试', '', 9, '#', 0, 0, 0, 'glyphicon glyphicon-usd');
insert into FC_SYS_MENU (MENU_ID, MENU_NAME, MENU_DESC, MENU_SEQ, MENU_URL, PARENT_ID, LEAF_FLAG, LEVEL, ICON) values (1000, '监控管理', null, 10, '#', 0, 0, 0, ' icon-eye');
insert into FC_SYS_MENU (MENU_ID, MENU_NAME, MENU_DESC, MENU_SEQ, MENU_URL, PARENT_ID, LEAF_FLAG, LEVEL, ICON) values (1001, '用户管理', '', 1, 'admin/users.html', 100, 1, 0, 'icon-users');
insert into FC_SYS_MENU (MENU_ID, MENU_NAME, MENU_DESC, MENU_SEQ, MENU_URL, PARENT_ID, LEAF_FLAG, LEVEL, ICON) values (1002, '角色管理', '', 2, 'admin/role.html', 100, 1, 0, 'icon-game-controller');
insert into FC_SYS_MENU (MENU_ID, MENU_NAME, MENU_DESC, MENU_SEQ, MENU_URL, PARENT_ID, LEAF_FLAG, LEVEL, ICON) values (1003, '用户角色查询', '', 3, 'admin/userrole.html', 100, 1, 0, 'icon-user-following');
insert into FC_SYS_MENU (MENU_ID, MENU_NAME, MENU_DESC, MENU_SEQ, MENU_URL, PARENT_ID, LEAF_FLAG, LEVEL, ICON) values (1004, '菜单管理', '', 4, 'admin/menu.html', 100, 1, 0, 'icon-folder');
insert into FC_SYS_MENU (MENU_ID, MENU_NAME, MENU_DESC, MENU_SEQ, MENU_URL, PARENT_ID, LEAF_FLAG, LEVEL, ICON) values (1005, '角色菜单管理', '', 5, 'admin/rolemenu.html', 100, 1, 0, 'glyphicon glyphicon-tasks');
insert into FC_SYS_MENU (MENU_ID, MENU_NAME, MENU_DESC, MENU_SEQ, MENU_URL, PARENT_ID, LEAF_FLAG, LEVEL, ICON) values (1006, '机构管理', '', 6, 'admin/organization.html', 100, 1, 0, 'glyphicon glyphicon-tasks');
insert into FC_SYS_MENU (MENU_ID, MENU_NAME, MENU_DESC, MENU_SEQ, MENU_URL, PARENT_ID, LEAF_FLAG, LEVEL, ICON) values (1007, '平台类型管理', '', 7, 'admin/business.html', 100, 1, 0, 'glyphicon glyphicon-tasks');
insert into FC_SYS_MENU (MENU_ID, MENU_NAME, MENU_DESC, MENU_SEQ, MENU_URL, PARENT_ID, LEAF_FLAG, LEVEL, ICON) values (1008, '系统参数类型管理', '', 8, 'admin/parameterType.html', 100, 1, 0, 'glyphicon glyphicon-tasks');
insert into FC_SYS_MENU (MENU_ID, MENU_NAME, MENU_DESC, MENU_SEQ, MENU_URL, PARENT_ID, LEAF_FLAG, LEVEL, ICON) values (1009, '系统参数表管理', '', 9, 'admin/parameter.html', 100, 1, 0, 'glyphicon glyphicon-tasks');
insert into FC_SYS_MENU (MENU_ID, MENU_NAME, MENU_DESC, MENU_SEQ, MENU_URL, PARENT_ID, LEAF_FLAG, LEVEL, ICON) values (2001, '中转账户管理', '', 0, 'inneraccount/inaccount.html', 200, 1, 0, 'glyphicon glyphicon-link');
insert into FC_SYS_MENU (MENU_ID, MENU_NAME, MENU_DESC, MENU_SEQ, MENU_URL, PARENT_ID, LEAF_FLAG, LEVEL, ICON) values (2002, '充提账户管理', '', 0, 'inneraccount/outaccount.html', 200, 1, 0, 'glyphicon glyphicon-link');
insert into FC_SYS_MENU (MENU_ID, MENU_NAME, MENU_DESC, MENU_SEQ, MENU_URL, PARENT_ID, LEAF_FLAG, LEVEL, ICON) values (2003, '作业班次管理', '', 0, 'inneraccount/groupinaccount.html', 200, 1, 0, 'glyphicon glyphicon-link');
insert into FC_SYS_MENU (MENU_ID, MENU_NAME, MENU_DESC, MENU_SEQ, MENU_URL, PARENT_ID, LEAF_FLAG, LEVEL, ICON) values (2004, '测试金额管理', '', 0, 'inneraccount/bankInfo.html', 200, 1, 0, 'glyphicon glyphicon-link');
insert into FC_SYS_MENU (MENU_ID, MENU_NAME, MENU_DESC, MENU_SEQ, MENU_URL, PARENT_ID, LEAF_FLAG, LEVEL, ICON) values (2005, '账户卡安装管理', '', 0, 'inneraccount/accountbind.html', 200, 1, 0, 'glyphicon glyphicon-link');
insert into FC_SYS_MENU (MENU_ID, MENU_NAME, MENU_DESC, MENU_SEQ, MENU_URL, PARENT_ID, LEAF_FLAG, LEVEL, ICON) values (3001, '中转账户人工放款', '', 3, 'withdraw/wd_loan_manual.html', 300, 1, 0, 'glyphicon glyphicon-link');
insert into FC_SYS_MENU (MENU_ID, MENU_NAME, MENU_DESC, MENU_SEQ, MENU_URL, PARENT_ID, LEAF_FLAG, LEVEL, ICON) values (3002, '中转账户自动放款', '', 1, 'withdraw/wd_loan_auto.html', 300, 1, 0, 'glyphicon glyphicon-link');
insert into FC_SYS_MENU (MENU_ID, MENU_NAME, MENU_DESC, MENU_SEQ, MENU_URL, PARENT_ID, LEAF_FLAG, LEVEL, ICON) values (3003, '出款账户自动出款', '', 4, 'withdraw/wd_transit_auto.html', 300, 1, 0, 'glyphicon glyphicon-link');
insert into FC_SYS_MENU (MENU_ID, MENU_NAME, MENU_DESC, MENU_SEQ, MENU_URL, PARENT_ID, LEAF_FLAG, LEVEL, ICON) values (3004, '出款账户人工出款', '', 6, 'withdraw/wd_transit_manual.html', 300, 1, 0, 'glyphicon glyphicon-link');
insert into FC_SYS_MENU (MENU_ID, MENU_NAME, MENU_DESC, MENU_SEQ, MENU_URL, PARENT_ID, LEAF_FLAG, LEVEL, ICON) values (3005, '出款账户异常处理', '', 5, 'withdraw/wd_transit_exception.html', 300, 1, 0, 'glyphicon glyphicon-link');
insert into FC_SYS_MENU (MENU_ID, MENU_NAME, MENU_DESC, MENU_SEQ, MENU_URL, PARENT_ID, LEAF_FLAG, LEVEL, ICON) values (3006, '中转账户异常处理', '', 2, 'withdraw/wd_loan_exception.html', 300, 1, 0, 'glyphicon glyphicon-link');
insert into FC_SYS_MENU (MENU_ID, MENU_NAME, MENU_DESC, MENU_SEQ, MENU_URL, PARENT_ID, LEAF_FLAG, LEVEL, ICON) values (4001, '人工勾兑', '', 1, 'payment/checkrecord.html', 400, 1, 0, 'glyphicon glyphicon-ok');
insert into FC_SYS_MENU (MENU_ID, MENU_NAME, MENU_DESC, MENU_SEQ, MENU_URL, PARENT_ID, LEAF_FLAG, LEVEL, ICON) values (4002, '充值异常处理查询', '', 0, 'payment/errorRecord.html', 400, 1, 0, 'glyphicon glyphicon-pencil');
insert into FC_SYS_MENU (MENU_ID, MENU_NAME, MENU_DESC, MENU_SEQ, MENU_URL, PARENT_ID, LEAF_FLAG, LEVEL, ICON) values (4003, '勾兑异常挂起处理', '', 2, 'payment/exceptioncheckrecord.html', 400, 1, 0, 'glyphicon glyphicon-link');
insert into FC_SYS_MENU (MENU_ID, MENU_NAME, MENU_DESC, MENU_SEQ, MENU_URL, PARENT_ID, LEAF_FLAG, LEVEL, ICON) values (4004, '勾兑仲裁', '', 3, 'payment/arbitrationcheckrecord.html', 400, 1, 0, 'glyphicon glyphicon-tasks');
insert into FC_SYS_MENU (MENU_ID, MENU_NAME, MENU_DESC, MENU_SEQ, MENU_URL, PARENT_ID, LEAF_FLAG, LEVEL, ICON) values (4005, '交易明细查询', '', 4, 'payment/banktransflowdetail.html', 400, 1, 0, 'glyphicon glyphicon-tasks');
insert into FC_SYS_MENU (MENU_ID, MENU_NAME, MENU_DESC, MENU_SEQ, MENU_URL, PARENT_ID, LEAF_FLAG, LEVEL, ICON) values (4006, '申请明细查询', '', 5, 'payment/loadapplydetail.html', 400, 1, 0, 'glyphicon glyphicon-link');
insert into FC_SYS_MENU (MENU_ID, MENU_NAME, MENU_DESC, MENU_SEQ, MENU_URL, PARENT_ID, LEAF_FLAG, LEVEL, ICON) values (4007, '登记充值异常', null, 6, 'payment/errorRecordAdd.html', 400, 1, 0, 'glyphicon glyphicon-tasks');
insert into FC_SYS_MENU (MENU_ID, MENU_NAME, MENU_DESC, MENU_SEQ, MENU_URL, PARENT_ID, LEAF_FLAG, LEVEL, ICON) values (4008, '充值上分', null, 7, 'baffle/fcwithdrawdeposit.html', 400, 1, 0, 'glyphicon glyphicon-tasks');
insert into FC_SYS_MENU (MENU_ID, MENU_NAME, MENU_DESC, MENU_SEQ, MENU_URL, PARENT_ID, LEAF_FLAG, LEVEL, ICON) values (4009, '充值提现', null, 8, 'baffle/fcwithdrawapply.html', 400, 1, 0, 'glyphicon glyphicon-tasks');
insert into FC_SYS_MENU (MENU_ID, MENU_NAME, MENU_DESC, MENU_SEQ, MENU_URL, PARENT_ID, LEAF_FLAG, LEVEL, ICON) values (4010, '提现放款', null, 9, 'baffle/fcwithdrawloandetail.html', 400, 1, 0, 'glyphicon glyphicon-tasks');
insert into FC_SYS_MENU (MENU_ID, MENU_NAME, MENU_DESC, MENU_SEQ, MENU_URL, PARENT_ID, LEAF_FLAG, LEVEL, ICON) values (4011, '提现出款', null, 10, 'baffle/fcwithdrawtransitdetail.html', 400, 1, 0, 'glyphicon glyphicon-tasks');
insert into FC_SYS_MENU (MENU_ID, MENU_NAME, MENU_DESC, MENU_SEQ, MENU_URL, PARENT_ID, LEAF_FLAG, LEVEL, ICON) values (5004, '风控初审', '', 0, 'risk/firstreview_each.html', 500, 1, 0, 'glyphicon glyphicon-play');
insert into FC_SYS_MENU (MENU_ID, MENU_NAME, MENU_DESC, MENU_SEQ, MENU_URL, PARENT_ID, LEAF_FLAG, LEVEL, ICON) values (5005, '风控复审', '', 0, 'risk/secondreview_each.html', 500, 1, 0, 'glyphicon glyphicon-forward');
insert into FC_SYS_MENU (MENU_ID, MENU_NAME, MENU_DESC, MENU_SEQ, MENU_URL, PARENT_ID, LEAF_FLAG, LEVEL, ICON) values (5006, '风控一级特批', '', 0, 'risk/specialreview_each.html', 500, 1, 0, 'glyphicon glyphicon-fast-forward');
insert into FC_SYS_MENU (MENU_ID, MENU_NAME, MENU_DESC, MENU_SEQ, MENU_URL, PARENT_ID, LEAF_FLAG, LEVEL, ICON) values (5007, '风控任务分配', null, 0, 'risk/missionallot.html', 500, 1, 0, 'glyphicon glyphicon-ok');
insert into FC_SYS_MENU (MENU_ID, MENU_NAME, MENU_DESC, MENU_SEQ, MENU_URL, PARENT_ID, LEAF_FLAG, LEVEL, ICON) values (5008, '充值到账审核', '', 0, 'risk/riskfinance_each.html', 500, 1, 0, 'glyphicon glyphicon-forward');
insert into FC_SYS_MENU (MENU_ID, MENU_NAME, MENU_DESC, MENU_SEQ, MENU_URL, PARENT_ID, LEAF_FLAG, LEVEL, ICON) values (5009, '任务分配配置', '', 0, 'risk/configallot.html', 500, 1, 0, 'glyphicon glyphicon-ok');
insert into FC_SYS_MENU (MENU_ID, MENU_NAME, MENU_DESC, MENU_SEQ, MENU_URL, PARENT_ID, LEAF_FLAG, LEVEL, ICON) values (5010, '风控二级特批', '', 0, 'risk/specialreview_each2.html', 500, 1, 0, 'glyphicon glyphicon-fast-forward');
insert into FC_SYS_MENU (MENU_ID, MENU_NAME, MENU_DESC, MENU_SEQ, MENU_URL, PARENT_ID, LEAF_FLAG, LEVEL, ICON) values (5011, '提现申请查询', '', 0, 'risk/fcwidthdrawapply.html', 500, 1, 0, 'glyphicon glyphicon-ok');
insert into FC_SYS_MENU (MENU_ID, MENU_NAME, MENU_DESC, MENU_SEQ, MENU_URL, PARENT_ID, LEAF_FLAG, LEVEL, ICON) values (6001, '验证码录入', '', 1, 'imgverify/imgverify.html', 600, 1, 0, 'icon-cursor');
insert into FC_SYS_MENU (MENU_ID, MENU_NAME, MENU_DESC, MENU_SEQ, MENU_URL, PARENT_ID, LEAF_FLAG, LEVEL, ICON) values (7001, '中转账户交接切换', null, 0, 'shift/innershift.html', 700, 1, 0, 'glyphicon glyphicon-link');
insert into FC_SYS_MENU (MENU_ID, MENU_NAME, MENU_DESC, MENU_SEQ, MENU_URL, PARENT_ID, LEAF_FLAG, LEVEL, ICON) values (7002, '签到表', '', 0, 'shift/signRecord.html', 700, 1, 0, 'glyphicon glyphicon-link');
insert into FC_SYS_MENU (MENU_ID, MENU_NAME, MENU_DESC, MENU_SEQ, MENU_URL, PARENT_ID, LEAF_FLAG, LEVEL, ICON) values (7003, '平台交易明细查询', null, 0, 'shift/queryPlatformTrans.html', 700, 1, 0, 'glyphicon glyphicon-link');
insert into FC_SYS_MENU (MENU_ID, MENU_NAME, MENU_DESC, MENU_SEQ, MENU_URL, PARENT_ID, LEAF_FLAG, LEVEL, ICON) values (7004, '银行交易明细查询', null, 0, 'shift/queryBankTrans.html', 700, 1, 0, 'glyphicon glyphicon-link');
insert into FC_SYS_MENU (MENU_ID, MENU_NAME, MENU_DESC, MENU_SEQ, MENU_URL, PARENT_ID, LEAF_FLAG, LEVEL, ICON) values (7005, '中转账户签退审核', null, 0, 'shift/inaudit.html', 700, 1, 0, 'glyphicon glyphicon-link');
insert into FC_SYS_MENU (MENU_ID, MENU_NAME, MENU_DESC, MENU_SEQ, MENU_URL, PARENT_ID, LEAF_FLAG, LEVEL, ICON) values (7006, '充提账户签退审核', null, 0, 'shift/outaudit.html', 700, 1, 0, 'glyphicon glyphicon-link');
insert into FC_SYS_MENU (MENU_ID, MENU_NAME, MENU_DESC, MENU_SEQ, MENU_URL, PARENT_ID, LEAF_FLAG, LEVEL, ICON) values (7007, '充提账户交接切换', null, 0, 'shift/outershift.html', 700, 1, 0, 'glyphicon glyphicon-link');
insert into FC_SYS_MENU (MENU_ID, MENU_NAME, MENU_DESC, MENU_SEQ, MENU_URL, PARENT_ID, LEAF_FLAG, LEVEL, ICON) values (8001, '通知內文管理', null, 0, 'notice/notice.html', 800, 1, 0, 'glyphicon glyphicon-link');
insert into FC_SYS_MENU (MENU_ID, MENU_NAME, MENU_DESC, MENU_SEQ, MENU_URL, PARENT_ID, LEAF_FLAG, LEVEL, ICON) values (8002, '通知类別管理', null, 0, 'notice/noticeType.html', 800, 1, 0, 'glyphicon glyphicon-link');
insert into FC_SYS_MENU (MENU_ID, MENU_NAME, MENU_DESC, MENU_SEQ, MENU_URL, PARENT_ID, LEAF_FLAG, LEVEL, ICON) values (8003, '通知訊息', null, 0, 'notice/noticeMore.html', 800, 1, 0, 'glyphicon glyphicon-link');
insert into FC_SYS_MENU (MENU_ID, MENU_NAME, MENU_DESC, MENU_SEQ, MENU_URL, PARENT_ID, LEAF_FLAG, LEVEL, ICON) values (9001, '放款记录', '', 1, 'baffle/fcwithdrawloanrecord.html', 900, 0, 0, 'glyphicon glyphicon-usd');
insert into FC_SYS_MENU (MENU_ID, MENU_NAME, MENU_DESC, MENU_SEQ, MENU_URL, PARENT_ID, LEAF_FLAG, LEVEL, ICON) values (9002, '出款记录', '', 2, 'baffle/fcwithdrawtransitrecord.html', 900, 0, 0, 'glyphicon glyphicon-usd');
insert into FC_SYS_MENU (MENU_ID, MENU_NAME, MENU_DESC, MENU_SEQ, MENU_URL, PARENT_ID, LEAF_FLAG, LEVEL, ICON) values (9003, '活动账户汇总', null, 3, 'baffle/fcshiftaccountdetail.html', 900, 0, 0, 'glyphicon glyphicon-usd');
insert into FC_SYS_MENU (MENU_ID, MENU_NAME, MENU_DESC, MENU_SEQ, MENU_URL, PARENT_ID, LEAF_FLAG, LEVEL, ICON) values (9004, '当前活动账户', null, 4, 'baffle/fcshiftactiveaccount.html', 900, 0, 0, 'glyphicon glyphicon-usd');
insert into FC_SYS_MENU (MENU_ID, MENU_NAME, MENU_DESC, MENU_SEQ, MENU_URL, PARENT_ID, LEAF_FLAG, LEVEL, ICON) values (9005, '提现申请', null, 5, 'baffle/fcwithdrawapply_baffle.html', 900, 0, 0, 'glyphicon glyphicon-usd');
insert into FC_SYS_MENU (MENU_ID, MENU_NAME, MENU_DESC, MENU_SEQ, MENU_URL, PARENT_ID, LEAF_FLAG, LEVEL, ICON) values (10001, '卡交易监控台', null, 0, 'monitor/monitortradproc.html', 1000, 1, 0, ' icon-credit-card');
insert into FC_SYS_MENU (MENU_ID, MENU_NAME, MENU_DESC, MENU_SEQ, MENU_URL, PARENT_ID, LEAF_FLAG, LEVEL, ICON) values (10002, '助手监控', '', 1, 'inneraccount/monitoraccount.html', 1000, 1, 0, 'glyphicon glyphicon-link');
insert into FC_SYS_MENU (MENU_ID, MENU_NAME, MENU_DESC, MENU_SEQ, MENU_URL, PARENT_ID, LEAF_FLAG, LEVEL, ICON) values (10003, '放款流程监控', '', 1, 'monitor/processmonitor_withdraw.html', 1000, 1, 0, 'glyphicon glyphicon-link');
insert into FC_SYS_MENU (MENU_ID, MENU_NAME, MENU_DESC, MENU_SEQ, MENU_URL, PARENT_ID, LEAF_FLAG, LEVEL, ICON) values (10004, '风控流程监控', '', 0, 'monitor/processmonitor_risk.html', 1000, 1, 0, 'glyphicon glyphicon-fast-forward');
insert into FC_SYS_MENU (MENU_ID, MENU_NAME, MENU_DESC, MENU_SEQ, MENU_URL, PARENT_ID, LEAF_FLAG, LEVEL, ICON) values (10005, '卡活动信息', null, 0, 'monitor/inaccountactive.html', 1000, 1, 0, 'glyphicon glyphicon-link');


truncate table FC_SYS_ROLE;
insert into FC_SYS_ROLE (ROLE_ID, ROLE_NAME, ROLE_DESC, STATUS, ROLE_ICON, PROCESS_ROLE, ROLE_TYPE, IS_ACCOUNT_ROLE) values ('admin', 'admin', 'admin', 0, '', '', '1', '');
insert into FC_SYS_ROLE (ROLE_ID, ROLE_NAME, ROLE_DESC, STATUS, ROLE_ICON, PROCESS_ROLE, ROLE_TYPE, IS_ACCOUNT_ROLE) values ('ff8080814b495fa3014b4b1e4b0a0006', '资金监控', '', 1, '', '', '1', '');
insert into FC_SYS_ROLE (ROLE_ID, ROLE_NAME, ROLE_DESC, STATUS, ROLE_ICON, PROCESS_ROLE, ROLE_TYPE, IS_ACCOUNT_ROLE) values ('ff8080814b495fa3014b4b1ed88e0007', '风控管理', '', 1, '', '', '1', '');
insert into FC_SYS_ROLE (ROLE_ID, ROLE_NAME, ROLE_DESC, STATUS, ROLE_ICON, PROCESS_ROLE, ROLE_TYPE, IS_ACCOUNT_ROLE) values ('ff8080814b495fa3014b4b1f2ac20008', '风控任务分配', '', 1, '', '', '1', '');
insert into FC_SYS_ROLE (ROLE_ID, ROLE_NAME, ROLE_DESC, STATUS, ROLE_ICON, PROCESS_ROLE, ROLE_TYPE, IS_ACCOUNT_ROLE) values ('ff8080814b495fa3014b4b2170f70009', '交接班', '', 1, '', '', '1', '');
insert into FC_SYS_ROLE (ROLE_ID, ROLE_NAME, ROLE_DESC, STATUS, ROLE_ICON, PROCESS_ROLE, ROLE_TYPE, IS_ACCOUNT_ROLE) values ('ff8080814b495fa3014b4b21b6e2000a', '验证码录入', '', 1, '', '', '1', '');
insert into FC_SYS_ROLE (ROLE_ID, ROLE_NAME, ROLE_DESC, STATUS, ROLE_ICON, PROCESS_ROLE, ROLE_TYPE, IS_ACCOUNT_ROLE) values ('ff8080814b495fa3014b4b21eaa2000b', '平台管理员', '', 1, '', '', '1', '');
insert into FC_SYS_ROLE (ROLE_ID, ROLE_NAME, ROLE_DESC, STATUS, ROLE_ICON, PROCESS_ROLE, ROLE_TYPE, IS_ACCOUNT_ROLE) values ('ff8080814b495fa3014b4b2290cd000c', '提现流程监控', '', 1, '', '', '1', '');
insert into FC_SYS_ROLE (ROLE_ID, ROLE_NAME, ROLE_DESC, STATUS, ROLE_ICON, PROCESS_ROLE, ROLE_TYPE, IS_ACCOUNT_ROLE) values ('ff8080814b495fa3014b4b239514000d', '账户管理', '', 1, '', '', '1', '');
insert into FC_SYS_ROLE (ROLE_ID, ROLE_NAME, ROLE_DESC, STATUS, ROLE_ICON, PROCESS_ROLE, ROLE_TYPE, IS_ACCOUNT_ROLE) values ('ff8080814b495fa3014b4b23c7cb000e', '助手监控', '', 1, '', '', '1', '');
insert into FC_SYS_ROLE (ROLE_ID, ROLE_NAME, ROLE_DESC, STATUS, ROLE_ICON, PROCESS_ROLE, ROLE_TYPE, IS_ACCOUNT_ROLE) values ('ff8080814b495fa3014b4b243c0b000f', '充值到账审核', '', 1, '', '', '0', '');
insert into FC_SYS_ROLE (ROLE_ID, ROLE_NAME, ROLE_DESC, STATUS, ROLE_ICON, PROCESS_ROLE, ROLE_TYPE, IS_ACCOUNT_ROLE) values ('ff8080814b495fa3014b4b25b4990010', '风控复审', '', 1, '', '风控复审', '0', '');
insert into FC_SYS_ROLE (ROLE_ID, ROLE_NAME, ROLE_DESC, STATUS, ROLE_ICON, PROCESS_ROLE, ROLE_TYPE, IS_ACCOUNT_ROLE) values ('ff8080814b495fa3014b4b2625d10011', '风控初审', '', 1, '', '风控初审', '0', '');
insert into FC_SYS_ROLE (ROLE_ID, ROLE_NAME, ROLE_DESC, STATUS, ROLE_ICON, PROCESS_ROLE, ROLE_TYPE, IS_ACCOUNT_ROLE) values ('ff8080814b495fa3014b4b2666e90012', '风控一级特批', '', 1, '', '风控一级特批', '0', '');
insert into FC_SYS_ROLE (ROLE_ID, ROLE_NAME, ROLE_DESC, STATUS, ROLE_ICON, PROCESS_ROLE, ROLE_TYPE, IS_ACCOUNT_ROLE) values ('ff8080814b495fa3014b4b2688b50013', '风控二级特批', '', 1, '', '风控二级特批', '0', '');
insert into FC_SYS_ROLE (ROLE_ID, ROLE_NAME, ROLE_DESC, STATUS, ROLE_ICON, PROCESS_ROLE, ROLE_TYPE, IS_ACCOUNT_ROLE) values ('ff8080814b495fa3014b4b26c4db0014', '中转账户人工放款', '', 1, '', '中转账户人工放款', '0', '1');
insert into FC_SYS_ROLE (ROLE_ID, ROLE_NAME, ROLE_DESC, STATUS, ROLE_ICON, PROCESS_ROLE, ROLE_TYPE, IS_ACCOUNT_ROLE) values ('ff8080814b495fa3014b4b26f8b20015', '中转账户异常处理', '', 1, '', '中转账户异常处理', '0', '');
insert into FC_SYS_ROLE (ROLE_ID, ROLE_NAME, ROLE_DESC, STATUS, ROLE_ICON, PROCESS_ROLE, ROLE_TYPE, IS_ACCOUNT_ROLE) values ('ff8080814b495fa3014b4b2723270016', '中转账户自动放款', '', 1, '', '中转账户自动放款', '0', '');
insert into FC_SYS_ROLE (ROLE_ID, ROLE_NAME, ROLE_DESC, STATUS, ROLE_ICON, PROCESS_ROLE, ROLE_TYPE, IS_ACCOUNT_ROLE) values ('ff8080814b495fa3014b4b27553b0017', '出款账户人工出款', '', 1, '', '出款账户人工出款', '0', '0');
insert into FC_SYS_ROLE (ROLE_ID, ROLE_NAME, ROLE_DESC, STATUS, ROLE_ICON, PROCESS_ROLE, ROLE_TYPE, IS_ACCOUNT_ROLE) values ('ff8080814b495fa3014b4b277b610018', '出款账户异常处理', '', 1, '', '出款账户异常处理', '0', '');
insert into FC_SYS_ROLE (ROLE_ID, ROLE_NAME, ROLE_DESC, STATUS, ROLE_ICON, PROCESS_ROLE, ROLE_TYPE, IS_ACCOUNT_ROLE) values ('ff8080814b495fa3014b4b279ff20019', '出款账户自动出款', '', 1, '', '出款账户自动出款', '0', '');


truncate table FC_SYS_ROLE_MENU;
insert into FC_SYS_ROLE_MENU (ID, MENU_ID, ROLE_ID, STATUS) values ('100', 100, 'admin', 1);
insert into FC_SYS_ROLE_MENU (ID, MENU_ID, ROLE_ID, STATUS) values ('1000', 1000, 'admin', 1);
insert into FC_SYS_ROLE_MENU (ID, MENU_ID, ROLE_ID, STATUS) values ('10001', 10001, 'admin', 1);
insert into FC_SYS_ROLE_MENU (ID, MENU_ID, ROLE_ID, STATUS) values ('10002', 10002, 'admin', 1);
insert into FC_SYS_ROLE_MENU (ID, MENU_ID, ROLE_ID, STATUS) values ('10003', 10003, 'admin', 1);
insert into FC_SYS_ROLE_MENU (ID, MENU_ID, ROLE_ID, STATUS) values ('10004', 10004, 'admin', 1);
insert into FC_SYS_ROLE_MENU (ID, MENU_ID, ROLE_ID, STATUS) values ('10005', 10005, 'admin', 1);
insert into FC_SYS_ROLE_MENU (ID, MENU_ID, ROLE_ID, STATUS) values ('1001', 1001, 'admin', 1);
insert into FC_SYS_ROLE_MENU (ID, MENU_ID, ROLE_ID, STATUS) values ('1002', 1002, 'admin', 1);
insert into FC_SYS_ROLE_MENU (ID, MENU_ID, ROLE_ID, STATUS) values ('1003', 1003, 'admin', 1);
insert into FC_SYS_ROLE_MENU (ID, MENU_ID, ROLE_ID, STATUS) values ('1004', 1004, 'admin', 1);
insert into FC_SYS_ROLE_MENU (ID, MENU_ID, ROLE_ID, STATUS) values ('1005', 1005, 'admin', 1);
insert into FC_SYS_ROLE_MENU (ID, MENU_ID, ROLE_ID, STATUS) values ('1006', 1006, 'admin', 1);
insert into FC_SYS_ROLE_MENU (ID, MENU_ID, ROLE_ID, STATUS) values ('1007', 1007, 'admin', 1);
insert into FC_SYS_ROLE_MENU (ID, MENU_ID, ROLE_ID, STATUS) values ('1008', 1008, 'admin', 1);
insert into FC_SYS_ROLE_MENU (ID, MENU_ID, ROLE_ID, STATUS) values ('1009', 1009, 'admin', 1);
insert into FC_SYS_ROLE_MENU (ID, MENU_ID, ROLE_ID, STATUS) values ('200', 200, 'admin', 1);
insert into FC_SYS_ROLE_MENU (ID, MENU_ID, ROLE_ID, STATUS) values ('2001', 2001, 'admin', 1);
insert into FC_SYS_ROLE_MENU (ID, MENU_ID, ROLE_ID, STATUS) values ('2002', 2002, 'admin', 1);
insert into FC_SYS_ROLE_MENU (ID, MENU_ID, ROLE_ID, STATUS) values ('2003', 2003, 'admin', 1);
insert into FC_SYS_ROLE_MENU (ID, MENU_ID, ROLE_ID, STATUS) values ('2004', 2004, 'admin', 1);
insert into FC_SYS_ROLE_MENU (ID, MENU_ID, ROLE_ID, STATUS) values ('2005', 2005, 'admin', 1);
insert into FC_SYS_ROLE_MENU (ID, MENU_ID, ROLE_ID, STATUS) values ('300', 300, 'admin', 1);
insert into FC_SYS_ROLE_MENU (ID, MENU_ID, ROLE_ID, STATUS) values ('3001', 3001, 'admin', 1);
insert into FC_SYS_ROLE_MENU (ID, MENU_ID, ROLE_ID, STATUS) values ('3002', 3002, 'admin', 1);
insert into FC_SYS_ROLE_MENU (ID, MENU_ID, ROLE_ID, STATUS) values ('3003', 3003, 'admin', 1);
insert into FC_SYS_ROLE_MENU (ID, MENU_ID, ROLE_ID, STATUS) values ('3004', 3004, 'admin', 1);
insert into FC_SYS_ROLE_MENU (ID, MENU_ID, ROLE_ID, STATUS) values ('3005', 3005, 'admin', 1);
insert into FC_SYS_ROLE_MENU (ID, MENU_ID, ROLE_ID, STATUS) values ('3006', 3006, 'admin', 1);
insert into FC_SYS_ROLE_MENU (ID, MENU_ID, ROLE_ID, STATUS) values ('400', 400, 'admin', 1);
insert into FC_SYS_ROLE_MENU (ID, MENU_ID, ROLE_ID, STATUS) values ('4001', 4001, 'admin', 1);
insert into FC_SYS_ROLE_MENU (ID, MENU_ID, ROLE_ID, STATUS) values ('4002', 4002, 'admin', 1);
insert into FC_SYS_ROLE_MENU (ID, MENU_ID, ROLE_ID, STATUS) values ('4003', 4003, 'admin', 1);
insert into FC_SYS_ROLE_MENU (ID, MENU_ID, ROLE_ID, STATUS) values ('4004', 4004, 'admin', 1);
insert into FC_SYS_ROLE_MENU (ID, MENU_ID, ROLE_ID, STATUS) values ('4005', 4005, 'admin', 1);
insert into FC_SYS_ROLE_MENU (ID, MENU_ID, ROLE_ID, STATUS) values ('4006', 4006, 'admin', 1);
insert into FC_SYS_ROLE_MENU (ID, MENU_ID, ROLE_ID, STATUS) values ('4007', 4007, 'admin', 1);
insert into FC_SYS_ROLE_MENU (ID, MENU_ID, ROLE_ID, STATUS) values ('4008', 4008, 'admin', 1);
insert into FC_SYS_ROLE_MENU (ID, MENU_ID, ROLE_ID, STATUS) values ('4009', 4009, 'admin', 1);
insert into FC_SYS_ROLE_MENU (ID, MENU_ID, ROLE_ID, STATUS) values ('4010', 4010, 'admin', 1);
insert into FC_SYS_ROLE_MENU (ID, MENU_ID, ROLE_ID, STATUS) values ('4011', 4011, 'admin', 1);
insert into FC_SYS_ROLE_MENU (ID, MENU_ID, ROLE_ID, STATUS) values ('500', 500, 'admin', 1);
insert into FC_SYS_ROLE_MENU (ID, MENU_ID, ROLE_ID, STATUS) values ('5004', 5004, 'admin', 1);
insert into FC_SYS_ROLE_MENU (ID, MENU_ID, ROLE_ID, STATUS) values ('5005', 5005, 'admin', 1);
insert into FC_SYS_ROLE_MENU (ID, MENU_ID, ROLE_ID, STATUS) values ('5006', 5006, 'admin', 1);
insert into FC_SYS_ROLE_MENU (ID, MENU_ID, ROLE_ID, STATUS) values ('5007', 5007, 'admin', 1);
insert into FC_SYS_ROLE_MENU (ID, MENU_ID, ROLE_ID, STATUS) values ('5008', 5008, 'admin', 1);
insert into FC_SYS_ROLE_MENU (ID, MENU_ID, ROLE_ID, STATUS) values ('5009', 5009, 'admin', 1);
insert into FC_SYS_ROLE_MENU (ID, MENU_ID, ROLE_ID, STATUS) values ('5010', 5010, 'admin', 1);
insert into FC_SYS_ROLE_MENU (ID, MENU_ID, ROLE_ID, STATUS) values ('5011', 5011, 'admin', 1);
insert into FC_SYS_ROLE_MENU (ID, MENU_ID, ROLE_ID, STATUS) values ('600', 600, 'admin', 1);
insert into FC_SYS_ROLE_MENU (ID, MENU_ID, ROLE_ID, STATUS) values ('6001', 6001, 'admin', 1);
insert into FC_SYS_ROLE_MENU (ID, MENU_ID, ROLE_ID, STATUS) values ('700', 700, 'admin', 1);
insert into FC_SYS_ROLE_MENU (ID, MENU_ID, ROLE_ID, STATUS) values ('7001', 7001, 'admin', 1);
insert into FC_SYS_ROLE_MENU (ID, MENU_ID, ROLE_ID, STATUS) values ('7002', 7002, 'admin', 1);
insert into FC_SYS_ROLE_MENU (ID, MENU_ID, ROLE_ID, STATUS) values ('7003', 7003, 'admin', 1);
insert into FC_SYS_ROLE_MENU (ID, MENU_ID, ROLE_ID, STATUS) values ('7004', 7004, 'admin', 1);
insert into FC_SYS_ROLE_MENU (ID, MENU_ID, ROLE_ID, STATUS) values ('7005', 7005, 'admin', 1);
insert into FC_SYS_ROLE_MENU (ID, MENU_ID, ROLE_ID, STATUS) values ('7006', 7006, 'admin', 1);
insert into FC_SYS_ROLE_MENU (ID, MENU_ID, ROLE_ID, STATUS) values ('7007', 7007, 'admin', 1);
insert into FC_SYS_ROLE_MENU (ID, MENU_ID, ROLE_ID, STATUS) values ('800', 800, 'admin', 1);
insert into FC_SYS_ROLE_MENU (ID, MENU_ID, ROLE_ID, STATUS) values ('8001', 8001, 'admin', 1);
insert into FC_SYS_ROLE_MENU (ID, MENU_ID, ROLE_ID, STATUS) values ('8002', 8002, 'admin', 1);
insert into FC_SYS_ROLE_MENU (ID, MENU_ID, ROLE_ID, STATUS) values ('8003', 8003, 'admin', 1);
insert into FC_SYS_ROLE_MENU (ID, MENU_ID, ROLE_ID, STATUS) values ('900', 900, 'admin', 1);
insert into FC_SYS_ROLE_MENU (ID, MENU_ID, ROLE_ID, STATUS) values ('9001', 9001, 'admin', 1);
insert into FC_SYS_ROLE_MENU (ID, MENU_ID, ROLE_ID, STATUS) values ('9002', 9002, 'admin', 1);
insert into FC_SYS_ROLE_MENU (ID, MENU_ID, ROLE_ID, STATUS) values ('9003', 9003, 'admin', 1);
insert into FC_SYS_ROLE_MENU (ID, MENU_ID, ROLE_ID, STATUS) values ('9004', 9004, 'admin', 1);
insert into FC_SYS_ROLE_MENU (ID, MENU_ID, ROLE_ID, STATUS) values ('9005', 9005, 'admin', 1);
insert into FC_SYS_ROLE_MENU (ID, MENU_ID, ROLE_ID, STATUS) values ('ff8080814b495fa3014b4d3b86dd001a', 1000, 'ff8080814b495fa3014b4b1e4b0a0006', 1);
insert into FC_SYS_ROLE_MENU (ID, MENU_ID, ROLE_ID, STATUS) values ('ff8080814b495fa3014b4d3b8719001b', 10005, 'ff8080814b495fa3014b4b1e4b0a0006', 1);
insert into FC_SYS_ROLE_MENU (ID, MENU_ID, ROLE_ID, STATUS) values ('ff8080814b495fa3014b4d3b874b001c', 10001, 'ff8080814b495fa3014b4b1e4b0a0006', 1);
insert into FC_SYS_ROLE_MENU (ID, MENU_ID, ROLE_ID, STATUS) values ('ff8080814b495fa3014b4d3c96f0001d', 1000, 'ff8080814b495fa3014b4b1ed88e0007', 1);
insert into FC_SYS_ROLE_MENU (ID, MENU_ID, ROLE_ID, STATUS) values ('ff8080814b495fa3014b4d3c9788001e', 10004, 'ff8080814b495fa3014b4b1ed88e0007', 1);
insert into FC_SYS_ROLE_MENU (ID, MENU_ID, ROLE_ID, STATUS) values ('ff8080814b495fa3014b4d3c97c2001f', 500, 'ff8080814b495fa3014b4b1ed88e0007', 1);
insert into FC_SYS_ROLE_MENU (ID, MENU_ID, ROLE_ID, STATUS) values ('ff8080814b495fa3014b4d3c97fb0020', 5009, 'ff8080814b495fa3014b4b1ed88e0007', 1);
insert into FC_SYS_ROLE_MENU (ID, MENU_ID, ROLE_ID, STATUS) values ('ff8080814b495fa3014b4d3db5060021', 700, 'ff8080814b495fa3014b4b2170f70009', 1);
insert into FC_SYS_ROLE_MENU (ID, MENU_ID, ROLE_ID, STATUS) values ('ff8080814b495fa3014b4d3db5830022', 7002, 'ff8080814b495fa3014b4b2170f70009', 1);
insert into FC_SYS_ROLE_MENU (ID, MENU_ID, ROLE_ID, STATUS) values ('ff8080814b495fa3014b4d3db5c60023', 7003, 'ff8080814b495fa3014b4b2170f70009', 1);
insert into FC_SYS_ROLE_MENU (ID, MENU_ID, ROLE_ID, STATUS) values ('ff8080814b495fa3014b4d3db5f80024', 7004, 'ff8080814b495fa3014b4b2170f70009', 1);
insert into FC_SYS_ROLE_MENU (ID, MENU_ID, ROLE_ID, STATUS) values ('ff8080814b495fa3014b4d3db62a0025', 7005, 'ff8080814b495fa3014b4b2170f70009', 1);
insert into FC_SYS_ROLE_MENU (ID, MENU_ID, ROLE_ID, STATUS) values ('ff8080814b495fa3014b4d3db65c0026', 7006, 'ff8080814b495fa3014b4b2170f70009', 1);
insert into FC_SYS_ROLE_MENU (ID, MENU_ID, ROLE_ID, STATUS) values ('ff8080814b495fa3014b4d3db68e0027', 7007, 'ff8080814b495fa3014b4b2170f70009', 1);
insert into FC_SYS_ROLE_MENU (ID, MENU_ID, ROLE_ID, STATUS) values ('ff8080814b495fa3014b4d3db6c00028', 7001, 'ff8080814b495fa3014b4b2170f70009', 1);
insert into FC_SYS_ROLE_MENU (ID, MENU_ID, ROLE_ID, STATUS) values ('ff8080814b495fa3014b4d3db6fa0029', 200, 'ff8080814b495fa3014b4b2170f70009', 1);
insert into FC_SYS_ROLE_MENU (ID, MENU_ID, ROLE_ID, STATUS) values ('ff8080814b495fa3014b4d3db735002a', 2004, 'ff8080814b495fa3014b4b2170f70009', 1);
insert into FC_SYS_ROLE_MENU (ID, MENU_ID, ROLE_ID, STATUS) values ('ff8080814b495fa3014b4d3f43a3002d', 600, 'ff8080814b495fa3014b4b21b6e2000a', 1);
insert into FC_SYS_ROLE_MENU (ID, MENU_ID, ROLE_ID, STATUS) values ('ff8080814b495fa3014b4d3f43e3002e', 6001, 'ff8080814b495fa3014b4b21b6e2000a', 1);
insert into FC_SYS_ROLE_MENU (ID, MENU_ID, ROLE_ID, STATUS) values ('ff8080814b495fa3014b4d436191002f', 100, 'ff8080814b495fa3014b4b21eaa2000b', 1);
insert into FC_SYS_ROLE_MENU (ID, MENU_ID, ROLE_ID, STATUS) values ('ff8080814b495fa3014b4d4361cc0030', 1001, 'ff8080814b495fa3014b4b21eaa2000b', 1);
insert into FC_SYS_ROLE_MENU (ID, MENU_ID, ROLE_ID, STATUS) values ('ff8080814b495fa3014b4d4361fe0031', 1003, 'ff8080814b495fa3014b4b21eaa2000b', 1);
insert into FC_SYS_ROLE_MENU (ID, MENU_ID, ROLE_ID, STATUS) values ('ff8080814b495fa3014b4d4362300032', 800, 'ff8080814b495fa3014b4b21eaa2000b', 1);
insert into FC_SYS_ROLE_MENU (ID, MENU_ID, ROLE_ID, STATUS) values ('ff8080814b495fa3014b4d4362620033', 8001, 'ff8080814b495fa3014b4b21eaa2000b', 1);
insert into FC_SYS_ROLE_MENU (ID, MENU_ID, ROLE_ID, STATUS) values ('ff8080814b495fa3014b4d4362940034', 8002, 'ff8080814b495fa3014b4b21eaa2000b', 1);
insert into FC_SYS_ROLE_MENU (ID, MENU_ID, ROLE_ID, STATUS) values ('ff8080814b495fa3014b4d4362c60035', 8003, 'ff8080814b495fa3014b4b21eaa2000b', 1);
insert into FC_SYS_ROLE_MENU (ID, MENU_ID, ROLE_ID, STATUS) values ('ff8080814b495fa3014b4d4362f80036', 200, 'ff8080814b495fa3014b4b21eaa2000b', 1);
insert into FC_SYS_ROLE_MENU (ID, MENU_ID, ROLE_ID, STATUS) values ('ff8080814b495fa3014b4d43632a0037', 2003, 'ff8080814b495fa3014b4b21eaa2000b', 1);
insert into FC_SYS_ROLE_MENU (ID, MENU_ID, ROLE_ID, STATUS) values ('ff8080814b495fa3014b4d43c2eb0038', 1000, 'ff8080814b495fa3014b4b2290cd000c', 1);
insert into FC_SYS_ROLE_MENU (ID, MENU_ID, ROLE_ID, STATUS) values ('ff8080814b495fa3014b4d43c3220039', 10003, 'ff8080814b495fa3014b4b2290cd000c', 1);
insert into FC_SYS_ROLE_MENU (ID, MENU_ID, ROLE_ID, STATUS) values ('ff8080814b495fa3014b4d4ca5c00043', 200, 'ff8080814b495fa3014b4b239514000d', 1);
insert into FC_SYS_ROLE_MENU (ID, MENU_ID, ROLE_ID, STATUS) values ('ff8080814b495fa3014b4d4ca5ef0044', 2001, 'ff8080814b495fa3014b4b239514000d', 1);
insert into FC_SYS_ROLE_MENU (ID, MENU_ID, ROLE_ID, STATUS) values ('ff8080814b495fa3014b4d4ca6210045', 2002, 'ff8080814b495fa3014b4b239514000d', 1);
insert into FC_SYS_ROLE_MENU (ID, MENU_ID, ROLE_ID, STATUS) values ('ff8080814b495fa3014b4d4ce4990046', 200, 'ff8080814b495fa3014b4b23c7cb000e', 1);
insert into FC_SYS_ROLE_MENU (ID, MENU_ID, ROLE_ID, STATUS) values ('ff8080814b495fa3014b4d4ce5170047', 2005, 'ff8080814b495fa3014b4b23c7cb000e', 1);
insert into FC_SYS_ROLE_MENU (ID, MENU_ID, ROLE_ID, STATUS) values ('ff8080814b495fa3014b4d4ce5490048', 1000, 'ff8080814b495fa3014b4b23c7cb000e', 1);
insert into FC_SYS_ROLE_MENU (ID, MENU_ID, ROLE_ID, STATUS) values ('ff8080814b495fa3014b4d4ce57c0049', 10002, 'ff8080814b495fa3014b4b23c7cb000e', 1);
insert into FC_SYS_ROLE_MENU (ID, MENU_ID, ROLE_ID, STATUS) values ('ff8080814b495fa3014b4d4d9ae6004a', 500, 'ff8080814b495fa3014b4b243c0b000f', 1);
insert into FC_SYS_ROLE_MENU (ID, MENU_ID, ROLE_ID, STATUS) values ('ff8080814b495fa3014b4d4d9b46004b', 5008, 'ff8080814b495fa3014b4b243c0b000f', 1);
insert into FC_SYS_ROLE_MENU (ID, MENU_ID, ROLE_ID, STATUS) values ('ff8080814b495fa3014b4d4dce8d004c', 500, 'ff8080814b495fa3014b4b25b4990010', 1);
insert into FC_SYS_ROLE_MENU (ID, MENU_ID, ROLE_ID, STATUS) values ('ff8080814b495fa3014b4d4dcebe004d', 5005, 'ff8080814b495fa3014b4b25b4990010', 1);
insert into FC_SYS_ROLE_MENU (ID, MENU_ID, ROLE_ID, STATUS) values ('ff8080814b495fa3014b4d4e01bf004e', 500, 'ff8080814b495fa3014b4b2625d10011', 1);
insert into FC_SYS_ROLE_MENU (ID, MENU_ID, ROLE_ID, STATUS) values ('ff8080814b495fa3014b4d4e022c004f', 5004, 'ff8080814b495fa3014b4b2625d10011', 1);
insert into FC_SYS_ROLE_MENU (ID, MENU_ID, ROLE_ID, STATUS) values ('ff8080814b495fa3014b4d4e40c80050', 500, 'ff8080814b495fa3014b4b2666e90012', 1);
insert into FC_SYS_ROLE_MENU (ID, MENU_ID, ROLE_ID, STATUS) values ('ff8080814b495fa3014b4d4e41040051', 5006, 'ff8080814b495fa3014b4b2666e90012', 1);
insert into FC_SYS_ROLE_MENU (ID, MENU_ID, ROLE_ID, STATUS) values ('ff8080814b495fa3014b4d4e72320052', 500, 'ff8080814b495fa3014b4b2688b50013', 1);
insert into FC_SYS_ROLE_MENU (ID, MENU_ID, ROLE_ID, STATUS) values ('ff8080814b495fa3014b4d4e72560053', 5010, 'ff8080814b495fa3014b4b2688b50013', 1);
insert into FC_SYS_ROLE_MENU (ID, MENU_ID, ROLE_ID, STATUS) values ('ff8080814b495fa3014b4d4eec480054', 300, 'ff8080814b495fa3014b4b26c4db0014', 1);
insert into FC_SYS_ROLE_MENU (ID, MENU_ID, ROLE_ID, STATUS) values ('ff8080814b495fa3014b4d4eec880055', 3001, 'ff8080814b495fa3014b4b26c4db0014', 1);
insert into FC_SYS_ROLE_MENU (ID, MENU_ID, ROLE_ID, STATUS) values ('ff8080814b495fa3014b4d4f4a790056', 300, 'ff8080814b495fa3014b4b26f8b20015', 1);
insert into FC_SYS_ROLE_MENU (ID, MENU_ID, ROLE_ID, STATUS) values ('ff8080814b495fa3014b4d4f4ac00057', 3006, 'ff8080814b495fa3014b4b26f8b20015', 1);
insert into FC_SYS_ROLE_MENU (ID, MENU_ID, ROLE_ID, STATUS) values ('ff8080814b495fa3014b4d4f96d60058', 300, 'ff8080814b495fa3014b4b2723270016', 1);
insert into FC_SYS_ROLE_MENU (ID, MENU_ID, ROLE_ID, STATUS) values ('ff8080814b495fa3014b4d4f97020059', 3002, 'ff8080814b495fa3014b4b2723270016', 1);
insert into FC_SYS_ROLE_MENU (ID, MENU_ID, ROLE_ID, STATUS) values ('ff8080814b495fa3014b4d4fd2dd005a', 300, 'ff8080814b495fa3014b4b27553b0017', 1);
insert into FC_SYS_ROLE_MENU (ID, MENU_ID, ROLE_ID, STATUS) values ('ff8080814b495fa3014b4d4fd31b005b', 3004, 'ff8080814b495fa3014b4b27553b0017', 1);
insert into FC_SYS_ROLE_MENU (ID, MENU_ID, ROLE_ID, STATUS) values ('ff8080814b495fa3014b4d4ff576005c', 300, 'ff8080814b495fa3014b4b277b610018', 1);
insert into FC_SYS_ROLE_MENU (ID, MENU_ID, ROLE_ID, STATUS) values ('ff8080814b495fa3014b4d4ff5af005d', 3005, 'ff8080814b495fa3014b4b277b610018', 1);
insert into FC_SYS_ROLE_MENU (ID, MENU_ID, ROLE_ID, STATUS) values ('ff8080814b495fa3014b4d5025e3005e', 300, 'ff8080814b495fa3014b4b279ff20019', 1);
insert into FC_SYS_ROLE_MENU (ID, MENU_ID, ROLE_ID, STATUS) values ('ff8080814b495fa3014b4d502620005f', 3003, 'ff8080814b495fa3014b4b279ff20019', 1);


truncate table FC_SYS_USER;
insert into FC_SYS_USER (USER_ID, BRANCH_ID, LOGIN_NAME, USER_NAME, MOBILE, USER_WORKADDRESS, STATUS, PASSWORD, UPDATE_TIME, CREATE_TIME, CREATED_BY, MODIFIED_BY, EMAIL, DATA_ENVIRON, ICON, WORK_CENTER) values ('admin', '100400', 'admin', 'admin', 'admin', null, 1, 'e10adc3949ba59abbe56e057f20f883e', '2014-10-14 15:04:14', '2014-10-14 15:04:14', '', '', 'fcpay@gamil.com', 15, '', 'MNL');
insert into FC_SYS_USER (USER_ID, BRANCH_ID, LOGIN_NAME, USER_NAME, MOBILE, USER_WORKADDRESS, STATUS, PASSWORD, UPDATE_TIME, CREATE_TIME, CREATED_BY, MODIFIED_BY, EMAIL, DATA_ENVIRON, ICON, WORK_CENTER) values ('ff8080814b495fa3014b495fa34b0001', '100100300', 'reid', 'reid', '09771730496', null, 1, 'e10adc3949ba59abbe56e057f20f883e', '2015-02-02 16:19:39', '2015-02-02 16:19:39', 'admin', 'admin', 'reid@weststarinc.co', 0, '0', 'MNL');
insert into FC_SYS_USER (USER_ID, BRANCH_ID, LOGIN_NAME, USER_NAME, MOBILE, USER_WORKADDRESS, STATUS, PASSWORD, UPDATE_TIME, CREATE_TIME, CREATED_BY, MODIFIED_BY, EMAIL, DATA_ENVIRON, ICON, WORK_CENTER) values ('ff8080814b495fa3014b49b0db7c0003', '100200100100100', 'dylan', 'dylan', '123456', null, 1, 'e10adc3949ba59abbe56e057f20f883e', '2015-02-02 17:48:22', '2015-02-02 17:48:22', 'admin', 'admin', 'dylan@weststarinc.co', 0, '0', 'MNL');


truncate table FC_SYS_USER_ROLE;
insert into FC_SYS_USER_ROLE (USER_ROLE_ID, ROLE_ID, USER_ID, STATUS) values ('admin', 'admin', 'admin', 1);
insert into FC_SYS_USER_ROLE (USER_ROLE_ID, ROLE_ID, USER_ID, STATUS) values ('ff8080814b495fa3014b496038250002', 'admin', 'ff8080814b495fa3014b495fa34b0001', 1);
insert into FC_SYS_USER_ROLE (USER_ROLE_ID, ROLE_ID, USER_ID, STATUS) values ('ff8080814b495fa3014b49b224520005', 'admin', 'ff8080814b495fa3014b49b0db7c0003', 1);


truncate table FC_BANKMSG_CTRL;
insert into FC_BANKMSG_CTRL (KEYY, VALUEE, DESCS) values ('db.fetch.delay', '10000', '从数据库取数据的间隔时间');
insert into FC_BANKMSG_CTRL (KEYY, VALUEE, DESCS) values ('hashkey', 'CHONGTIXITONG', 'HashKey');
insert into FC_BANKMSG_CTRL (KEYY, VALUEE, DESCS) values ('npe.host', '172.16.100.10', 'NPE IP');
insert into FC_BANKMSG_CTRL (KEYY, VALUEE, DESCS) values ('npe.port', '9181', 'NPE port');
insert into FC_BANKMSG_CTRL (KEYY, VALUEE, DESCS) values ('rabbit.addresses', '172.16.100.11:9002', 'rabbitmq的地址');
insert into FC_BANKMSG_CTRL (KEYY, VALUEE, DESCS) values ('rabbit.conn.size', '20', '链接个数');
insert into FC_BANKMSG_CTRL (KEYY, VALUEE, DESCS) values ('rabbit.conn.timeoutms', '60000', '超时时间（毫秒）');
insert into FC_BANKMSG_CTRL (KEYY, VALUEE, DESCS) values ('rabbit.fetch.delay', '1000', '从Q中取队列的间隔时间');
insert into FC_BANKMSG_CTRL (KEYY, VALUEE, DESCS) values ('rabbit.fetch.threads', '5,10,15', '获取线程数,web1,web2,web3');
insert into FC_BANKMSG_CTRL (KEYY, VALUEE, DESCS) values ('rabbit.pwd', 'fcpay', 'rabbitmq的密码');
insert into FC_BANKMSG_CTRL (KEYY, VALUEE, DESCS) values ('rabbit.send.threads', '10', '给小助手发送的线程数');
insert into FC_BANKMSG_CTRL (KEYY, VALUEE, DESCS) values ('rabbit.user', 'fcpay', 'rabbitmq的用户名');
insert into FC_BANKMSG_CTRL (KEYY, VALUEE, DESCS) values ('rabbit.vhost', 'fcpay', 'rabbitmq的vhost');


truncate table FC_IMAGE_YEKETAVIRP;
insert into FC_IMAGE_YEKETAVIRP (ID, IMAGE_NAME, IMAGE_PATH, YEKETAVIRP, IMAGE_STATUS, CREATED_TIME, UPDATED_TIME, IMG_URL) values ('297e26433d68eeb1013d68f2225c0003', '201303142048MF000000000033000002', '201303142048MF000000000033000002', 'moaajpqemqz8/pqOmo6ajpqOmo6aj', 0, '2013-01-17 20:20:00', '2013-02-10 20:20:00', null);
insert into FC_IMAGE_YEKETAVIRP (ID, IMAGE_NAME, IMAGE_PATH, YEKETAVIRP, IMAGE_STATUS, CREATED_TIME, UPDATED_TIME, IMG_URL) values ('297e26433d68eeb1013d68f2225c0004', '201303142048MF000000000033000003', '201303142048MF000000000033000003', 'moaajpqemqz8/pqOmo6ajpqOmo6aj', 0, '2013-01-18 20:20:00', '2013-02-11 20:20:00', null);
insert into FC_IMAGE_YEKETAVIRP (ID, IMAGE_NAME, IMAGE_PATH, YEKETAVIRP, IMAGE_STATUS, CREATED_TIME, UPDATED_TIME, IMG_URL) values ('297e26433d68eeb1013d68f2225c0005', '201303142048MF000000000033000004', '201303142048MF000000000033000004', 'moaajpqemqz8/pqOmo6ajpqOmo6aj', 0, '2013-01-19 20:20:00', '2013-02-12 20:20:00', null);
insert into FC_IMAGE_YEKETAVIRP (ID, IMAGE_NAME, IMAGE_PATH, YEKETAVIRP, IMAGE_STATUS, CREATED_TIME, UPDATED_TIME, IMG_URL) values ('297e26433d68eeb1013d68f2225c0006', '201303142048MF000000000033000005', '201303142048MF000000000033000005', 'moaajpqemqz8/pqOmo6ajpqOmo6aj', 0, '2013-01-20 20:20:00', '2013-02-13 20:20:00', null);
insert into FC_IMAGE_YEKETAVIRP (ID, IMAGE_NAME, IMAGE_PATH, YEKETAVIRP, IMAGE_STATUS, CREATED_TIME, UPDATED_TIME, IMG_URL) values ('297e26433d68eeb1013d68f2225d0007', '201303142048MF000000000033000006', '201303142048MF000000000033000006', 'kpqKmq6aiPz8/pqOmo6ajpqOmo6aj', 0, '2013-01-21 20:20:00', '2013-02-14 20:20:00', null);
insert into FC_IMAGE_YEKETAVIRP (ID, IMAGE_NAME, IMAGE_PATH, YEKETAVIRP, IMAGE_STATUS, CREATED_TIME, UPDATED_TIME, IMG_URL) values ('297e26433d68eeb1013d68f2225d0008', '201303142048MF000000000033000007', '201303142048MF000000000033000007', 'kpqKmq6aiPz8/pqOmo6ajpqOmo6aj', 0, '2013-01-22 20:20:00', '2013-02-15 20:20:00', null);
insert into FC_IMAGE_YEKETAVIRP (ID, IMAGE_NAME, IMAGE_PATH, YEKETAVIRP, IMAGE_STATUS, CREATED_TIME, UPDATED_TIME, IMG_URL) values ('297e26433d68eeb1013d68f2225d0009', '201303142048MF000000000033000008', '201303142048MF000000000033000008', 'moj+m0KanpqSm1KamptE/', 0, '2013-01-23 20:20:00', '2013-02-16 20:20:00', null);
insert into FC_IMAGE_YEKETAVIRP (ID, IMAGE_NAME, IMAGE_PATH, YEKETAVIRP, IMAGE_STATUS, CREATED_TIME, UPDATED_TIME, IMG_URL) values ('2c909f513c47f5b3013c480081fc0058', '201301171813MF000000000012000001', '201301171813MF000000000012000001', 'moj+m0KanpqSm1KamptE/', 0, '2013-01-24 20:20:00', '2013-02-17 20:20:00', null);
insert into FC_IMAGE_YEKETAVIRP (ID, IMAGE_NAME, IMAGE_PATH, YEKETAVIRP, IMAGE_STATUS, CREATED_TIME, UPDATED_TIME, IMG_URL) values ('2c909f513c47f5b3013c480081fc0059', '201301171813MF000000000012000002', '201301171813MF000000000012000002', 'pqGmo6aiPz+mo6', 0, '2013-01-25 20:20:00', '2013-02-18 20:20:00', null);
insert into FC_IMAGE_YEKETAVIRP (ID, IMAGE_NAME, IMAGE_PATH, YEKETAVIRP, IMAGE_STATUS, CREATED_TIME, UPDATED_TIME, IMG_URL) values ('2c909f513c47f5b3013c480081fc005a', '201301171813MF000000000012000003', '201301171813MF000000000012000003', 'pqGmo6aiPz+mo6', 0, '2013-01-26 20:20:00', '2013-02-19 20:20:00', null);
insert into FC_IMAGE_YEKETAVIRP (ID, IMAGE_NAME, IMAGE_PATH, YEKETAVIRP, IMAGE_STATUS, CREATED_TIME, UPDATED_TIME, IMG_URL) values ('2c909f513c47f5b3013c480081fc005b', '201301171813MF000000000012000004', '201301171813MF000000000012000004', 'pqGmo6aiPz+mo6', 0, '2013-01-27 20:20:00', '2013-02-20 20:20:00', null);
insert into FC_IMAGE_YEKETAVIRP (ID, IMAGE_NAME, IMAGE_PATH, YEKETAVIRP, IMAGE_STATUS, CREATED_TIME, UPDATED_TIME, IMG_URL) values ('2c909f513c47f5b3013c480081fc005c', '201301171813MF000000000012000005', '201301171813MF000000000012000005', 'pqGmo6aiPz+mo6', 0, '2013-01-28 20:20:00', '2013-02-21 20:20:00', null);
insert into FC_IMAGE_YEKETAVIRP (ID, IMAGE_NAME, IMAGE_PATH, YEKETAVIRP, IMAGE_STATUS, CREATED_TIME, UPDATED_TIME, IMG_URL) values ('2c909f513c47f5b3013c480081fc005d', '201301171813MF000000000012000006', '201301171813MF000000000012000006', 'pqGmo6aiPz+mo6', 0, '2013-01-29 20:20:00', '2013-02-22 20:20:00', null);
insert into FC_IMAGE_YEKETAVIRP (ID, IMAGE_NAME, IMAGE_PATH, YEKETAVIRP, IMAGE_STATUS, CREATED_TIME, UPDATED_TIME, IMG_URL) values ('2c909f513c47f5b3013c480081fc005e', '201301171813MF000000000012000007', '201301171813MF000000000012000007', 'pqGmo6aiPz+mo6', 0, '2013-01-30 20:20:00', '2013-02-23 20:20:00', null);
insert into FC_IMAGE_YEKETAVIRP (ID, IMAGE_NAME, IMAGE_PATH, YEKETAVIRP, IMAGE_STATUS, CREATED_TIME, UPDATED_TIME, IMG_URL) values ('2c909f513c47f5b3013c480081fc005f', '201301171813MF000000000012000008', '201301171813MF000000000012000008', 'pqGmo6aiPz+mo6', 0, '2013-01-31 20:20:00', '2013-02-24 20:20:00', null);
insert into FC_IMAGE_YEKETAVIRP (ID, IMAGE_NAME, IMAGE_PATH, YEKETAVIRP, IMAGE_STATUS, CREATED_TIME, UPDATED_TIME, IMG_URL) values ('2c909f513c47f5b3013c480081fc0060', '201301171813MF000000000012000009', '201301171813MF000000000012000009', 'P6ajpqI/ptCmp6', 0, '2013-02-02 17:20:00', '2013-02-25 20:20:00', null);
insert into FC_IMAGE_YEKETAVIRP (ID, IMAGE_NAME, IMAGE_PATH, YEKETAVIRP, IMAGE_STATUS, CREATED_TIME, UPDATED_TIME, IMG_URL) values ('2c909f513c47f5b3013c480081fc0061', '201301171813MF000000000012000010', '201301171813MF000000000012000010', 'P6ajpqI/ptCmp6', 0, '2013-02-03 17:20:00', '2013-02-26 20:20:00', null);
insert into FC_IMAGE_YEKETAVIRP (ID, IMAGE_NAME, IMAGE_PATH, YEKETAVIRP, IMAGE_STATUS, CREATED_TIME, UPDATED_TIME, IMG_URL) values ('2c909f513c47f5b3013c480081fc0062', '201301171813MF000000000012000011', '201301171813MF000000000012000011', 'P6ajpqI/ptCmp6', 0, '2013-02-04 17:20:00', '2013-02-27 20:20:00', null);
insert into FC_IMAGE_YEKETAVIRP (ID, IMAGE_NAME, IMAGE_PATH, YEKETAVIRP, IMAGE_STATUS, CREATED_TIME, UPDATED_TIME, IMG_URL) values ('2c909f513c47f5b3013c480081fc0063', '201301171813MF000000000012000012', '201301171813MF000000000012000012', 'moj+m0KanpqSm1KamptE/', 0, '2013-02-05 17:20:00', '2013-02-28 20:20:00', null);
insert into FC_IMAGE_YEKETAVIRP (ID, IMAGE_NAME, IMAGE_PATH, YEKETAVIRP, IMAGE_STATUS, CREATED_TIME, UPDATED_TIME, IMG_URL) values ('2c909f513c47f5b3013c480081fc0064', '201301171813MF000000000012000013', '201301171813MF000000000012000013', 'moj+m0KanpqSm1KamptE/', 0, '2013-02-06 17:20:00', '2013-03-02 17:20:00', null);
insert into FC_IMAGE_YEKETAVIRP (ID, IMAGE_NAME, IMAGE_PATH, YEKETAVIRP, IMAGE_STATUS, CREATED_TIME, UPDATED_TIME, IMG_URL) values ('2c909f513c47f5b3013c480081fc0065', '201301171813MF000000000012000014', '201301171813MF000000000012000014', 'moj+m0KanpqSm1KamptE/', 0, '2013-02-07 17:20:00', '2013-03-03 17:20:00', null);
insert into FC_IMAGE_YEKETAVIRP (ID, IMAGE_NAME, IMAGE_PATH, YEKETAVIRP, IMAGE_STATUS, CREATED_TIME, UPDATED_TIME, IMG_URL) values ('2c909f513c47f5b3013c480081fc0066', '201301171813MF000000000012000015', '201301171813MF000000000012000015', 'kpqKmq6aiPz8/pqOmow==', 0, '2013-02-08 17:20:00', '2013-03-04 17:20:00', null);
insert into FC_IMAGE_YEKETAVIRP (ID, IMAGE_NAME, IMAGE_PATH, YEKETAVIRP, IMAGE_STATUS, CREATED_TIME, UPDATED_TIME, IMG_URL) values ('2c909f513c47f5b3013c480081fc0067', '201301171813MF000000000012000016', '201301171813MF000000000012000016', 'kpqKmq6aiPz8/pqOmow==', 0, '2013-02-09 17:20:00', '2013-03-05 17:20:00', null);
insert into FC_IMAGE_YEKETAVIRP (ID, IMAGE_NAME, IMAGE_PATH, YEKETAVIRP, IMAGE_STATUS, CREATED_TIME, UPDATED_TIME, IMG_URL) values ('2c909f513c47f5b3013c480081fc0068', '201301171813MF000000000012000017', '201301171813MF000000000012000017', 'kpqKmq6aiPz8/pqOmow==', 0, '2013-02-10 17:20:00', '2013-03-06 17:20:00', null);
insert into FC_IMAGE_YEKETAVIRP (ID, IMAGE_NAME, IMAGE_PATH, YEKETAVIRP, IMAGE_STATUS, CREATED_TIME, UPDATED_TIME, IMG_URL) values ('2c909f513c47f5b3013c480177f5006f', '201301171815MF000000000015000001', '201301171815MF000000000015000001', 'Mjk+PzYlOCk4JT4/Ng==', 1, '2013-02-10 20:20:00', '2013-03-07 17:20:00', null);
insert into FC_IMAGE_YEKETAVIRP (ID, IMAGE_NAME, IMAGE_PATH, YEKETAVIRP, IMAGE_STATUS, CREATED_TIME, UPDATED_TIME, IMG_URL) values ('2c909f513c47f5b3013c480177f50070', '201301171815MF000000000015000002', '201301171815MF000000000015000002', 'moaajpqemqz8/pqOmo6ajpqOmo6aj', 0, '2013-02-11 20:20:00', '2013-03-08 17:20:00', null);
insert into FC_IMAGE_YEKETAVIRP (ID, IMAGE_NAME, IMAGE_PATH, YEKETAVIRP, IMAGE_STATUS, CREATED_TIME, UPDATED_TIME, IMG_URL) values ('2c909f513c47f5b3013c480177f50071', '201301171815MF000000000015000003', '201301171815MF000000000015000003', 'moaajpqemqz8/pqOmo6ajpqOmo6aj', 0, '2013-02-12 20:20:00', '2013-03-09 17:20:00', null);
insert into FC_IMAGE_YEKETAVIRP (ID, IMAGE_NAME, IMAGE_PATH, YEKETAVIRP, IMAGE_STATUS, CREATED_TIME, UPDATED_TIME, IMG_URL) values ('2c909f513c47f5b3013c4803a4e70080', '201301171817MF000000000016000001', '201301171817MF000000000016000001', 'moaajpqemqz8/pqOmo6ajpqOmo6aj', 0, '2013-02-13 20:20:00', '2013-03-10 17:20:00', null);
insert into FC_IMAGE_YEKETAVIRP (ID, IMAGE_NAME, IMAGE_PATH, YEKETAVIRP, IMAGE_STATUS, CREATED_TIME, UPDATED_TIME, IMG_URL) values ('2c909f513c47f5b3013c4803a4e70081', '201301171817MF000000000016000003', '201301171817MF000000000016000003', 'moaajpqemqz8/pqOmo6ajpqOmo6aj', 0, '2013-02-14 20:20:00', '2013-03-10 20:20:00', null);
insert into FC_IMAGE_YEKETAVIRP (ID, IMAGE_NAME, IMAGE_PATH, YEKETAVIRP, IMAGE_STATUS, CREATED_TIME, UPDATED_TIME, IMG_URL) values ('2c909f513c47f5b3013c4803a4e70082', '201301171817MF000000000016000005', '201301171817MF000000000016000005', 'kpqKmq6aiPz8/pqOmo6ajpqOmo6aj', 0, '2013-02-15 20:20:00', '2013-03-11 20:20:00', null);
insert into FC_IMAGE_YEKETAVIRP (ID, IMAGE_NAME, IMAGE_PATH, YEKETAVIRP, IMAGE_STATUS, CREATED_TIME, UPDATED_TIME, IMG_URL) values ('2c909f513c47f5b3013c4803a4e70083', '201301171817MF000000000016000006', '201301171817MF000000000016000006', 'kpqKmq6aiPz8/pqOmo6ajpqOmo6aj', 0, '2013-02-16 20:20:00', '2013-03-12 20:20:00', null);
insert into FC_IMAGE_YEKETAVIRP (ID, IMAGE_NAME, IMAGE_PATH, YEKETAVIRP, IMAGE_STATUS, CREATED_TIME, UPDATED_TIME, IMG_URL) values ('2c909f513c47f5b3013c4803a4e70084', '201301171817MF000000000016000007', '201301171817MF000000000016000007', 'moj+m0KanpqSm1KamptE/', 0, '2013-02-17 20:20:00', '2013-03-13 20:20:00', null);

truncate table FC_INNERC_BANK_INFO;
insert into FC_INNERC_BANK_INFO (BANK_ALIAS, BANK_NAME, INTER_BANK_BANLANCE, SAME_BANK_BANLANCE) values ('ABC', '农业银行', '1,2', '1,2');
insert into FC_INNERC_BANK_INFO (BANK_ALIAS, BANK_NAME, INTER_BANK_BANLANCE, SAME_BANK_BANLANCE) values ('CCB', '建设银行', '2,3', '2,3');
insert into FC_INNERC_BANK_INFO (BANK_ALIAS, BANK_NAME, INTER_BANK_BANLANCE, SAME_BANK_BANLANCE) values ('CMB', '招商银行', '1,2', '1,2');
insert into FC_INNERC_BANK_INFO (BANK_ALIAS, BANK_NAME, INTER_BANK_BANLANCE, SAME_BANK_BANLANCE) values ('CMBC', '民生银行', '1,2', '1,2');
insert into FC_INNERC_BANK_INFO (BANK_ALIAS, BANK_NAME, INTER_BANK_BANLANCE, SAME_BANK_BANLANCE) values ('ICBC', '中国工商银行', '1,2', '1,2');
insert into FC_INNERC_BANK_INFO (BANK_ALIAS, BANK_NAME, INTER_BANK_BANLANCE, SAME_BANK_BANLANCE) values ('TCCB', '天津银行', '1,2', '1,2');


truncate table FC_RISK_SORT_RULE;
insert into FC_RISK_SORT_RULE (RULE_ID, RULE_TYPE, RULE_VALUE, WORK_CENTER, RULE_DESC, RULE_FLAG, OPERATE_TIME, OPERATOR) values ('40288af949d123540149d12354bd1231', 0, '5.01', 'mnl', '比例分配', 1, '2014-12-03 00:00:00', 'admin');
insert into FC_RISK_SORT_RULE (RULE_ID, RULE_TYPE, RULE_VALUE, WORK_CENTER, RULE_DESC, RULE_FLAG, OPERATE_TIME, OPERATOR) values ('40288af949d123540149d12354bd1232', 0, '0.50', 'tw', '比例分配', 1, '2014-12-03 00:00:00', 'admin');
insert into FC_RISK_SORT_RULE (RULE_ID, RULE_TYPE, RULE_VALUE, WORK_CENTER, RULE_DESC, RULE_FLAG, OPERATE_TIME, OPERATOR) values ('40288af949d123540149d12354bd1233', 1, '[02,300]', 'mnl', '金额分配', 0, '2014-12-03 00:00:00', 'admin');
insert into FC_RISK_SORT_RULE (RULE_ID, RULE_TYPE, RULE_VALUE, WORK_CENTER, RULE_DESC, RULE_FLAG, OPERATE_TIME, OPERATOR) values ('40288af949d123540149d12354bd1234', 1, '[300,1000]', 'tw', '金额分配', 0, '2014-12-03 00:00:00', 'admin');
